y,xB,t,Q,phi,f,delta f,pol
0.6221618837089467,0.367,-0.197,1.91049731745428,0.1308996938995747,0.02745,0.00092,UU
0.6221618837089467,0.367,-0.197,1.91049731745428,0.3926990816987241,0.02291,0.00084,UU
0.6221618837089467,0.367,-0.197,1.91049731745428,0.6544984694978736,0.02277,0.00084,UU
0.6221618837089467,0.367,-0.197,1.91049731745428,0.9162978572970232,0.02077,0.00081,UU
0.6221618837089467,0.367,-0.197,1.91049731745428,1.1780972450961724,0.02182,0.00079,UU
0.6221618837089467,0.367,-0.197,1.91049731745428,1.439896632895322,0.01831,0.00074,UU
0.6221618837089467,0.367,-0.197,1.91049731745428,1.7016960206944716,0.01753,0.00072,UU
0.6221618837089467,0.367,-0.197,1.91049731745428,1.9634954084936207,0.01642,0.00068,UU
0.6221618837089467,0.367,-0.197,1.91049731745428,2.2252947962927703,0.01565,0.00065,UU
0.6221618837089467,0.367,-0.197,1.91049731745428,2.48709418409192,0.01412,0.00062,UU
0.6221618837089467,0.367,-0.197,1.91049731745428,2.748893571891069,0.01291,0.0006,UU
0.6221618837089467,0.367,-0.197,1.91049731745428,3.0106929596902186,0.01295,0.0006,UU
0.6221618837089467,0.367,-0.197,1.91049731745428,3.272492347489368,0.01221,0.0006,UU
0.6221618837089467,0.367,-0.197,1.91049731745428,3.5342917352885173,0.01352,0.00063,UU
0.6221618837089467,0.367,-0.197,1.91049731745428,3.7960911230876673,0.01328,0.00062,UU
0.6221618837089467,0.367,-0.197,1.91049731745428,4.057890510886816,0.01609,0.00068,UU
0.6221618837089467,0.367,-0.197,1.91049731745428,4.319689898685965,0.01518,0.00067,UU
0.6221618837089467,0.367,-0.197,1.91049731745428,4.581489286485115,0.01853,0.00073,UU
0.6221618837089467,0.367,-0.197,1.91049731745428,4.843288674284264,0.02088,0.00078,UU
0.6221618837089467,0.367,-0.197,1.91049731745428,5.105088062083414,0.02143,0.00079,UU
0.6221618837089467,0.367,-0.197,1.91049731745428,5.366887449882563,0.0225,0.00082,UU
0.6221618837089467,0.367,-0.197,1.91049731745428,5.6286868376817125,0.02521,0.00087,UU
0.6221618837089467,0.367,-0.197,1.91049731745428,5.890486225480862,0.0237,0.00086,UU
0.6221618837089467,0.367,-0.197,1.91049731745428,6.152285613280012,0.0257,0.0009,UU
0.6226732496407622,0.367,-0.258,1.91128229207514,0.1308996938995747,0.02351,0.00102,UU
0.6226732496407622,0.367,-0.258,1.91128229207514,0.3926990816987241,0.02188,0.00096,UU
0.6226732496407622,0.367,-0.258,1.91128229207514,0.6544984694978736,0.01989,0.00084,UU
0.6226732496407622,0.367,-0.258,1.91128229207514,0.9162978572970232,0.01905,0.00078,UU
0.6226732496407622,0.367,-0.258,1.91128229207514,1.1780972450961724,0.01792,0.00074,UU
0.6226732496407622,0.367,-0.258,1.91128229207514,1.439896632895322,0.01338,0.00065,UU
0.6226732496407622,0.367,-0.258,1.91128229207514,1.7016960206944716,0.01181,0.00061,UU
0.6226732496407622,0.367,-0.258,1.91128229207514,1.9634954084936207,0.01052,0.00055,UU
0.6226732496407622,0.367,-0.258,1.91128229207514,2.2252947962927703,0.01087,0.00056,UU
0.6226732496407622,0.367,-0.258,1.91128229207514,2.48709418409192,0.00984,0.00052,UU
0.6226732496407622,0.367,-0.258,1.91128229207514,2.748893571891069,0.00812,0.00049,UU
0.6226732496407622,0.367,-0.258,1.91128229207514,3.0106929596902186,0.00882,0.0005,UU
0.6226732496407622,0.367,-0.258,1.91128229207514,3.272492347489368,0.00874,0.00049,UU
0.6226732496407622,0.367,-0.258,1.91128229207514,3.5342917352885173,0.00999,0.00054,UU
0.6226732496407622,0.367,-0.258,1.91128229207514,3.7960911230876673,0.01052,0.00056,UU
0.6226732496407622,0.367,-0.258,1.91128229207514,4.057890510886816,0.0097,0.00056,UU
0.6226732496407622,0.367,-0.258,1.91128229207514,4.319689898685965,0.01104,0.00058,UU
0.6226732496407622,0.367,-0.258,1.91128229207514,4.581489286485115,0.01297,0.00062,UU
0.6226732496407622,0.367,-0.258,1.91128229207514,4.843288674284264,0.01426,0.00066,UU
0.6226732496407622,0.367,-0.258,1.91128229207514,5.105088062083414,0.01711,0.00072,UU
0.6226732496407622,0.367,-0.258,1.91128229207514,5.366887449882563,0.01966,0.00078,UU
0.6226732496407622,0.367,-0.258,1.91128229207514,5.6286868376817125,0.02217,0.00085,UU
0.6226732496407622,0.367,-0.258,1.91128229207514,5.890486225480862,0.02531,0.00097,UU
0.6226732496407622,0.367,-0.258,1.91128229207514,6.152285613280012,0.02354,0.001,UU
0.6220108298158087,0.369,-0.32,1.9154633904097464,0.1308996938995747,0.02152,0.00152,UU
0.6220108298158087,0.369,-0.32,1.9154633904097464,0.3926990816987241,0.01662,0.00119,UU
0.6220108298158087,0.369,-0.32,1.9154633904097464,0.6544984694978736,0.01676,0.00094,UU
0.6220108298158087,0.369,-0.32,1.9154633904097464,0.9162978572970232,0.01518,0.00077,UU
0.6220108298158087,0.369,-0.32,1.9154633904097464,1.1780972450961724,0.0124,0.00067,UU
0.6220108298158087,0.369,-0.32,1.9154633904097464,1.439896632895322,0.01033,0.00059,UU
0.6220108298158087,0.369,-0.32,1.9154633904097464,1.7016960206944716,0.00883,0.00054,UU
0.6220108298158087,0.369,-0.32,1.9154633904097464,1.9634954084936207,0.00848,0.00052,UU
0.6220108298158087,0.369,-0.32,1.9154633904097464,2.2252947962927703,0.00774,0.00048,UU
0.6220108298158087,0.369,-0.32,1.9154633904097464,2.48709418409192,0.00669,0.00045,UU
0.6220108298158087,0.369,-0.32,1.9154633904097464,2.748893571891069,0.00706,0.00045,UU
0.6220108298158087,0.369,-0.32,1.9154633904097464,3.0106929596902186,0.00607,0.00045,UU
0.6220108298158087,0.369,-0.32,1.9154633904097464,3.272492347489368,0.00688,0.00046,UU
0.6220108298158087,0.369,-0.32,1.9154633904097464,3.5342917352885173,0.00709,0.00047,UU
0.6220108298158087,0.369,-0.32,1.9154633904097464,3.7960911230876673,0.00711,0.00048,UU
0.6220108298158087,0.369,-0.32,1.9154633904097464,4.057890510886816,0.00791,0.0005,UU
0.6220108298158087,0.369,-0.32,1.9154633904097464,4.319689898685965,0.00943,0.00054,UU
0.6220108298158087,0.369,-0.32,1.9154633904097464,4.581489286485115,0.00964,0.00057,UU
0.6220108298158087,0.369,-0.32,1.9154633904097464,4.843288674284264,0.01201,0.00062,UU
0.6220108298158087,0.369,-0.32,1.9154633904097464,5.105088062083414,0.01434,0.00069,UU
0.6220108298158087,0.369,-0.32,1.9154633904097464,5.366887449882563,0.0167,0.00075,UU
0.6220108298158087,0.369,-0.32,1.9154633904097464,5.6286868376817125,0.01846,0.00091,UU
0.6220108298158087,0.369,-0.32,1.9154633904097464,5.890486225480862,0.02024,0.00123,UU
0.6220108298158087,0.369,-0.32,1.9154633904097464,6.152285613280012,0.02407,0.00156,UU
0.621851378629628,0.37,-0.381,1.9178112524437847,0.1308996938995747,0.02249,0.00293,UU
0.621851378629628,0.37,-0.381,1.9178112524437847,0.3926990816987241,0.01557,0.00191,UU
0.621851378629628,0.37,-0.381,1.9178112524437847,0.6544984694978736,0.01178,0.00112,UU
0.621851378629628,0.37,-0.381,1.9178112524437847,0.9162978572970232,0.01153,0.00079,UU
0.621851378629628,0.37,-0.381,1.9178112524437847,1.1780972450961724,0.01058,0.00067,UU
0.621851378629628,0.37,-0.381,1.9178112524437847,1.439896632895322,0.00792,0.00055,UU
0.621851378629628,0.37,-0.381,1.9178112524437847,1.7016960206944716,0.00719,0.00051,UU
0.621851378629628,0.37,-0.381,1.9178112524437847,1.9634954084936207,0.006,0.00045,UU
0.621851378629628,0.37,-0.381,1.9178112524437847,2.2252947962927703,0.00568,0.00042,UU
0.621851378629628,0.37,-0.381,1.9178112524437847,2.48709418409192,0.00482,0.00039,UU
0.621851378629628,0.37,-0.381,1.9178112524437847,2.748893571891069,0.00522,0.00041,UU
0.621851378629628,0.37,-0.381,1.9178112524437847,3.0106929596902186,0.00543,0.00043,UU
0.621851378629628,0.37,-0.381,1.9178112524437847,3.272492347489368,0.00522,0.00042,UU
0.621851378629628,0.37,-0.381,1.9178112524437847,3.5342917352885173,0.0054,0.00042,UU
0.621851378629628,0.37,-0.381,1.9178112524437847,3.7960911230876673,0.00624,0.00046,UU
0.621851378629628,0.37,-0.381,1.9178112524437847,4.057890510886816,0.00577,0.00044,UU
0.621851378629628,0.37,-0.381,1.9178112524437847,4.319689898685965,0.00606,0.00048,UU
0.621851378629628,0.37,-0.381,1.9178112524437847,4.581489286485115,0.00823,0.00053,UU
0.621851378629628,0.37,-0.381,1.9178112524437847,4.843288674284264,0.00793,0.00055,UU
0.621851378629628,0.37,-0.381,1.9178112524437847,5.105088062083414,0.01138,0.00067,UU
0.621851378629628,0.37,-0.381,1.9178112524437847,5.366887449882563,0.01269,0.00076,UU
0.621851378629628,0.37,-0.381,1.9178112524437847,5.6286868376817125,0.01336,0.0011,UU
0.621851378629628,0.37,-0.381,1.9178112524437847,5.890486225480862,0.02103,0.002,UU
0.621851378629628,0.37,-0.381,1.9178112524437847,6.152285613280012,0.02372,0.00305,UU
0.6220204518701472,0.37,-0.469,1.9180719485983837,0.1308996938995747,0.02255,0.00759,UU
0.6220204518701472,0.37,-0.469,1.9180719485983837,0.3926990816987241,0.01037,0.00298,UU
0.6220204518701472,0.37,-0.469,1.9180719485983837,0.6544984694978736,0.00918,0.00131,UU
0.6220204518701472,0.37,-0.469,1.9180719485983837,0.9162978572970232,0.0092,0.00072,UU
0.6220204518701472,0.37,-0.469,1.9180719485983837,1.1780972450961724,0.00797,0.00053,UU
0.6220204518701472,0.37,-0.469,1.9180719485983837,1.439896632895322,0.00643,0.00044,UU
0.6220204518701472,0.37,-0.469,1.9180719485983837,1.7016960206944716,0.00535,0.00038,UU
0.6220204518701472,0.37,-0.469,1.9180719485983837,1.9634954084936207,0.00473,0.00033,UU
0.6220204518701472,0.37,-0.469,1.9180719485983837,2.2252947962927703,0.00404,0.00027,UU
0.6220204518701472,0.37,-0.469,1.9180719485983837,2.48709418409192,0.00427,0.00028,UU
0.6220204518701472,0.37,-0.469,1.9180719485983837,2.748893571891069,0.00397,0.00029,UU
0.6220204518701472,0.37,-0.469,1.9180719485983837,3.0106929596902186,0.00379,0.00028,UU
0.6220204518701472,0.37,-0.469,1.9180719485983837,3.272492347489368,0.00432,0.0003,UU
0.6220204518701472,0.37,-0.469,1.9180719485983837,3.5342917352885173,0.00444,0.00029,UU
0.6220204518701472,0.37,-0.469,1.9180719485983837,3.7960911230876673,0.00437,0.00029,UU
0.6220204518701472,0.37,-0.469,1.9180719485983837,4.057890510886816,0.00451,0.00029,UU
0.6220204518701472,0.37,-0.469,1.9180719485983837,4.319689898685965,0.00515,0.00033,UU
0.6220204518701472,0.37,-0.469,1.9180719485983837,4.581489286485115,0.00619,0.00038,UU
0.6220204518701472,0.37,-0.469,1.9180719485983837,4.843288674284264,0.00623,0.0004,UU
0.6220204518701472,0.37,-0.469,1.9180719485983837,5.105088062083414,0.00841,0.00051,UU
0.6220204518701472,0.37,-0.469,1.9180719485983837,5.366887449882563,0.00946,0.00067,UU
0.6220204518701472,0.37,-0.469,1.9180719485983837,5.6286868376817125,0.01176,0.00124,UU
0.6220204518701472,0.37,-0.469,1.9180719485983837,5.890486225480862,0.01031,0.00291,UU
0.6220204518701472,0.37,-0.469,1.9180719485983837,6.152285613280012,0.01412,0.00754,UU
0.6181497998375025,0.369,-0.198,2.1288494545176277,0.1308996938995747,0.01394,0.00058,UU
0.6181497998375025,0.369,-0.198,2.1288494545176277,0.3926990816987241,0.01292,0.00056,UU
0.6181497998375025,0.369,-0.198,2.1288494545176277,0.6544984694978736,0.01305,0.00056,UU
0.6181497998375025,0.369,-0.198,2.1288494545176277,0.9162978572970232,0.01216,0.00054,UU
0.6181497998375025,0.369,-0.198,2.1288494545176277,1.1780972450961724,0.01147,0.00052,UU
0.6181497998375025,0.369,-0.198,2.1288494545176277,1.439896632895322,0.01128,0.00051,UU
0.6181497998375025,0.369,-0.198,2.1288494545176277,1.7016960206944716,0.00875,0.00046,UU
0.6181497998375025,0.369,-0.198,2.1288494545176277,1.9634954084936207,0.00914,0.00046,UU
0.6181497998375025,0.369,-0.198,2.1288494545176277,2.2252947962927703,0.00904,0.00045,UU
0.6181497998375025,0.369,-0.198,2.1288494545176277,2.48709418409192,0.00838,0.00044,UU
0.6181497998375025,0.369,-0.198,2.1288494545176277,2.748893571891069,0.00828,0.00044,UU
0.6181497998375025,0.369,-0.198,2.1288494545176277,3.0106929596902186,0.00798,0.00043,UU
0.6181497998375025,0.369,-0.198,2.1288494545176277,3.272492347489368,0.00774,0.00043,UU
0.6181497998375025,0.369,-0.198,2.1288494545176277,3.5342917352885173,0.00841,0.00045,UU
0.6181497998375025,0.369,-0.198,2.1288494545176277,3.7960911230876673,0.00853,0.00045,UU
0.6181497998375025,0.369,-0.198,2.1288494545176277,4.057890510886816,0.00991,0.00049,UU
0.6181497998375025,0.369,-0.198,2.1288494545176277,4.319689898685965,0.00969,0.00049,UU
0.6181497998375025,0.369,-0.198,2.1288494545176277,4.581489286485115,0.01021,0.00049,UU
0.6181497998375025,0.369,-0.198,2.1288494545176277,4.843288674284264,0.01093,0.00051,UU
0.6181497998375025,0.369,-0.198,2.1288494545176277,5.105088062083414,0.01223,0.00054,UU
0.6181497998375025,0.369,-0.198,2.1288494545176277,5.366887449882563,0.01236,0.00054,UU
0.6181497998375025,0.369,-0.198,2.1288494545176277,5.6286868376817125,0.01382,0.00057,UU
0.6181497998375025,0.369,-0.198,2.1288494545176277,5.890486225480862,0.01543,0.00061,UU
0.6181497998375025,0.369,-0.198,2.1288494545176277,6.152285613280012,0.01376,0.00058,UU
0.6189276296111585,0.37,-0.26,2.1330729007701543,0.1308996938995747,0.01389,0.00073,UU
0.6189276296111585,0.37,-0.26,2.1330729007701543,0.3926990816987241,0.01177,0.00065,UU
0.6189276296111585,0.37,-0.26,2.1330729007701543,0.6544984694978736,0.00954,0.00054,UU
0.6189276296111585,0.37,-0.26,2.1330729007701543,0.9162978572970232,0.00879,0.00048,UU
0.6189276296111585,0.37,-0.26,2.1330729007701543,1.1780972450961724,0.00877,0.00047,UU
0.6189276296111585,0.37,-0.26,2.1330729007701543,1.439896632895322,0.00784,0.00044,UU
0.6189276296111585,0.37,-0.26,2.1330729007701543,1.7016960206944716,0.0074,0.00043,UU
0.6189276296111585,0.37,-0.26,2.1330729007701543,1.9634954084936207,0.00655,0.0004,UU
0.6189276296111585,0.37,-0.26,2.1330729007701543,2.2252947962927703,0.00683,0.0004,UU
0.6189276296111585,0.37,-0.26,2.1330729007701543,2.48709418409192,0.00609,0.00037,UU
0.6189276296111585,0.37,-0.26,2.1330729007701543,2.748893571891069,0.00604,0.00037,UU
0.6189276296111585,0.37,-0.26,2.1330729007701543,3.0106929596902186,0.0053,0.00034,UU
0.6189276296111585,0.37,-0.26,2.1330729007701543,3.272492347489368,0.00595,0.00037,UU
0.6189276296111585,0.37,-0.26,2.1330729007701543,3.5342917352885173,0.00508,0.00035,UU
0.6189276296111585,0.37,-0.26,2.1330729007701543,3.7960911230876673,0.00708,0.00041,UU
0.6189276296111585,0.37,-0.26,2.1330729007701543,4.057890510886816,0.00615,0.0004,UU
0.6189276296111585,0.37,-0.26,2.1330729007701543,4.319689898685965,0.00624,0.0004,UU
0.6189276296111585,0.37,-0.26,2.1330729007701543,4.581489286485115,0.00709,0.00042,UU
0.6189276296111585,0.37,-0.26,2.1330729007701543,4.843288674284264,0.00813,0.00045,UU
0.6189276296111585,0.37,-0.26,2.1330729007701543,5.105088062083414,0.01028,0.00049,UU
0.6189276296111585,0.37,-0.26,2.1330729007701543,5.366887449882563,0.01114,0.00052,UU
0.6189276296111585,0.37,-0.26,2.1330729007701543,5.6286868376817125,0.01281,0.0006,UU
0.6189276296111585,0.37,-0.26,2.1330729007701543,5.890486225480862,0.01276,0.00064,UU
0.6189276296111585,0.37,-0.26,2.1330729007701543,6.152285613280012,0.01299,0.0007,UU
0.6188471829146476,0.372,-0.321,2.1386911885543456,0.1308996938995747,0.0105,0.00103,UU
0.6188471829146476,0.372,-0.321,2.1386911885543456,0.3926990816987241,0.00951,0.00082,UU
0.6188471829146476,0.372,-0.321,2.1386911885543456,0.6544984694978736,0.00808,0.00062,UU
0.6188471829146476,0.372,-0.321,2.1386911885543456,0.9162978572970232,0.00748,0.00051,UU
0.6188471829146476,0.372,-0.321,2.1386911885543456,1.1780972450961724,0.00708,0.00045,UU
0.6188471829146476,0.372,-0.321,2.1386911885543456,1.439896632895322,0.00618,0.00041,UU
0.6188471829146476,0.372,-0.321,2.1386911885543456,1.7016960206944716,0.00507,0.00037,UU
0.6188471829146476,0.372,-0.321,2.1386911885543456,1.9634954084936207,0.0045,0.00033,UU
0.6188471829146476,0.372,-0.321,2.1386911885543456,2.2252947962927703,0.00465,0.00032,UU
0.6188471829146476,0.372,-0.321,2.1386911885543456,2.48709418409192,0.00449,0.00031,UU
0.6188471829146476,0.372,-0.321,2.1386911885543456,2.748893571891069,0.00362,0.00029,UU
0.6188471829146476,0.372,-0.321,2.1386911885543456,3.0106929596902186,0.00386,0.00029,UU
0.6188471829146476,0.372,-0.321,2.1386911885543456,3.272492347489368,0.00342,0.00027,UU
0.6188471829146476,0.372,-0.321,2.1386911885543456,3.5342917352885173,0.00392,0.00031,UU
0.6188471829146476,0.372,-0.321,2.1386911885543456,3.7960911230876673,0.00443,0.00033,UU
0.6188471829146476,0.372,-0.321,2.1386911885543456,4.057890510886816,0.00498,0.00034,UU
0.6188471829146476,0.372,-0.321,2.1386911885543456,4.319689898685965,0.00578,0.00038,UU
0.6188471829146476,0.372,-0.321,2.1386911885543456,4.581489286485115,0.00575,0.00038,UU
0.6188471829146476,0.372,-0.321,2.1386911885543456,4.843288674284264,0.00626,0.0004,UU
0.6188471829146476,0.372,-0.321,2.1386911885543456,5.105088062083414,0.00765,0.00046,UU
0.6188471829146476,0.372,-0.321,2.1386911885543456,5.366887449882563,0.00948,0.00052,UU
0.6188471829146476,0.372,-0.321,2.1386911885543456,5.6286868376817125,0.00947,0.00064,UU
0.6188471829146476,0.372,-0.321,2.1386911885543456,5.890486225480862,0.01134,0.00084,UU
0.6188471829146476,0.372,-0.321,2.1386911885543456,6.152285613280012,0.01109,0.00101,UU
0.6186723490874996,0.373,-0.383,2.1412613105363856,0.1308996938995747,0.00937,0.00159,UU
0.6186723490874996,0.373,-0.383,2.1412613105363856,0.3926990816987241,0.00844,0.00122,UU
0.6186723490874996,0.373,-0.383,2.1412613105363856,0.6544984694978736,0.00698,0.00079,UU
0.6186723490874996,0.373,-0.383,2.1412613105363856,0.9162978572970232,0.00701,0.00058,UU
0.6186723490874996,0.373,-0.383,2.1412613105363856,1.1780972450961724,0.00536,0.00047,UU
0.6186723490874996,0.373,-0.383,2.1412613105363856,1.439896632895322,0.00555,0.00044,UU
0.6186723490874996,0.373,-0.383,2.1412613105363856,1.7016960206944716,0.00438,0.00037,UU
0.6186723490874996,0.373,-0.383,2.1412613105363856,1.9634954084936207,0.0039,0.00034,UU
0.6186723490874996,0.373,-0.383,2.1412613105363856,2.2252947962927703,0.00341,0.0003,UU
0.6186723490874996,0.373,-0.383,2.1412613105363856,2.48709418409192,0.0034,0.00029,UU
0.6186723490874996,0.373,-0.383,2.1412613105363856,2.748893571891069,0.00302,0.00027,UU
0.6186723490874996,0.373,-0.383,2.1412613105363856,3.0106929596902186,0.00296,0.00027,UU
0.6186723490874996,0.373,-0.383,2.1412613105363856,3.272492347489368,0.00335,0.00029,UU
0.6186723490874996,0.373,-0.383,2.1412613105363856,3.5342917352885173,0.00285,0.00027,UU
0.6186723490874996,0.373,-0.383,2.1412613105363856,3.7960911230876673,0.00294,0.00029,UU
0.6186723490874996,0.373,-0.383,2.1412613105363856,4.057890510886816,0.0036,0.00032,UU
0.6186723490874996,0.373,-0.383,2.1412613105363856,4.319689898685965,0.00418,0.00035,UU
0.6186723490874996,0.373,-0.383,2.1412613105363856,4.581489286485115,0.00472,0.00038,UU
0.6186723490874996,0.373,-0.383,2.1412613105363856,4.843288674284264,0.0056,0.00043,UU
0.6186723490874996,0.373,-0.383,2.1412613105363856,5.105088062083414,0.00675,0.00049,UU
0.6186723490874996,0.373,-0.383,2.1412613105363856,5.366887449882563,0.00784,0.00058,UU
0.6186723490874996,0.373,-0.383,2.1412613105363856,5.6286868376817125,0.00897,0.00081,UU
0.6186723490874996,0.373,-0.383,2.1412613105363856,5.890486225480862,0.00939,0.00121,UU
0.6186723490874996,0.373,-0.383,2.1412613105363856,6.152285613280012,0.01118,0.0017,UU
0.6197012662323956,0.371,-0.47,2.1372880011828075,0.1308996938995747,0.01178,0.00354,UU
0.6197012662323956,0.371,-0.47,2.1372880011828075,0.3926990816987241,0.0059,0.00174,UU
0.6197012662323956,0.371,-0.47,2.1372880011828075,0.6544984694978736,0.0056,0.00091,UU
0.6197012662323956,0.371,-0.47,2.1372880011828075,0.9162978572970232,0.00485,0.00054,UU
0.6197012662323956,0.371,-0.47,2.1372880011828075,1.1780972450961724,0.00416,0.00039,UU
0.6197012662323956,0.371,-0.47,2.1372880011828075,1.439896632895322,0.00339,0.00031,UU
0.6197012662323956,0.371,-0.47,2.1372880011828075,1.7016960206944716,0.00294,0.00028,UU
0.6197012662323956,0.371,-0.47,2.1372880011828075,1.9634954084936207,0.00287,0.00024,UU
0.6197012662323956,0.371,-0.47,2.1372880011828075,2.2252947962927703,0.00234,0.0002,UU
0.6197012662323956,0.371,-0.47,2.1372880011828075,2.48709418409192,0.00267,0.0002,UU
0.6197012662323956,0.371,-0.47,2.1372880011828075,2.748893571891069,0.00215,0.00019,UU
0.6197012662323956,0.371,-0.47,2.1372880011828075,3.0106929596902186,0.00249,0.00021,UU
0.6197012662323956,0.371,-0.47,2.1372880011828075,3.272492347489368,0.0024,0.0002,UU
0.6197012662323956,0.371,-0.47,2.1372880011828075,3.5342917352885173,0.00211,0.00019,UU
0.6197012662323956,0.371,-0.47,2.1372880011828075,3.7960911230876673,0.00248,0.0002,UU
0.6197012662323956,0.371,-0.47,2.1372880011828075,4.057890510886816,0.0026,0.00021,UU
0.6197012662323956,0.371,-0.47,2.1372880011828075,4.319689898685965,0.00318,0.00025,UU
0.6197012662323956,0.371,-0.47,2.1372880011828075,4.581489286485115,0.00348,0.00028,UU
0.6197012662323956,0.371,-0.47,2.1372880011828075,4.843288674284264,0.00373,0.00032,UU
0.6197012662323956,0.371,-0.47,2.1372880011828075,5.105088062083414,0.00483,0.00039,UU
0.6197012662323956,0.371,-0.47,2.1372880011828075,5.366887449882563,0.00534,0.00051,UU
0.6197012662323956,0.371,-0.47,2.1372880011828075,5.6286868376817125,0.00701,0.00087,UU
0.6197012662323956,0.371,-0.47,2.1372880011828075,5.890486225480862,0.01096,0.00191,UU
0.6197012662323956,0.371,-0.47,2.1372880011828075,6.152285613280012,0.01276,0.00321,UU
0.6660148747460244,0.483,-0.439,2.3106276203663803,0.1308996938995747,0.00447,0.00037,UU
0.6660148747460244,0.483,-0.439,2.3106276203663803,0.3926990816987241,0.00394,0.00033,UU
0.6660148747460244,0.483,-0.439,2.3106276203663803,0.6544984694978736,0.00354,0.00029,UU
0.6660148747460244,0.483,-0.439,2.3106276203663803,0.9162978572970232,0.003,0.00024,UU
0.6660148747460244,0.483,-0.439,2.3106276203663803,1.1780972450961724,0.00276,0.00023,UU
0.6660148747460244,0.483,-0.439,2.3106276203663803,1.439896632895322,0.00248,0.00023,UU
0.6660148747460244,0.483,-0.439,2.3106276203663803,1.7016960206944716,0.00236,0.00021,UU
0.6660148747460244,0.483,-0.439,2.3106276203663803,1.9634954084936207,0.00196,0.00019,UU
0.6660148747460244,0.483,-0.439,2.3106276203663803,2.2252947962927703,0.00186,0.00018,UU
0.6660148747460244,0.483,-0.439,2.3106276203663803,2.48709418409192,0.00197,0.00019,UU
0.6660148747460244,0.483,-0.439,2.3106276203663803,2.748893571891069,0.00181,0.00018,UU
0.6660148747460244,0.483,-0.439,2.3106276203663803,3.0106929596902186,0.00218,0.0002,UU
0.6660148747460244,0.483,-0.439,2.3106276203663803,3.272492347489368,0.00205,0.00019,UU
0.6660148747460244,0.483,-0.439,2.3106276203663803,3.5342917352885173,0.00221,0.0002,UU
0.6660148747460244,0.483,-0.439,2.3106276203663803,3.7960911230876673,0.00186,0.00019,UU
0.6660148747460244,0.483,-0.439,2.3106276203663803,4.057890510886816,0.00231,0.00022,UU
0.6660148747460244,0.483,-0.439,2.3106276203663803,4.319689898685965,0.00261,0.00022,UU
0.6660148747460244,0.483,-0.439,2.3106276203663803,4.581489286485115,0.00257,0.00022,UU
0.6660148747460244,0.483,-0.439,2.3106276203663803,4.843288674284264,0.00263,0.00024,UU
0.6660148747460244,0.483,-0.439,2.3106276203663803,5.105088062083414,0.00329,0.00025,UU
0.6660148747460244,0.483,-0.439,2.3106276203663803,5.366887449882563,0.00342,0.00027,UU
0.6660148747460244,0.483,-0.439,2.3106276203663803,5.6286868376817125,0.00375,0.00029,UU
0.6660148747460244,0.483,-0.439,2.3106276203663803,5.890486225480862,0.004,0.00033,UU
0.6660148747460244,0.483,-0.439,2.3106276203663803,6.152285613280012,0.00413,0.00036,UU
0.6658772691640727,0.485,-0.498,2.3151673805580453,0.1308996938995747,0.00376,0.00057,UU
0.6658772691640727,0.485,-0.498,2.3151673805580453,0.3926990816987241,0.0029,0.00044,UU
0.6658772691640727,0.485,-0.498,2.3151673805580453,0.6544984694978736,0.00303,0.00032,UU
0.6658772691640727,0.485,-0.498,2.3151673805580453,0.9162978572970232,0.00264,0.00025,UU
0.6658772691640727,0.485,-0.498,2.3151673805580453,1.1780972450961724,0.00243,0.00023,UU
0.6658772691640727,0.485,-0.498,2.3151673805580453,1.439896632895322,0.00186,0.0002,UU
0.6658772691640727,0.485,-0.498,2.3151673805580453,1.7016960206944716,0.00215,0.00021,UU
0.6658772691640727,0.485,-0.498,2.3151673805580453,1.9634954084936207,0.00189,0.00019,UU
0.6658772691640727,0.485,-0.498,2.3151673805580453,2.2252947962927703,0.00142,0.00017,UU
0.6658772691640727,0.485,-0.498,2.3151673805580453,2.48709418409192,0.00154,0.00017,UU
0.6658772691640727,0.485,-0.498,2.3151673805580453,2.748893571891069,0.00178,0.00018,UU
0.6658772691640727,0.485,-0.498,2.3151673805580453,3.0106929596902186,0.00164,0.00018,UU
0.6658772691640727,0.485,-0.498,2.3151673805580453,3.272492347489368,0.00175,0.00019,UU
0.6658772691640727,0.485,-0.498,2.3151673805580453,3.5342917352885173,0.0018,0.00019,UU
0.6658772691640727,0.485,-0.498,2.3151673805580453,3.7960911230876673,0.00151,0.00019,UU
0.6658772691640727,0.485,-0.498,2.3151673805580453,4.057890510886816,0.00187,0.00021,UU
0.6658772691640727,0.485,-0.498,2.3151673805580453,4.319689898685965,0.0018,0.0002,UU
0.6658772691640727,0.485,-0.498,2.3151673805580453,4.581489286485115,0.00237,0.00022,UU
0.6658772691640727,0.485,-0.498,2.3151673805580453,4.843288674284264,0.00251,0.00024,UU
0.6658772691640727,0.485,-0.498,2.3151673805580453,5.105088062083414,0.00292,0.00025,UU
0.6658772691640727,0.485,-0.498,2.3151673805580453,5.366887449882563,0.00296,0.00027,UU
0.6658772691640727,0.485,-0.498,2.3151673805580453,5.6286868376817125,0.00331,0.00036,UU
0.6658772691640727,0.485,-0.498,2.3151673805580453,5.890486225480862,0.00328,0.00044,UU
0.6658772691640727,0.485,-0.498,2.3151673805580453,6.152285613280012,0.00376,0.00058,UU
0.6658708786890832,0.486,-0.557,2.3175418011332614,0.1308996938995747,0.00335,0.00111,UU
0.6658708786890832,0.486,-0.557,2.3175418011332614,0.3926990816987241,0.00205,0.00062,UU
0.6658708786890832,0.486,-0.557,2.3175418011332614,0.6544984694978736,0.0027,0.00043,UU
0.6658708786890832,0.486,-0.557,2.3175418011332614,0.9162978572970232,0.00247,0.00029,UU
0.6658708786890832,0.486,-0.557,2.3175418011332614,1.1780972450961724,0.00203,0.00023,UU
0.6658708786890832,0.486,-0.557,2.3175418011332614,1.439896632895322,0.00182,0.0002,UU
0.6658708786890832,0.486,-0.557,2.3175418011332614,1.7016960206944716,0.00162,0.00019,UU
0.6658708786890832,0.486,-0.557,2.3175418011332614,1.9634954084936207,0.00139,0.00018,UU
0.6658708786890832,0.486,-0.557,2.3175418011332614,2.2252947962927703,0.00198,0.00019,UU
0.6658708786890832,0.486,-0.557,2.3175418011332614,2.48709418409192,0.00144,0.00017,UU
0.6658708786890832,0.486,-0.557,2.3175418011332614,2.748893571891069,0.00147,0.00017,UU
0.6658708786890832,0.486,-0.557,2.3175418011332614,3.0106929596902186,0.00161,0.00019,UU
0.6658708786890832,0.486,-0.557,2.3175418011332614,3.272492347489368,0.00133,0.00018,UU
0.6658708786890832,0.486,-0.557,2.3175418011332614,3.5342917352885173,0.00127,0.00018,UU
0.6658708786890832,0.486,-0.557,2.3175418011332614,3.7960911230876673,0.00151,0.00018,UU
0.6658708786890832,0.486,-0.557,2.3175418011332614,4.057890510886816,0.00161,0.00019,UU
0.6658708786890832,0.486,-0.557,2.3175418011332614,4.319689898685965,0.00149,0.00019,UU
0.6658708786890832,0.486,-0.557,2.3175418011332614,4.581489286485115,0.00179,0.0002,UU
0.6658708786890832,0.486,-0.557,2.3175418011332614,4.843288674284264,0.00174,0.00021,UU
0.6658708786890832,0.486,-0.557,2.3175418011332614,5.105088062083414,0.00247,0.00025,UU
0.6658708786890832,0.486,-0.557,2.3175418011332614,5.366887449882563,0.00257,0.0003,UU
0.6658708786890832,0.486,-0.557,2.3175418011332614,5.6286868376817125,0.00284,0.00046,UU
0.6658708786890832,0.486,-0.557,2.3175418011332614,5.890486225480862,0.00396,0.00081,UU
0.6658708786890832,0.486,-0.557,2.3175418011332614,6.152285613280012,0.00291,0.00116,UU
0.6668626804074805,0.486,-0.642,2.3192671256239543,0.1308996938995747,0.00365,0.00304,UU
0.6668626804074805,0.486,-0.642,2.3192671256239543,0.3926990816987241,0.00137,0.0011,UU
0.6668626804074805,0.486,-0.642,2.3192671256239543,0.6544984694978736,0.0012,0.00043,UU
0.6668626804074805,0.486,-0.642,2.3192671256239543,0.9162978572970232,0.00156,0.00026,UU
0.6668626804074805,0.486,-0.642,2.3192671256239543,1.1780972450961724,0.00148,0.00019,UU
0.6668626804074805,0.486,-0.642,2.3192671256239543,1.439896632895322,0.00162,0.00017,UU
0.6668626804074805,0.486,-0.642,2.3192671256239543,1.7016960206944716,0.00117,0.00015,UU
0.6668626804074805,0.486,-0.642,2.3192671256239543,1.9634954084936207,0.00113,0.00013,UU
0.6668626804074805,0.486,-0.642,2.3192671256239543,2.2252947962927703,0.00108,0.00011,UU
0.6668626804074805,0.486,-0.642,2.3192671256239543,2.48709418409192,0.00091,0.0001,UU
0.6668626804074805,0.486,-0.642,2.3192671256239543,2.748893571891069,0.00114,0.00012,UU
0.6668626804074805,0.486,-0.642,2.3192671256239543,3.0106929596902186,0.00108,0.00013,UU
0.6668626804074805,0.486,-0.642,2.3192671256239543,3.272492347489368,0.00106,0.00012,UU
0.6668626804074805,0.486,-0.642,2.3192671256239543,3.5342917352885173,0.00125,0.00012,UU
0.6668626804074805,0.486,-0.642,2.3192671256239543,3.7960911230876673,0.00086,0.00011,UU
0.6668626804074805,0.486,-0.642,2.3192671256239543,4.057890510886816,0.00116,0.00012,UU
0.6668626804074805,0.486,-0.642,2.3192671256239543,4.319689898685965,0.00146,0.00014,UU
0.6668626804074805,0.486,-0.642,2.3192671256239543,4.581489286485115,0.0015,0.00015,UU
0.6668626804074805,0.486,-0.642,2.3192671256239543,4.843288674284264,0.00184,0.00017,UU
0.6668626804074805,0.486,-0.642,2.3192671256239543,5.105088062083414,0.00231,0.00021,UU
0.6668626804074805,0.486,-0.642,2.3192671256239543,5.366887449882563,0.0021,0.00027,UU
0.6668626804074805,0.486,-0.642,2.3192671256239543,5.6286868376817125,0.00371,0.00058,UU
0.6668626804074805,0.486,-0.642,2.3192671256239543,5.890486225480862,0.00205,0.00133,UU
0.6668626804074805,0.486,-0.642,2.3192671256239543,6.152285613280012,0.0009,0.00172,UU
0.6907025562858568,0.498,-0.486,2.663268668384773,0.1308996938995747,0.00187,0.00019,UU
0.6907025562858568,0.498,-0.486,2.663268668384773,0.3926990816987241,0.00152,0.00015,UU
0.6907025562858568,0.498,-0.486,2.663268668384773,0.6544984694978736,0.00147,0.00012,UU
0.6907025562858568,0.498,-0.486,2.663268668384773,0.9162978572970232,0.00145,0.0001,UU
0.6907025562858568,0.498,-0.486,2.663268668384773,1.1780972450961724,0.0012,8e-05,UU
0.6907025562858568,0.498,-0.486,2.663268668384773,1.439896632895322,0.00116,7e-05,UU
0.6907025562858568,0.498,-0.486,2.663268668384773,1.7016960206944716,0.00098,7e-05,UU
0.6907025562858568,0.498,-0.486,2.663268668384773,1.9634954084936207,0.00102,7e-05,UU
0.6907025562858568,0.498,-0.486,2.663268668384773,2.2252947962927703,0.00091,7e-05,UU
0.6907025562858568,0.498,-0.486,2.663268668384773,2.48709418409192,0.00089,7e-05,UU
0.6907025562858568,0.498,-0.486,2.663268668384773,2.748893571891069,0.0008,6e-05,UU
0.6907025562858568,0.498,-0.486,2.663268668384773,3.0106929596902186,0.00083,6e-05,UU
0.6907025562858568,0.498,-0.486,2.663268668384773,3.272492347489368,0.0008,6e-05,UU
0.6907025562858568,0.498,-0.486,2.663268668384773,3.5342917352885173,0.00086,7e-05,UU
0.6907025562858568,0.498,-0.486,2.663268668384773,3.7960911230876673,0.00094,7e-05,UU
0.6907025562858568,0.498,-0.486,2.663268668384773,4.057890510886816,0.00088,7e-05,UU
0.6907025562858568,0.498,-0.486,2.663268668384773,4.319689898685965,0.00107,7e-05,UU
0.6907025562858568,0.498,-0.486,2.663268668384773,4.581489286485115,0.00103,7e-05,UU
0.6907025562858568,0.498,-0.486,2.663268668384773,4.843288674284264,0.00117,8e-05,UU
0.6907025562858568,0.498,-0.486,2.663268668384773,5.105088062083414,0.0012,8e-05,UU
0.6907025562858568,0.498,-0.486,2.663268668384773,5.366887449882563,0.00153,0.0001,UU
0.6907025562858568,0.498,-0.486,2.663268668384773,5.6286868376817125,0.00159,0.00012,UU
0.6907025562858568,0.498,-0.486,2.663268668384773,5.890486225480862,0.00204,0.00016,UU
0.6907025562858568,0.498,-0.486,2.663268668384773,6.152285613280012,0.00189,0.00019,UU
0.6914564068531783,0.499,-0.571,2.667395733669828,0.1308996938995747,0.00194,0.00039,UU
0.6914564068531783,0.499,-0.571,2.667395733669828,0.3926990816987241,0.00134,0.00027,UU
0.6914564068531783,0.499,-0.571,2.667395733669828,0.6544984694978736,0.00092,0.00016,UU
0.6914564068531783,0.499,-0.571,2.667395733669828,0.9162978572970232,0.00115,0.00011,UU
0.6914564068531783,0.499,-0.571,2.667395733669828,1.1780972450961724,0.00091,7e-05,UU
0.6914564068531783,0.499,-0.571,2.667395733669828,1.439896632895322,0.00086,7e-05,UU
0.6914564068531783,0.499,-0.571,2.667395733669828,1.7016960206944716,0.00073,6e-05,UU
0.6914564068531783,0.499,-0.571,2.667395733669828,1.9634954084936207,0.00063,6e-05,UU
0.6914564068531783,0.499,-0.571,2.667395733669828,2.2252947962927703,0.00058,5e-05,UU
0.6914564068531783,0.499,-0.571,2.667395733669828,2.48709418409192,0.00063,6e-05,UU
0.6914564068531783,0.499,-0.571,2.667395733669828,2.748893571891069,0.0006,6e-05,UU
0.6914564068531783,0.499,-0.571,2.667395733669828,3.0106929596902186,0.00061,5e-05,UU
0.6914564068531783,0.499,-0.571,2.667395733669828,3.272492347489368,0.0006,6e-05,UU
0.6914564068531783,0.499,-0.571,2.667395733669828,3.5342917352885173,0.00071,6e-05,UU
0.6914564068531783,0.499,-0.571,2.667395733669828,3.7960911230876673,0.0006,6e-05,UU
0.6914564068531783,0.499,-0.571,2.667395733669828,4.057890510886816,0.00073,6e-05,UU
0.6914564068531783,0.499,-0.571,2.667395733669828,4.319689898685965,0.00072,6e-05,UU
0.6914564068531783,0.499,-0.571,2.667395733669828,4.581489286485115,0.00082,7e-05,UU
0.6914564068531783,0.499,-0.571,2.667395733669828,4.843288674284264,0.0009,7e-05,UU
0.6914564068531783,0.499,-0.571,2.667395733669828,5.105088062083414,0.00088,8e-05,UU
0.6914564068531783,0.499,-0.571,2.667395733669828,5.366887449882563,0.00132,0.00011,UU
0.6914564068531783,0.499,-0.571,2.667395733669828,5.6286868376817125,0.00119,0.00016,UU
0.6914564068531783,0.499,-0.571,2.667395733669828,5.890486225480862,0.00113,0.00024,UU
0.6914564068531783,0.499,-0.571,2.667395733669828,6.152285613280012,0.0018,0.00039,UU
0.6905817606603915,0.499,-0.656,2.6657081610709,0.1308996938995747,0.0024,0.001,UU
0.6905817606603915,0.499,-0.656,2.6657081610709,0.3926990816987241,0.00147,0.00055,UU
0.6905817606603915,0.499,-0.656,2.6657081610709,0.6544984694978736,0.00093,0.00027,UU
0.6905817606603915,0.499,-0.656,2.6657081610709,0.9162978572970232,0.00074,0.00012,UU
0.6905817606603915,0.499,-0.656,2.6657081610709,1.1780972450961724,0.00074,7e-05,UU
0.6905817606603915,0.499,-0.656,2.6657081610709,1.439896632895322,0.0007,7e-05,UU
0.6905817606603915,0.499,-0.656,2.6657081610709,1.7016960206944716,0.00071,6e-05,UU
0.6905817606603915,0.499,-0.656,2.6657081610709,1.9634954084936207,0.00057,6e-05,UU
0.6905817606603915,0.499,-0.656,2.6657081610709,2.2252947962927703,0.00053,5e-05,UU
0.6905817606603915,0.499,-0.656,2.6657081610709,2.48709418409192,0.00043,5e-05,UU
0.6905817606603915,0.499,-0.656,2.6657081610709,2.748893571891069,0.00046,5e-05,UU
0.6905817606603915,0.499,-0.656,2.6657081610709,3.0106929596902186,0.00046,5e-05,UU
0.6905817606603915,0.499,-0.656,2.6657081610709,3.272492347489368,0.00046,5e-05,UU
0.6905817606603915,0.499,-0.656,2.6657081610709,3.5342917352885173,0.00046,6e-05,UU
0.6905817606603915,0.499,-0.656,2.6657081610709,3.7960911230876673,0.00053,6e-05,UU
0.6905817606603915,0.499,-0.656,2.6657081610709,4.057890510886816,0.00064,6e-05,UU
0.6905817606603915,0.499,-0.656,2.6657081610709,4.319689898685965,0.0006,6e-05,UU
0.6905817606603915,0.499,-0.656,2.6657081610709,4.581489286485115,0.00075,7e-05,UU
0.6905817606603915,0.499,-0.656,2.6657081610709,4.843288674284264,0.00068,7e-05,UU
0.6905817606603915,0.499,-0.656,2.6657081610709,5.105088062083414,0.00085,8e-05,UU
0.6905817606603915,0.499,-0.656,2.6657081610709,5.366887449882563,0.00106,0.00013,UU
0.6905817606603915,0.499,-0.656,2.6657081610709,5.6286868376817125,0.00125,0.00024,UU
0.6905817606603915,0.499,-0.656,2.6657081610709,5.890486225480862,0.00077,0.0004,UU
0.6905817606603915,0.499,-0.656,2.6657081610709,6.152285613280012,0.00087,0.00064,UU
0.6915789587962998,0.498,-0.816,2.664957785781981,0.1308996938995747,0.00539,0.00549,UU
0.6915789587962998,0.498,-0.816,2.664957785781981,0.3926990816987241,0.00103,0.00139,UU
0.6915789587962998,0.498,-0.816,2.664957785781981,0.6544984694978736,0.00069,0.00029,UU
0.6915789587962998,0.498,-0.816,2.664957785781981,0.9162978572970232,0.00052,0.0001,UU
0.6915789587962998,0.498,-0.816,2.664957785781981,1.1780972450961724,0.00057,5e-05,UU
0.6915789587962998,0.498,-0.816,2.664957785781981,1.439896632895322,0.00053,4e-05,UU
0.6915789587962998,0.498,-0.816,2.664957785781981,1.7016960206944716,0.00042,3e-05,UU
0.6915789587962998,0.498,-0.816,2.664957785781981,1.9634954084936207,0.00032,3e-05,UU
0.6915789587962998,0.498,-0.816,2.664957785781981,2.2252947962927703,0.00029,2e-05,UU
0.6915789587962998,0.498,-0.816,2.664957785781981,2.48709418409192,0.00032,3e-05,UU
0.6915789587962998,0.498,-0.816,2.664957785781981,2.748893571891069,0.00032,3e-05,UU
0.6915789587962998,0.498,-0.816,2.664957785781981,3.0106929596902186,0.00035,3e-05,UU
0.6915789587962998,0.498,-0.816,2.664957785781981,3.272492347489368,0.00036,3e-05,UU
0.6915789587962998,0.498,-0.816,2.664957785781981,3.5342917352885173,0.00038,3e-05,UU
0.6915789587962998,0.498,-0.816,2.664957785781981,3.7960911230876673,0.00035,3e-05,UU
0.6915789587962998,0.498,-0.816,2.664957785781981,4.057890510886816,0.00041,3e-05,UU
0.6915789587962998,0.498,-0.816,2.664957785781981,4.319689898685965,0.00045,3e-05,UU
0.6915789587962998,0.498,-0.816,2.664957785781981,4.581489286485115,0.00053,4e-05,UU
0.6915789587962998,0.498,-0.816,2.664957785781981,4.843288674284264,0.0005,4e-05,UU
0.6915789587962998,0.498,-0.816,2.664957785781981,5.105088062083414,0.00055,5e-05,UU
0.6915789587962998,0.498,-0.816,2.664957785781981,5.366887449882563,0.00062,0.0001,UU
0.6915789587962998,0.498,-0.816,2.664957785781981,5.6286868376817125,0.00052,0.00025,UU
0.6915789587962998,0.498,-0.816,2.664957785781981,5.890486225480862,0.00105,0.00132,UU
0.6915789587962998,0.498,-0.816,2.664957785781981,6.152285613280012,-0.00011,0.00067,UU
0.7461556028372003,0.451,-0.34,1.905255888325765,0.130201562198777,0.0266,0.0062481997407253,UU
0.7461556028372003,0.451,-0.34,1.905255888325765,0.3906046865963309,0.0344,0.0053535035257296,UU
0.7461556028372003,0.451,-0.34,1.905255888325765,0.6515314097694832,0.0242,0.0050328918128646,UU
0.7461556028372003,0.451,-0.34,1.905255888325765,0.912981731718234,0.0191,0.0034481879299133,UU
0.7461556028372003,0.451,-0.34,1.905255888325765,1.1747811195173832,0.0203,0.0049819674828324,UU
0.7461556028372003,0.451,-0.34,1.905255888325765,1.436755040241732,0.0223,0.0042544094772365,UU
0.7461556028372003,0.451,-0.34,1.905255888325765,1.6989034938912804,0.0108,0.0037121422386541,UU
0.7461556028372003,0.451,-0.34,1.905255888325765,4.322133359638758,0.011,0.0075213030785895,UU
0.7461556028372003,0.451,-0.34,1.905255888325765,4.584281813288307,0.0133,0.0039812058474788,UU
0.7461556028372003,0.451,-0.34,1.905255888325765,4.846430266937855,0.0166,0.0042047592083257,UU
0.7461556028372003,0.451,-0.34,1.905255888325765,5.108404187662203,0.0228,0.0066068146636635,UU
0.7461556028372003,0.451,-0.34,1.905255888325765,5.370203575461352,0.0214,0.0068963758598266,UU
0.7461556028372003,0.451,-0.34,1.905255888325765,5.631653897410104,0.0265,0.0042438190347845,UU
0.7461556028372003,0.451,-0.34,1.905255888325765,5.892580620583256,0.0259,0.0040804411526206,UU
0.7461556028372003,0.451,-0.34,1.905255888325765,6.15298374498081,0.0227,0.0049517673612559,UU
0.735778446765844,0.475,-0.45,1.94164878389476,0.1300270292735775,0.0203,0.0028319604517012,UU
0.735778446765844,0.475,-0.45,1.94164878389476,0.3895574890451344,0.0199,0.0028319604517012,UU
0.735778446765844,0.475,-0.45,1.94164878389476,0.6497860805174888,0.0141,0.0022022715545545,UU
0.735778446765844,0.475,-0.45,1.94164878389476,0.9114109353914388,0.0113,0.0015264337522473,UU
0.735778446765844,0.475,-0.45,1.94164878389476,1.1733848561157878,0.0089,0.0019416487838947,UU
0.735778446765844,0.475,-0.45,1.94164878389476,1.4357078426905356,0.0088,0.0016970562748477,UU
0.735778446765844,0.475,-0.45,1.94164878389476,1.6980308292652837,0.0089,0.0021213203435596,UU
0.735778446765844,0.475,-0.45,1.94164878389476,1.9605283487652303,0.0062,0.002607680962081,UU
0.735778446765844,0.475,-0.45,1.94164878389476,4.322656958414356,0.0079,0.0018357559750685,UU
0.735778446765844,0.475,-0.45,1.94164878389476,4.585154477914303,0.0086,0.0021400934559032,UU
0.735778446765844,0.475,-0.45,1.94164878389476,4.847477464489051,0.0113,0.002343074902772,UU
0.735778446765844,0.475,-0.45,1.94164878389476,5.109800451063799,0.0086,0.0023853720883753,UU
0.735778446765844,0.475,-0.45,1.94164878389476,5.371774371788147,0.0153,0.0026907248094147,UU
0.735778446765844,0.475,-0.45,1.94164878389476,5.633399226662097,0.0168,0.0025495097567963,UU
0.735778446765844,0.475,-0.45,1.94164878389476,5.893627818134452,0.0225,0.002920616373302,UU
0.735778446765844,0.475,-0.45,1.94164878389476,6.15315827790601,0.0233,0.002420743687382,UU
0.6221618837089467,0.367,-0.197,1.91049731745428,0.1308996938995747,5e-05,0.0008,LU
0.6221618837089467,0.367,-0.197,1.91049731745428,0.3926990816987241,0.002,0.0009,LU
0.6221618837089467,0.367,-0.197,1.91049731745428,0.6544984694978736,0.00121,0.00094,LU
0.6221618837089467,0.367,-0.197,1.91049731745428,0.9162978572970232,0.00251,0.00093,LU
0.6221618837089467,0.367,-0.197,1.91049731745428,1.1780972450961724,0.00524,0.00093,LU
0.6221618837089467,0.367,-0.197,1.91049731745428,1.439896632895322,0.00447,0.00088,LU
0.6221618837089467,0.367,-0.197,1.91049731745428,1.7016960206944716,0.00504,0.00087,LU
0.6221618837089467,0.367,-0.197,1.91049731745428,1.9634954084936207,0.00366,0.00083,LU
0.6221618837089467,0.367,-0.197,1.91049731745428,2.2252947962927703,0.00255,0.0008,LU
0.6221618837089467,0.367,-0.197,1.91049731745428,2.48709418409192,0.00211,0.00074,LU
0.6221618837089467,0.367,-0.197,1.91049731745428,2.748893571891069,0.0018,0.00069,LU
0.6221618837089467,0.367,-0.197,1.91049731745428,3.0106929596902186,0.00032,0.00057,LU
0.6221618837089467,0.367,-0.197,1.91049731745428,3.272492347489368,-0.00159,0.00108,LU
0.6221618837089467,0.367,-0.197,1.91049731745428,3.5342917352885173,-0.00077,0.00088,LU
0.6221618837089467,0.367,-0.197,1.91049731745428,3.7960911230876673,-0.00098,0.00082,LU
0.6221618837089467,0.367,-0.197,1.91049731745428,4.057890510886816,-0.00546,0.00086,LU
0.6221618837089467,0.367,-0.197,1.91049731745428,4.319689898685965,-0.00248,0.00086,LU
0.6221618837089467,0.367,-0.197,1.91049731745428,4.581489286485115,-0.00417,0.00094,LU
0.6221618837089467,0.367,-0.197,1.91049731745428,4.843288674284264,-0.00337,0.00099,LU
0.6221618837089467,0.367,-0.197,1.91049731745428,5.105088062083414,-0.00476,0.00101,LU
0.6221618837089467,0.367,-0.197,1.91049731745428,5.366887449882563,-0.00303,0.00104,LU
0.6221618837089467,0.367,-0.197,1.91049731745428,5.6286868376817125,-0.00333,0.00112,LU
0.6221618837089467,0.367,-0.197,1.91049731745428,5.890486225480862,0.00069,0.00112,LU
0.6221618837089467,0.367,-0.197,1.91049731745428,6.152285613280012,0.00406,0.00149,LU
0.6226732496407622,0.367,-0.258,1.91128229207514,0.1308996938995747,0.00011,0.001,LU
0.6226732496407622,0.367,-0.258,1.91128229207514,0.3926990816987241,0.00034,0.00105,LU
0.6226732496407622,0.367,-0.258,1.91128229207514,0.6544984694978736,0.00407,0.00096,LU
0.6226732496407622,0.367,-0.258,1.91128229207514,0.9162978572970232,0.00455,0.0009,LU
0.6226732496407622,0.367,-0.258,1.91128229207514,1.1780972450961724,0.00522,0.00085,LU
0.6226732496407622,0.367,-0.258,1.91128229207514,1.439896632895322,0.00454,0.00075,LU
0.6226732496407622,0.367,-0.258,1.91128229207514,1.7016960206944716,0.00418,0.00071,LU
0.6226732496407622,0.367,-0.258,1.91128229207514,1.9634954084936207,0.00322,0.00063,LU
0.6226732496407622,0.367,-0.258,1.91128229207514,2.2252947962927703,0.00183,0.00063,LU
0.6226732496407622,0.367,-0.258,1.91128229207514,2.48709418409192,0.00216,0.00057,LU
0.6226732496407622,0.367,-0.258,1.91128229207514,2.748893571891069,0.00084,0.00051,LU
0.6226732496407622,0.367,-0.258,1.91128229207514,3.0106929596902186,0.00014,0.00046,LU
0.6226732496407622,0.367,-0.258,1.91128229207514,3.272492347489368,-0.0004,0.00065,LU
0.6226732496407622,0.367,-0.258,1.91128229207514,3.5342917352885173,-0.00087,0.00062,LU
0.6226732496407622,0.367,-0.258,1.91128229207514,3.7960911230876673,-0.00193,0.00063,LU
0.6226732496407622,0.367,-0.258,1.91128229207514,4.057890510886816,-0.00231,0.00064,LU
0.6226732496407622,0.367,-0.258,1.91128229207514,4.319689898685965,-0.003,0.00068,LU
0.6226732496407622,0.367,-0.258,1.91128229207514,4.581489286485115,-0.00379,0.00072,LU
0.6226732496407622,0.367,-0.258,1.91128229207514,4.843288674284264,-0.00247,0.00078,LU
0.6226732496407622,0.367,-0.258,1.91128229207514,5.105088062083414,-0.00493,0.00088,LU
0.6226732496407622,0.367,-0.258,1.91128229207514,5.366887449882563,-0.00425,0.00094,LU
0.6226732496407622,0.367,-0.258,1.91128229207514,5.6286868376817125,-0.00365,0.00103,LU
0.6226732496407622,0.367,-0.258,1.91128229207514,5.890486225480862,-0.00225,0.0012,LU
0.6226732496407622,0.367,-0.258,1.91128229207514,6.152285613280012,-0.00146,0.00137,LU
0.6220108298158087,0.369,-0.32,1.9154633904097464,0.1308996938995747,0.0019,0.0014,LU
0.6220108298158087,0.369,-0.32,1.9154633904097464,0.3926990816987241,0.00465,0.00125,LU
0.6220108298158087,0.369,-0.32,1.9154633904097464,0.6544984694978736,0.00462,0.00104,LU
0.6220108298158087,0.369,-0.32,1.9154633904097464,0.9162978572970232,0.00333,0.00089,LU
0.6220108298158087,0.369,-0.32,1.9154633904097464,1.1780972450961724,0.00431,0.00078,LU
0.6220108298158087,0.369,-0.32,1.9154633904097464,1.439896632895322,0.00304,0.00068,LU
0.6220108298158087,0.369,-0.32,1.9154633904097464,1.7016960206944716,0.00365,0.00063,LU
0.6220108298158087,0.369,-0.32,1.9154633904097464,1.9634954084936207,0.00195,0.00058,LU
0.6220108298158087,0.369,-0.32,1.9154633904097464,2.2252947962927703,0.00145,0.00053,LU
0.6220108298158087,0.369,-0.32,1.9154633904097464,2.48709418409192,0.00136,0.00048,LU
0.6220108298158087,0.369,-0.32,1.9154633904097464,2.748893571891069,0.00129,0.00048,LU
0.6220108298158087,0.369,-0.32,1.9154633904097464,3.0106929596902186,-4e-05,0.00042,LU
0.6220108298158087,0.369,-0.32,1.9154633904097464,3.272492347489368,-0.00033,0.00057,LU
0.6220108298158087,0.369,-0.32,1.9154633904097464,3.5342917352885173,6e-05,0.00053,LU
0.6220108298158087,0.369,-0.32,1.9154633904097464,3.7960911230876673,-0.0013,0.00054,LU
0.6220108298158087,0.369,-0.32,1.9154633904097464,4.057890510886816,-0.00188,0.00057,LU
0.6220108298158087,0.369,-0.32,1.9154633904097464,4.319689898685965,-0.00273,0.00061,LU
0.6220108298158087,0.369,-0.32,1.9154633904097464,4.581489286485115,-0.00231,0.00066,LU
0.6220108298158087,0.369,-0.32,1.9154633904097464,4.843288674284264,-0.00352,0.00072,LU
0.6220108298158087,0.369,-0.32,1.9154633904097464,5.105088062083414,-0.00469,0.00081,LU
0.6220108298158087,0.369,-0.32,1.9154633904097464,5.366887449882563,-0.00311,0.0009,LU
0.6220108298158087,0.369,-0.32,1.9154633904097464,5.6286868376817125,-0.00403,0.00108,LU
0.6220108298158087,0.369,-0.32,1.9154633904097464,5.890486225480862,-0.0004,0.0014,LU
0.6220108298158087,0.369,-0.32,1.9154633904097464,6.152285613280012,-0.00067,0.00182,LU
0.621851378629628,0.37,-0.381,1.9178112524437847,0.1308996938995747,-0.00223,0.00255,LU
0.621851378629628,0.37,-0.381,1.9178112524437847,0.3926990816987241,0.00081,0.00186,LU
0.621851378629628,0.37,-0.381,1.9178112524437847,0.6544984694978736,0.00388,0.00121,LU
0.621851378629628,0.37,-0.381,1.9178112524437847,0.9162978572970232,0.00257,0.00092,LU
0.621851378629628,0.37,-0.381,1.9178112524437847,1.1780972450961724,0.00387,0.00078,LU
0.621851378629628,0.37,-0.381,1.9178112524437847,1.439896632895322,0.00227,0.00065,LU
0.621851378629628,0.37,-0.381,1.9178112524437847,1.7016960206944716,0.00212,0.00059,LU
0.621851378629628,0.37,-0.381,1.9178112524437847,1.9634954084936207,0.00209,0.00051,LU
0.621851378629628,0.37,-0.381,1.9178112524437847,2.2252947962927703,0.00156,0.00047,LU
0.621851378629628,0.37,-0.381,1.9178112524437847,2.48709418409192,0.00147,0.00043,LU
0.621851378629628,0.37,-0.381,1.9178112524437847,2.748893571891069,-8e-05,0.00044,LU
0.621851378629628,0.37,-0.381,1.9178112524437847,3.0106929596902186,0.00033,0.00042,LU
0.621851378629628,0.37,-0.381,1.9178112524437847,3.272492347489368,-0.00012,0.00051,LU
0.621851378629628,0.37,-0.381,1.9178112524437847,3.5342917352885173,-0.00058,0.00048,LU
0.621851378629628,0.37,-0.381,1.9178112524437847,3.7960911230876673,-0.00139,0.00052,LU
0.621851378629628,0.37,-0.381,1.9178112524437847,4.057890510886816,-0.001,0.00049,LU
0.621851378629628,0.37,-0.381,1.9178112524437847,4.319689898685965,-0.0016,0.00055,LU
0.621851378629628,0.37,-0.381,1.9178112524437847,4.581489286485115,-0.00237,0.00062,LU
0.621851378629628,0.37,-0.381,1.9178112524437847,4.843288674284264,-0.00273,0.00065,LU
0.621851378629628,0.37,-0.381,1.9178112524437847,5.105088062083414,-0.00311,0.00078,LU
0.621851378629628,0.37,-0.381,1.9178112524437847,5.366887449882563,-0.00605,0.0009,LU
0.621851378629628,0.37,-0.381,1.9178112524437847,5.6286868376817125,-0.00258,0.00122,LU
0.621851378629628,0.37,-0.381,1.9178112524437847,5.890486225480862,-0.00317,0.00204,LU
0.621851378629628,0.37,-0.381,1.9178112524437847,6.152285613280012,-0.00019,0.00321,LU
0.6220204518701472,0.37,-0.469,1.9180719485983837,0.1308996938995747,0.00068,0.0053,LU
0.6220204518701472,0.37,-0.469,1.9180719485983837,0.3926990816987241,0.00345,0.00261,LU
0.6220204518701472,0.37,-0.469,1.9180719485983837,0.6544984694978736,0.00422,0.00129,LU
0.6220204518701472,0.37,-0.469,1.9180719485983837,0.9162978572970232,0.00147,0.00078,LU
0.6220204518701472,0.37,-0.469,1.9180719485983837,1.1780972450961724,0.00239,0.0006,LU
0.6220204518701472,0.37,-0.469,1.9180719485983837,1.439896632895322,0.00236,0.00049,LU
0.6220204518701472,0.37,-0.469,1.9180719485983837,1.7016960206944716,0.00179,0.00043,LU
0.6220204518701472,0.37,-0.469,1.9180719485983837,1.9634954084936207,0.00154,0.00036,LU
0.6220204518701472,0.37,-0.469,1.9180719485983837,2.2252947962927703,0.00073,0.0003,LU
0.6220204518701472,0.37,-0.469,1.9180719485983837,2.48709418409192,0.0012,0.00031,LU
0.6220204518701472,0.37,-0.469,1.9180719485983837,2.748893571891069,0.00011,0.00032,LU
0.6220204518701472,0.37,-0.469,1.9180719485983837,3.0106929596902186,0.00048,0.00029,LU
0.6220204518701472,0.37,-0.469,1.9180719485983837,3.272492347489368,-0.00012,0.00037,LU
0.6220204518701472,0.37,-0.469,1.9180719485983837,3.5342917352885173,-0.00078,0.00034,LU
0.6220204518701472,0.37,-0.469,1.9180719485983837,3.7960911230876673,-0.00102,0.00033,LU
0.6220204518701472,0.37,-0.469,1.9180719485983837,4.057890510886816,-0.00089,0.00033,LU
0.6220204518701472,0.37,-0.469,1.9180719485983837,4.319689898685965,-0.00178,0.00037,LU
0.6220204518701472,0.37,-0.469,1.9180719485983837,4.581489286485115,-0.0016,0.00043,LU
0.6220204518701472,0.37,-0.469,1.9180719485983837,4.843288674284264,-0.00222,0.00046,LU
0.6220204518701472,0.37,-0.469,1.9180719485983837,5.105088062083414,-0.00253,0.00058,LU
0.6220204518701472,0.37,-0.469,1.9180719485983837,5.366887449882563,-0.00254,0.00076,LU
0.6220204518701472,0.37,-0.469,1.9180719485983837,5.6286868376817125,-0.00261,0.00128,LU
0.6220204518701472,0.37,-0.469,1.9180719485983837,5.890486225480862,-0.00387,0.00265,LU
0.6220204518701472,0.37,-0.469,1.9180719485983837,6.152285613280012,0.00818,0.00658,LU
0.6181497998375025,0.369,-0.198,2.1288494545176277,0.1308996938995747,0.00117,0.00066,LU
0.6181497998375025,0.369,-0.198,2.1288494545176277,0.3926990816987241,0.00121,0.00068,LU
0.6181497998375025,0.369,-0.198,2.1288494545176277,0.6544984694978736,0.00172,0.00067,LU
0.6181497998375025,0.369,-0.198,2.1288494545176277,0.9162978572970232,0.00215,0.00065,LU
0.6181497998375025,0.369,-0.198,2.1288494545176277,1.1780972450961724,0.00159,0.00064,LU
0.6181497998375025,0.369,-0.198,2.1288494545176277,1.439896632895322,0.00187,0.00062,LU
0.6181497998375025,0.369,-0.198,2.1288494545176277,1.7016960206944716,0.0008,0.00055,LU
0.6181497998375025,0.369,-0.198,2.1288494545176277,1.9634954084936207,0.00205,0.00055,LU
0.6181497998375025,0.369,-0.198,2.1288494545176277,2.2252947962927703,0.0011,0.00055,LU
0.6181497998375025,0.369,-0.198,2.1288494545176277,2.48709418409192,0.00176,0.00052,LU
0.6181497998375025,0.369,-0.198,2.1288494545176277,2.748893571891069,0.00069,0.00053,LU
0.6181497998375025,0.369,-0.198,2.1288494545176277,3.0106929596902186,-0.00027,0.00049,LU
0.6181497998375025,0.369,-0.198,2.1288494545176277,3.272492347489368,-0.0008,0.00056,LU
0.6181497998375025,0.369,-0.198,2.1288494545176277,3.5342917352885173,-8e-05,0.00057,LU
0.6181497998375025,0.369,-0.198,2.1288494545176277,3.7960911230876673,-0.00029,0.00056,LU
0.6181497998375025,0.369,-0.198,2.1288494545176277,4.057890510886816,-0.00199,0.0006,LU
0.6181497998375025,0.369,-0.198,2.1288494545176277,4.319689898685965,-0.00133,0.0006,LU
0.6181497998375025,0.369,-0.198,2.1288494545176277,4.581489286485115,-0.00154,0.00061,LU
0.6181497998375025,0.369,-0.198,2.1288494545176277,4.843288674284264,-0.00314,0.00063,LU
0.6181497998375025,0.369,-0.198,2.1288494545176277,5.105088062083414,-0.00043,0.00066,LU
0.6181497998375025,0.369,-0.198,2.1288494545176277,5.366887449882563,-0.00219,0.00067,LU
0.6181497998375025,0.369,-0.198,2.1288494545176277,5.6286868376817125,-0.00185,0.0007,LU
0.6181497998375025,0.369,-0.198,2.1288494545176277,5.890486225480862,-0.00054,0.00074,LU
0.6181497998375025,0.369,-0.198,2.1288494545176277,6.152285613280012,-0.00071,0.00075,LU
0.6189276296111585,0.37,-0.26,2.1330729007701543,0.1308996938995747,0.00073,0.00082,LU
0.6189276296111585,0.37,-0.26,2.1330729007701543,0.3926990816987241,0.00219,0.00075,LU
0.6189276296111585,0.37,-0.26,2.1330729007701543,0.6544984694978736,0.00103,0.00063,LU
0.6189276296111585,0.37,-0.26,2.1330729007701543,0.9162978572970232,0.0019,0.00059,LU
0.6189276296111585,0.37,-0.26,2.1330729007701543,1.1780972450961724,0.003,0.00057,LU
0.6189276296111585,0.37,-0.26,2.1330729007701543,1.439896632895322,0.00364,0.00053,LU
0.6189276296111585,0.37,-0.26,2.1330729007701543,1.7016960206944716,0.0021,0.00051,LU
0.6189276296111585,0.37,-0.26,2.1330729007701543,1.9634954084936207,0.00102,0.00048,LU
0.6189276296111585,0.37,-0.26,2.1330729007701543,2.2252947962927703,0.00205,0.00047,LU
0.6189276296111585,0.37,-0.26,2.1330729007701543,2.48709418409192,0.00113,0.00044,LU
0.6189276296111585,0.37,-0.26,2.1330729007701543,2.748893571891069,-0.00027,0.00043,LU
0.6189276296111585,0.37,-0.26,2.1330729007701543,3.0106929596902186,0.00041,0.00039,LU
0.6189276296111585,0.37,-0.26,2.1330729007701543,3.272492347489368,0.00079,0.00045,LU
0.6189276296111585,0.37,-0.26,2.1330729007701543,3.5342917352885173,-0.00014,0.00042,LU
0.6189276296111585,0.37,-0.26,2.1330729007701543,3.7960911230876673,-0.00114,0.00048,LU
0.6189276296111585,0.37,-0.26,2.1330729007701543,4.057890510886816,-0.00161,0.00048,LU
0.6189276296111585,0.37,-0.26,2.1330729007701543,4.319689898685965,-0.00163,0.00049,LU
0.6189276296111585,0.37,-0.26,2.1330729007701543,4.581489286485115,-0.00236,0.00051,LU
0.6189276296111585,0.37,-0.26,2.1330729007701543,4.843288674284264,-0.00194,0.00055,LU
0.6189276296111585,0.37,-0.26,2.1330729007701543,5.105088062083414,-0.00353,0.00061,LU
0.6189276296111585,0.37,-0.26,2.1330729007701543,5.366887449882563,-0.00153,0.00063,LU
0.6189276296111585,0.37,-0.26,2.1330729007701543,5.6286868376817125,-0.00267,0.00073,LU
0.6189276296111585,0.37,-0.26,2.1330729007701543,5.890486225480862,-0.00047,0.00076,LU
0.6189276296111585,0.37,-0.26,2.1330729007701543,6.152285613280012,-0.00065,0.00084,LU
0.6188471829146476,0.372,-0.321,2.1386911885543456,0.1308996938995747,0.00012,0.00103,LU
0.6188471829146476,0.372,-0.321,2.1386911885543456,0.3926990816987241,0.00111,0.00088,LU
0.6188471829146476,0.372,-0.321,2.1386911885543456,0.6544984694978736,0.0026,0.00072,LU
0.6188471829146476,0.372,-0.321,2.1386911885543456,0.9162978572970232,0.00294,0.0006,LU
0.6188471829146476,0.372,-0.321,2.1386911885543456,1.1780972450961724,0.00223,0.00053,LU
0.6188471829146476,0.372,-0.321,2.1386911885543456,1.439896632895322,0.00195,0.00047,LU
0.6188471829146476,0.372,-0.321,2.1386911885543456,1.7016960206944716,0.00106,0.00042,LU
0.6188471829146476,0.372,-0.321,2.1386911885543456,1.9634954084936207,0.0011,0.00037,LU
0.6188471829146476,0.372,-0.321,2.1386911885543456,2.2252947962927703,0.00118,0.00035,LU
0.6188471829146476,0.372,-0.321,2.1386911885543456,2.48709418409192,0.00053,0.00034,LU
0.6188471829146476,0.372,-0.321,2.1386911885543456,2.748893571891069,0.00023,0.00029,LU
0.6188471829146476,0.372,-0.321,2.1386911885543456,3.0106929596902186,0.00034,0.00029,LU
0.6188471829146476,0.372,-0.321,2.1386911885543456,3.272492347489368,-0.00016,0.00029,LU
0.6188471829146476,0.372,-0.321,2.1386911885543456,3.5342917352885173,-0.00037,0.00032,LU
0.6188471829146476,0.372,-0.321,2.1386911885543456,3.7960911230876673,-0.00071,0.00035,LU
0.6188471829146476,0.372,-0.321,2.1386911885543456,4.057890510886816,-0.00065,0.00038,LU
0.6188471829146476,0.372,-0.321,2.1386911885543456,4.319689898685965,-0.00119,0.00043,LU
0.6188471829146476,0.372,-0.321,2.1386911885543456,4.581489286485115,-0.00115,0.00045,LU
0.6188471829146476,0.372,-0.321,2.1386911885543456,4.843288674284264,-0.00121,0.00047,LU
0.6188471829146476,0.372,-0.321,2.1386911885543456,5.105088062083414,-0.00158,0.00054,LU
0.6188471829146476,0.372,-0.321,2.1386911885543456,5.366887449882563,-0.00256,0.00062,LU
0.6188471829146476,0.372,-0.321,2.1386911885543456,5.6286868376817125,-0.00129,0.00073,LU
0.6188471829146476,0.372,-0.321,2.1386911885543456,5.890486225480862,-0.0009,0.0009,LU
0.6188471829146476,0.372,-0.321,2.1386911885543456,6.152285613280012,-0.00041,0.0011,LU
0.6186723490874996,0.373,-0.383,2.1412613105363856,0.1308996938995747,0.00053,0.00146,LU
0.6186723490874996,0.373,-0.383,2.1412613105363856,0.3926990816987241,0.00195,0.00124,LU
0.6186723490874996,0.373,-0.383,2.1412613105363856,0.6544984694978736,0.00181,0.00085,LU
0.6186723490874996,0.373,-0.383,2.1412613105363856,0.9162978572970232,0.00171,0.00067,LU
0.6186723490874996,0.373,-0.383,2.1412613105363856,1.1780972450961724,0.0013,0.00055,LU
0.6186723490874996,0.373,-0.383,2.1412613105363856,1.439896632895322,0.00197,0.00051,LU
0.6186723490874996,0.373,-0.383,2.1412613105363856,1.7016960206944716,0.00165,0.00043,LU
0.6186723490874996,0.373,-0.383,2.1412613105363856,1.9634954084936207,0.00156,0.00039,LU
0.6186723490874996,0.373,-0.383,2.1412613105363856,2.2252947962927703,0.00101,0.00034,LU
0.6186723490874996,0.373,-0.383,2.1412613105363856,2.48709418409192,0.00055,0.00035,LU
0.6186723490874996,0.373,-0.383,2.1412613105363856,2.748893571891069,0.00112,0.00032,LU
0.6186723490874996,0.373,-0.383,2.1412613105363856,3.0106929596902186,0.00034,0.00032,LU
0.6186723490874996,0.373,-0.383,2.1412613105363856,3.272492347489368,-0.00024,0.00036,LU
0.6186723490874996,0.373,-0.383,2.1412613105363856,3.5342917352885173,0.0,0.00033,LU
0.6186723490874996,0.373,-0.383,2.1412613105363856,3.7960911230876673,-7e-05,0.00035,LU
0.6186723490874996,0.373,-0.383,2.1412613105363856,4.057890510886816,-0.00103,0.00037,LU
0.6186723490874996,0.373,-0.383,2.1412613105363856,4.319689898685965,-0.00114,0.00042,LU
0.6186723490874996,0.373,-0.383,2.1412613105363856,4.581489286485115,-0.00078,0.00045,LU
0.6186723490874996,0.373,-0.383,2.1412613105363856,4.843288674284264,-0.00146,0.0005,LU
0.6186723490874996,0.373,-0.383,2.1412613105363856,5.105088062083414,-0.00269,0.00057,LU
0.6186723490874996,0.373,-0.383,2.1412613105363856,5.366887449882563,-0.00287,0.00067,LU
0.6186723490874996,0.373,-0.383,2.1412613105363856,5.6286868376817125,-0.00155,0.00088,LU
0.6186723490874996,0.373,-0.383,2.1412613105363856,5.890486225480862,-0.00242,0.0012,LU
0.6186723490874996,0.373,-0.383,2.1412613105363856,6.152285613280012,0.00172,0.0017,LU
0.6197012662323956,0.371,-0.47,2.1372880011828075,0.1308996938995747,-0.0054,0.00297,LU
0.6197012662323956,0.371,-0.47,2.1372880011828075,0.3926990816987241,0.00061,0.00165,LU
0.6197012662323956,0.371,-0.47,2.1372880011828075,0.6544984694978736,0.00209,0.00092,LU
0.6197012662323956,0.371,-0.47,2.1372880011828075,0.9162978572970232,0.00076,0.00059,LU
0.6197012662323956,0.371,-0.47,2.1372880011828075,1.1780972450961724,0.00096,0.00044,LU
0.6197012662323956,0.371,-0.47,2.1372880011828075,1.439896632895322,0.00109,0.00036,LU
0.6197012662323956,0.371,-0.47,2.1372880011828075,1.7016960206944716,0.00101,0.00031,LU
0.6197012662323956,0.371,-0.47,2.1372880011828075,1.9634954084936207,0.00085,0.00028,LU
0.6197012662323956,0.371,-0.47,2.1372880011828075,2.2252947962927703,0.00076,0.00024,LU
0.6197012662323956,0.371,-0.47,2.1372880011828075,2.48709418409192,0.0006,0.00023,LU
0.6197012662323956,0.371,-0.47,2.1372880011828075,2.748893571891069,0.00027,0.00022,LU
0.6197012662323956,0.371,-0.47,2.1372880011828075,3.0106929596902186,0.00017,0.00023,LU
0.6197012662323956,0.371,-0.47,2.1372880011828075,3.272492347489368,-0.0003,0.00023,LU
0.6197012662323956,0.371,-0.47,2.1372880011828075,3.5342917352885173,-5e-05,0.00022,LU
0.6197012662323956,0.371,-0.47,2.1372880011828075,3.7960911230876673,-0.00035,0.00023,LU
0.6197012662323956,0.371,-0.47,2.1372880011828075,4.057890510886816,-0.00037,0.00025,LU
0.6197012662323956,0.371,-0.47,2.1372880011828075,4.319689898685965,-0.00121,0.00029,LU
0.6197012662323956,0.371,-0.47,2.1372880011828075,4.581489286485115,-0.00139,0.00033,LU
0.6197012662323956,0.371,-0.47,2.1372880011828075,4.843288674284264,-0.0012,0.00036,LU
0.6197012662323956,0.371,-0.47,2.1372880011828075,5.105088062083414,-0.00258,0.00045,LU
0.6197012662323956,0.371,-0.47,2.1372880011828075,5.366887449882563,-0.00131,0.00057,LU
0.6197012662323956,0.371,-0.47,2.1372880011828075,5.6286868376817125,-0.00187,0.00088,LU
0.6197012662323956,0.371,-0.47,2.1372880011828075,5.890486225480862,-0.00463,0.00172,LU
0.6197012662323956,0.371,-0.47,2.1372880011828075,6.152285613280012,0.00139,0.0031,LU
0.6660148747460244,0.483,-0.439,2.3106276203663803,0.1308996938995747,0.00018,0.00022,LU
0.6660148747460244,0.483,-0.439,2.3106276203663803,0.3926990816987241,0.00027,0.00023,LU
0.6660148747460244,0.483,-0.439,2.3106276203663803,0.6544984694978736,0.00092,0.00024,LU
0.6660148747460244,0.483,-0.439,2.3106276203663803,0.9162978572970232,-6e-05,0.00023,LU
0.6660148747460244,0.483,-0.439,2.3106276203663803,1.1780972450961724,0.00037,0.00025,LU
0.6660148747460244,0.483,-0.439,2.3106276203663803,1.439896632895322,0.00051,0.00026,LU
0.6660148747460244,0.483,-0.439,2.3106276203663803,1.7016960206944716,0.00035,0.00025,LU
0.6660148747460244,0.483,-0.439,2.3106276203663803,1.9634954084936207,0.00098,0.00023,LU
0.6660148747460244,0.483,-0.439,2.3106276203663803,2.2252947962927703,0.00031,0.00023,LU
0.6660148747460244,0.483,-0.439,2.3106276203663803,2.48709418409192,0.00029,0.00023,LU
0.6660148747460244,0.483,-0.439,2.3106276203663803,2.748893571891069,0.00038,0.00022,LU
0.6660148747460244,0.483,-0.439,2.3106276203663803,3.0106929596902186,8e-05,0.00025,LU
0.6660148747460244,0.483,-0.439,2.3106276203663803,3.272492347489368,-0.00014,0.00024,LU
0.6660148747460244,0.483,-0.439,2.3106276203663803,3.5342917352885173,-0.00022,0.00025,LU
0.6660148747460244,0.483,-0.439,2.3106276203663803,3.7960911230876673,-0.00053,0.00022,LU
0.6660148747460244,0.483,-0.439,2.3106276203663803,4.057890510886816,-1e-05,0.00026,LU
0.6660148747460244,0.483,-0.439,2.3106276203663803,4.319689898685965,-0.00082,0.00027,LU
0.6660148747460244,0.483,-0.439,2.3106276203663803,4.581489286485115,-0.00035,0.00026,LU
0.6660148747460244,0.483,-0.439,2.3106276203663803,4.843288674284264,-0.00025,0.00027,LU
0.6660148747460244,0.483,-0.439,2.3106276203663803,5.105088062083414,-0.00033,0.00027,LU
0.6660148747460244,0.483,-0.439,2.3106276203663803,5.366887449882563,0.00023,0.00026,LU
0.6660148747460244,0.483,-0.439,2.3106276203663803,5.6286868376817125,-0.00033,0.00024,LU
0.6660148747460244,0.483,-0.439,2.3106276203663803,5.890486225480862,-0.00028,0.00022,LU
0.6660148747460244,0.483,-0.439,2.3106276203663803,6.152285613280012,0.00013,0.00021,LU
0.6658772691640727,0.485,-0.498,2.3151673805580453,0.1308996938995747,-6e-05,0.00062,LU
0.6658772691640727,0.485,-0.498,2.3151673805580453,0.3926990816987241,0.0006,0.00049,LU
0.6658772691640727,0.485,-0.498,2.3151673805580453,0.6544984694978736,0.00039,0.00039,LU
0.6658772691640727,0.485,-0.498,2.3151673805580453,0.9162978572970232,0.00129,0.00031,LU
0.6658772691640727,0.485,-0.498,2.3151673805580453,1.1780972450961724,0.00125,0.00027,LU
0.6658772691640727,0.485,-0.498,2.3151673805580453,1.439896632895322,8e-05,0.00024,LU
0.6658772691640727,0.485,-0.498,2.3151673805580453,1.7016960206944716,0.00037,0.00024,LU
0.6658772691640727,0.485,-0.498,2.3151673805580453,1.9634954084936207,0.00045,0.00022,LU
0.6658772691640727,0.485,-0.498,2.3151673805580453,2.2252947962927703,-4e-05,0.00018,LU
0.6658772691640727,0.485,-0.498,2.3151673805580453,2.48709418409192,0.00019,0.00017,LU
0.6658772691640727,0.485,-0.498,2.3151673805580453,2.748893571891069,4e-05,0.00017,LU
0.6658772691640727,0.485,-0.498,2.3151673805580453,3.0106929596902186,0.00021,0.00016,LU
0.6658772691640727,0.485,-0.498,2.3151673805580453,3.272492347489368,-0.00034,0.00017,LU
0.6658772691640727,0.485,-0.498,2.3151673805580453,3.5342917352885173,-9e-05,0.00017,LU
0.6658772691640727,0.485,-0.498,2.3151673805580453,3.7960911230876673,-0.00013,0.00018,LU
0.6658772691640727,0.485,-0.498,2.3151673805580453,4.057890510886816,-0.0006,0.00021,LU
0.6658772691640727,0.485,-0.498,2.3151673805580453,4.319689898685965,-0.00036,0.00022,LU
0.6658772691640727,0.485,-0.498,2.3151673805580453,4.581489286485115,-0.00048,0.00026,LU
0.6658772691640727,0.485,-0.498,2.3151673805580453,4.843288674284264,-0.00072,0.00029,LU
0.6658772691640727,0.485,-0.498,2.3151673805580453,5.105088062083414,-0.00094,0.0003,LU
0.6658772691640727,0.485,-0.498,2.3151673805580453,5.366887449882563,-0.00144,0.00034,LU
0.6658772691640727,0.485,-0.498,2.3151673805580453,5.6286868376817125,-0.00073,0.00043,LU
0.6658772691640727,0.485,-0.498,2.3151673805580453,5.890486225480862,0.00033,0.00051,LU
0.6658772691640727,0.485,-0.498,2.3151673805580453,6.152285613280012,-8e-05,0.0006,LU
0.6658708786890832,0.486,-0.457,2.3175418011332614,0.1308996938995747,0.00013,0.00089,LU
0.6658708786890832,0.486,-0.457,2.3175418011332614,0.3926990816987241,0.00016,0.00057,LU
0.6658708786890832,0.486,-0.457,2.3175418011332614,0.6544984694978736,0.00091,0.00042,LU
0.6658708786890832,0.486,-0.457,2.3175418011332614,0.9162978572970232,0.00081,0.00032,LU
0.6658708786890832,0.486,-0.457,2.3175418011332614,1.1780972450961724,0.00115,0.00026,LU
0.6658708786890832,0.486,-0.457,2.3175418011332614,1.439896632895322,0.00024,0.00024,LU
0.6658708786890832,0.486,-0.457,2.3175418011332614,1.7016960206944716,0.00021,0.00022,LU
0.6658708786890832,0.486,-0.457,2.3175418011332614,1.9634954084936207,0.00035,0.00021,LU
0.6658708786890832,0.486,-0.457,2.3175418011332614,2.2252947962927703,0.00051,0.00022,LU
0.6658708786890832,0.486,-0.457,2.3175418011332614,2.48709418409192,0.00026,0.0002,LU
0.6658708786890832,0.486,-0.457,2.3175418011332614,2.748893571891069,-9e-05,0.0002,LU
0.6658708786890832,0.486,-0.457,2.3175418011332614,3.0106929596902186,0.00014,0.00022,LU
0.6658708786890832,0.486,-0.457,2.3175418011332614,3.272492347489368,0.00023,0.00022,LU
0.6658708786890832,0.486,-0.457,2.3175418011332614,3.5342917352885173,-0.00051,0.0002,LU
0.6658708786890832,0.486,-0.457,2.3175418011332614,3.7960911230876673,-0.00056,0.00021,LU
0.6658708786890832,0.486,-0.457,2.3175418011332614,4.057890510886816,-0.00031,0.00023,LU
0.6658708786890832,0.486,-0.457,2.3175418011332614,4.319689898685965,-0.00027,0.00022,LU
0.6658708786890832,0.486,-0.457,2.3175418011332614,4.581489286485115,-0.0006,0.00024,LU
0.6658708786890832,0.486,-0.457,2.3175418011332614,4.843288674284264,-2e-05,0.00025,LU
0.6658708786890832,0.486,-0.457,2.3175418011332614,5.105088062083414,-0.00038,0.00029,LU
0.6658708786890832,0.486,-0.457,2.3175418011332614,5.366887449882563,-0.00075,0.00032,LU
0.6658708786890832,0.486,-0.457,2.3175418011332614,5.6286868376817125,-0.00065,0.00044,LU
0.6658708786890832,0.486,-0.457,2.3175418011332614,5.890486225480862,0.00054,0.00074,LU
0.6658708786890832,0.486,-0.457,2.3175418011332614,6.152285613280012,-0.00071,0.00088,LU
0.6668626804074805,0.486,-0.642,2.3192671256239543,0.1308996938995747,0.00163,0.00222,LU
0.6668626804074805,0.486,-0.642,2.3192671256239543,0.3926990816987241,0.00012,0.00088,LU
0.6668626804074805,0.486,-0.642,2.3192671256239543,0.6544984694978736,0.00094,0.00042,LU
0.6668626804074805,0.486,-0.642,2.3192671256239543,0.9162978572970232,0.00013,0.00029,LU
0.6668626804074805,0.486,-0.642,2.3192671256239543,1.1780972450961724,0.00082,0.00021,LU
0.6668626804074805,0.486,-0.642,2.3192671256239543,1.439896632895322,0.00022,0.00018,LU
0.6668626804074805,0.486,-0.642,2.3192671256239543,1.7016960206944716,0.00036,0.00016,LU
0.6668626804074805,0.486,-0.642,2.3192671256239543,1.9634954084936207,2e-05,0.00014,LU
0.6668626804074805,0.486,-0.642,2.3192671256239543,2.2252947962927703,0.00012,0.00012,LU
0.6668626804074805,0.486,-0.642,2.3192671256239543,2.48709418409192,0.00016,0.0001,LU
0.6668626804074805,0.486,-0.642,2.3192671256239543,2.748893571891069,-7e-05,0.00011,LU
0.6668626804074805,0.486,-0.642,2.3192671256239543,3.0106929596902186,-2e-05,0.00012,LU
0.6668626804074805,0.486,-0.642,2.3192671256239543,3.272492347489368,-0.00016,0.00011,LU
0.6668626804074805,0.486,-0.642,2.3192671256239543,3.5342917352885173,-2e-05,0.00012,LU
0.6668626804074805,0.486,-0.642,2.3192671256239543,3.7960911230876673,1e-05,0.0001,LU
0.6668626804074805,0.486,-0.642,2.3192671256239543,4.057890510886816,3e-05,0.00013,LU
0.6668626804074805,0.486,-0.642,2.3192671256239543,4.319689898685965,-0.00038,0.00015,LU
0.6668626804074805,0.486,-0.642,2.3192671256239543,4.581489286485115,-0.00037,0.00017,LU
0.6668626804074805,0.486,-0.642,2.3192671256239543,4.843288674284264,-0.00065,0.00019,LU
0.6668626804074805,0.486,-0.642,2.3192671256239543,5.105088062083414,-0.00042,0.00024,LU
0.6668626804074805,0.486,-0.642,2.3192671256239543,5.366887449882563,-0.00064,0.00031,LU
0.6668626804074805,0.486,-0.642,2.3192671256239543,5.6286868376817125,0.00049,0.00055,LU
0.6668626804074805,0.486,-0.642,2.3192671256239543,5.890486225480862,0.0003,0.00105,LU
0.6668626804074805,0.486,-0.642,2.3192671256239543,6.152285613280012,0.00086,0.00132,LU
0.6907025562858568,0.498,-0.486,2.663268668384773,0.1308996938995747,0.00019,0.0002,LU
0.6907025562858568,0.498,-0.486,2.663268668384773,0.3926990816987241,0.00041,0.00016,LU
0.6907025562858568,0.498,-0.486,2.663268668384773,0.6544984694978736,0.0001,0.00014,LU
0.6907025562858568,0.498,-0.486,2.663268668384773,0.9162978572970232,0.00026,0.00012,LU
0.6907025562858568,0.498,-0.486,2.663268668384773,1.1780972450961724,0.00018,0.0001,LU
0.6907025562858568,0.498,-0.486,2.663268668384773,1.439896632895322,0.00028,9e-05,LU
0.6907025562858568,0.498,-0.486,2.663268668384773,1.7016960206944716,0.00029,8e-05,LU
0.6907025562858568,0.498,-0.486,2.663268668384773,1.9634954084936207,0.00028,8e-05,LU
0.6907025562858568,0.498,-0.486,2.663268668384773,2.2252947962927703,5e-05,8e-05,LU
0.6907025562858568,0.498,-0.486,2.663268668384773,2.48709418409192,0.00017,8e-05,LU
0.6907025562858568,0.498,-0.486,2.663268668384773,2.748893571891069,0.00016,8e-05,LU
0.6907025562858568,0.498,-0.486,2.663268668384773,3.0106929596902186,0.00012,8e-05,LU
0.6907025562858568,0.498,-0.486,2.663268668384773,3.272492347489368,-2e-05,7e-05,LU
0.6907025562858568,0.498,-0.486,2.663268668384773,3.5342917352885173,-0.00017,8e-05,LU
0.6907025562858568,0.498,-0.486,2.663268668384773,3.7960911230876673,-0.00011,9e-05,LU
0.6907025562858568,0.498,-0.486,2.663268668384773,4.057890510886816,-0.00021,8e-05,LU
0.6907025562858568,0.498,-0.486,2.663268668384773,4.319689898685965,-0.00023,9e-05,LU
0.6907025562858568,0.498,-0.486,2.663268668384773,4.581489286485115,-0.0002,9e-05,LU
0.6907025562858568,0.498,-0.486,2.663268668384773,4.843288674284264,-0.0003,0.0001,LU
0.6907025562858568,0.498,-0.486,2.663268668384773,5.105088062083414,-0.00037,0.0001,LU
0.6907025562858568,0.498,-0.486,2.663268668384773,5.366887449882563,-0.00037,0.00012,LU
0.6907025562858568,0.498,-0.486,2.663268668384773,5.6286868376817125,-0.00012,0.00013,LU
0.6907025562858568,0.498,-0.486,2.663268668384773,5.890486225480862,-0.00034,0.00017,LU
0.6907025562858568,0.498,-0.486,2.663268668384773,6.152285613280012,-5e-05,0.00019,LU
0.6914564068531783,0.499,-0.571,2.667395733669828,0.1308996938995747,-6e-05,0.00033,LU
0.6914564068531783,0.499,-0.571,2.667395733669828,0.3926990816987241,0.00053,0.00024,LU
0.6914564068531783,0.499,-0.571,2.667395733669828,0.6544984694978736,-1e-05,0.00016,LU
0.6914564068531783,0.499,-0.571,2.667395733669828,0.9162978572970232,0.00059,0.00012,LU
0.6914564068531783,0.499,-0.571,2.667395733669828,1.1780972450961724,0.00034,9e-05,LU
0.6914564068531783,0.499,-0.571,2.667395733669828,1.439896632895322,0.00025,8e-05,LU
0.6914564068531783,0.499,-0.571,2.667395733669828,1.7016960206944716,0.00028,8e-05,LU
0.6914564068531783,0.499,-0.571,2.667395733669828,1.9634954084936207,5e-05,7e-05,LU
0.6914564068531783,0.499,-0.571,2.667395733669828,2.2252947962927703,0.0001,7e-05,LU
0.6914564068531783,0.499,-0.571,2.667395733669828,2.48709418409192,0.00024,7e-05,LU
0.6914564068531783,0.499,-0.571,2.667395733669828,2.748893571891069,0.0002,7e-05,LU
0.6914564068531783,0.499,-0.571,2.667395733669828,3.0106929596902186,2e-05,7e-05,LU
0.6914564068531783,0.499,-0.571,2.667395733669828,3.272492347489368,-3e-05,7e-05,LU
0.6914564068531783,0.499,-0.571,2.667395733669828,3.5342917352885173,0.0,8e-05,LU
0.6914564068531783,0.499,-0.571,2.667395733669828,3.7960911230876673,-0.00013,7e-05,LU
0.6914564068531783,0.499,-0.571,2.667395733669828,4.057890510886816,-0.00023,8e-05,LU
0.6914564068531783,0.499,-0.571,2.667395733669828,4.319689898685965,-0.00018,8e-05,LU
0.6914564068531783,0.499,-0.571,2.667395733669828,4.581489286485115,-0.00034,9e-05,LU
0.6914564068531783,0.499,-0.571,2.667395733669828,4.843288674284264,-0.00022,9e-05,LU
0.6914564068531783,0.499,-0.571,2.667395733669828,5.105088062083414,-0.00019,0.0001,LU
0.6914564068531783,0.499,-0.571,2.667395733669828,5.366887449882563,-0.00016,0.00013,LU
0.6914564068531783,0.499,-0.571,2.667395733669828,5.6286868376817125,-3e-05,0.00016,LU
0.6914564068531783,0.499,-0.571,2.667395733669828,5.890486225480862,-0.0001,0.00022,LU
0.6914564068531783,0.499,-0.571,2.667395733669828,6.152285613280012,0.00031,0.0003,LU
0.6905817606603915,0.499,-0.656,2.6657081610709,0.1308996938995747,-6e-05,0.00065,LU
0.6905817606603915,0.499,-0.656,2.6657081610709,0.3926990816987241,0.00012,0.00041,LU
0.6905817606603915,0.499,-0.656,2.6657081610709,0.6544984694978736,0.0002,0.00024,LU
0.6905817606603915,0.499,-0.656,2.6657081610709,0.9162978572970232,0.00017,0.00012,LU
0.6905817606603915,0.499,-0.656,2.6657081610709,1.1780972450961724,0.00026,9e-05,LU
0.6905817606603915,0.499,-0.656,2.6657081610709,1.439896632895322,0.00027,8e-05,LU
0.6905817606603915,0.499,-0.656,2.6657081610709,1.7016960206944716,0.00016,8e-05,LU
0.6905817606603915,0.499,-0.656,2.6657081610709,1.9634954084936207,0.00018,7e-05,LU
0.6905817606603915,0.499,-0.656,2.6657081610709,2.2252947962927703,0.00018,6e-05,LU
0.6905817606603915,0.499,-0.656,2.6657081610709,2.48709418409192,-2e-05,6e-05,LU
0.6905817606603915,0.499,-0.656,2.6657081610709,2.748893571891069,0.00011,6e-05,LU
0.6905817606603915,0.499,-0.656,2.6657081610709,3.0106929596902186,-1e-05,6e-05,LU
0.6905817606603915,0.499,-0.656,2.6657081610709,3.272492347489368,5e-05,6e-05,LU
0.6905817606603915,0.499,-0.656,2.6657081610709,3.5342917352885173,3e-05,6e-05,LU
0.6905817606603915,0.499,-0.656,2.6657081610709,3.7960911230876673,1e-05,6e-05,LU
0.6905817606603915,0.499,-0.656,2.6657081610709,4.057890510886816,-0.00018,7e-05,LU
0.6905817606603915,0.499,-0.656,2.6657081610709,4.319689898685965,-0.00026,7e-05,LU
0.6905817606603915,0.499,-0.656,2.6657081610709,4.581489286485115,-0.00015,9e-05,LU
0.6905817606603915,0.499,-0.656,2.6657081610709,4.843288674284264,-0.00015,8e-05,LU
0.6905817606603915,0.499,-0.656,2.6657081610709,5.105088062083414,-0.00022,9e-05,LU
0.6905817606603915,0.499,-0.656,2.6657081610709,5.366887449882563,-0.00024,0.00013,LU
0.6905817606603915,0.499,-0.656,2.6657081610709,5.6286868376817125,-0.00033,0.00021,LU
0.6905817606603915,0.499,-0.656,2.6657081610709,5.890486225480862,0.00052,0.00028,LU
0.6905817606603915,0.499,-0.656,2.6657081610709,6.152285613280012,-0.00056,0.00035,LU
0.6915789587962998,0.498,-0.816,2.664957785781981,0.1308996938995747,0.00202,0.00189,LU
0.6915789587962998,0.498,-0.816,2.664957785781981,0.3926990816987241,0.00033,0.0008,LU
0.6915789587962998,0.498,-0.816,2.664957785781981,0.6544984694978736,-0.00015,0.00023,LU
0.6915789587962998,0.498,-0.816,2.664957785781981,0.9162978572970232,0.00028,0.0001,LU
0.6915789587962998,0.498,-0.816,2.664957785781981,1.1780972450961724,0.00015,6e-05,LU
0.6915789587962998,0.498,-0.816,2.664957785781981,1.439896632895322,0.00029,5e-05,LU
0.6915789587962998,0.498,-0.816,2.664957785781981,1.7016960206944716,0.00013,4e-05,LU
0.6915789587962998,0.498,-0.816,2.664957785781981,1.9634954084936207,7e-05,3e-05,LU
0.6915789587962998,0.498,-0.816,2.664957785781981,2.2252947962927703,8e-05,3e-05,LU
0.6915789587962998,0.498,-0.816,2.664957785781981,2.48709418409192,6e-05,3e-05,LU
0.6915789587962998,0.498,-0.816,2.664957785781981,2.748893571891069,-1e-05,3e-05,LU
0.6915789587962998,0.498,-0.816,2.664957785781981,3.0106929596902186,4e-05,3e-05,LU
0.6915789587962998,0.498,-0.816,2.664957785781981,3.272492347489368,-5e-05,4e-05,LU
0.6915789587962998,0.498,-0.816,2.664957785781981,3.5342917352885173,-1e-05,4e-05,LU
0.6915789587962998,0.498,-0.816,2.664957785781981,3.7960911230876673,-6e-05,3e-05,LU
0.6915789587962998,0.498,-0.816,2.664957785781981,4.057890510886816,-8e-05,4e-05,LU
0.6915789587962998,0.498,-0.816,2.664957785781981,4.319689898685965,-0.00016,4e-05,LU
0.6915789587962998,0.498,-0.816,2.664957785781981,4.581489286485115,-0.0001,5e-05,LU
0.6915789587962998,0.498,-0.816,2.664957785781981,4.843288674284264,-0.00012,5e-05,LU
0.6915789587962998,0.498,-0.816,2.664957785781981,5.105088062083414,-0.00023,6e-05,LU
0.6915789587962998,0.498,-0.816,2.664957785781981,5.366887449882563,-0.00011,0.0001,LU
0.6915789587962998,0.498,-0.816,2.664957785781981,5.6286868376817125,-0.00026,0.0002,LU
0.6915789587962998,0.498,-0.816,2.664957785781981,5.890486225480862,0.00016,0.00068,LU
0.6915789587962998,0.498,-0.816,2.664957785781981,6.152285613280012,5e-05,0.00027,LU
0.7461556028372003,0.451,-0.34,1.905255888325765,0.130201562198777,0.0041,0.0052924474489597,LU
0.7461556028372003,0.451,-0.34,1.905255888325765,0.3906046865963309,0.0078,0.005629387178015,LU
0.7461556028372003,0.451,-0.34,1.905255888325765,0.6515314097694832,0.0064,0.0049335585534176,LU
0.7461556028372003,0.451,-0.34,1.905255888325765,0.912981731718234,0.0057,0.0040706264874095,LU
0.7461556028372003,0.451,-0.34,1.905255888325765,1.1747811195173832,0.0063,0.0043416586692184,LU
0.7461556028372003,0.451,-0.34,1.905255888325765,1.436755040241732,0.0011,0.0051478150704935,LU
0.7461556028372003,0.451,-0.34,1.905255888325765,1.6989034938912804,0.0046,0.0043011626335213,LU
0.7461556028372003,0.451,-0.34,1.905255888325765,4.322133359638758,0.0046,0.0074966659255965,LU
0.7461556028372003,0.451,-0.34,1.905255888325765,4.584281813288307,-0.0031,0.004657252408878,LU
0.7461556028372003,0.451,-0.34,1.905255888325765,4.846430266937855,0.0019,0.005437830449729,LU
0.7461556028372003,0.451,-0.34,1.905255888325765,5.108404187662203,-0.0025,0.0053758720222862,LU
0.7461556028372003,0.451,-0.34,1.905255888325765,5.370203575461352,-0.0059,0.0043174066289845,LU
0.7461556028372003,0.451,-0.34,1.905255888325765,5.631653897410104,-0.0075,0.0044147480109288,LU
0.7461556028372003,0.451,-0.34,1.905255888325765,5.892580620583256,-0.0024,0.0041231056256176,LU
0.7461556028372003,0.451,-0.34,1.905255888325765,6.15298374498081,-0.0129,0.0050477717856495,LU
0.735778446765844,0.475,-0.45,1.94164878389476,0.1300270292735775,0.0015,0.0028231188426986,LU
0.735778446765844,0.475,-0.45,1.94164878389476,0.3895574890451344,-0.0022,0.0026248809496813,LU
0.735778446765844,0.475,-0.45,1.94164878389476,0.6497860805174888,0.0011,0.0023323807579381,LU
0.735778446765844,0.475,-0.45,1.94164878389476,0.9114109353914388,0.004,0.0017464249196573,LU
0.735778446765844,0.475,-0.45,1.94164878389476,1.1733848561157878,0.0034,0.0014560219778561,LU
0.735778446765844,0.475,-0.45,1.94164878389476,1.4357078426905356,0.0031,0.0017,LU
0.735778446765844,0.475,-0.45,1.94164878389476,1.6980308292652837,0.0039,0.0024839484696748,LU
0.735778446765844,0.475,-0.45,1.94164878389476,1.9605283487652303,0.0005,0.0018788294228055,LU
0.735778446765844,0.475,-0.45,1.94164878389476,4.322656958414356,0.0,0.0021470910553583,LU
0.735778446765844,0.475,-0.45,1.94164878389476,4.585154477914303,0.0011,0.001676305461424,LU
0.735778446765844,0.475,-0.45,1.94164878389476,4.847477464489051,-0.0013,0.0020615528128088,LU
0.735778446765844,0.475,-0.45,1.94164878389476,5.109800451063799,-0.0024,0.0019209372712298,LU
0.735778446765844,0.475,-0.45,1.94164878389476,5.371774371788147,-0.0036,0.0023409399821439,LU
0.735778446765844,0.475,-0.45,1.94164878389476,5.633399226662097,-0.0005,0.0021189620100417,LU
0.735778446765844,0.475,-0.45,1.94164878389476,5.893627818134452,-0.0006,0.0023769728648009,LU
0.735778446765844,0.475,-0.45,1.94164878389476,6.15315827790601,-0.0025,0.0024515301344262,LU
