x,xi,t,f,delta f
-0.945,0.14285714285714285,-0.203,0.262991,0.087509
-0.935,0.14285714285714285,-0.203,0.263041,0.089773
-0.925,0.14285714285714285,-0.203,0.263634,0.091986
-0.915,0.14285714285714285,-0.203,0.264872,0.094129
-0.905,0.14285714285714285,-0.203,0.26686,0.096189
-0.895,0.14285714285714285,-0.203,0.269702,0.098159
-0.885,0.14285714285714285,-0.203,0.273501,0.100042
-0.875,0.14285714285714285,-0.203,0.278356,0.101849
-0.865,0.14285714285714285,-0.203,0.284355,0.103595
-0.855,0.14285714285714285,-0.203,0.29158,0.105302
-0.845,0.14285714285714285,-0.203,0.300098,0.106992
-0.835,0.14285714285714285,-0.203,0.309962,0.10869
-0.825,0.14285714285714285,-0.203,0.32121,0.110416
-0.815,0.14285714285714285,-0.203,0.333862,0.11219
-0.805,0.14285714285714285,-0.203,0.347918,0.114028
-0.795,0.14285714285714285,-0.203,0.363361,0.11594
-0.785,0.14285714285714285,-0.203,0.38015,0.117933
-0.775,0.14285714285714285,-0.203,0.398226,0.120008
-0.765,0.14285714285714285,-0.203,0.417505,0.122167
-0.755,0.14285714285714285,-0.203,0.437883,0.124407
-0.745,0.14285714285714285,-0.203,0.459236,0.126724
-0.735,0.14285714285714285,-0.203,0.481416,0.129114
-0.725,0.14285714285714285,-0.203,0.50426,0.131571
-0.715,0.14285714285714285,-0.203,0.527588,0.13409
-0.705,0.14285714285714285,-0.203,0.551209,0.136663
-0.695,0.14285714285714285,-0.203,0.574924,0.139281
-0.685,0.14285714285714285,-0.203,0.598534,0.141934
-0.675,0.14285714285714285,-0.203,0.621846,0.144611
-0.665,0.14285714285714285,-0.203,0.644681,0.147299
-0.655,0.14285714285714285,-0.203,0.66688,0.149988
-0.645,0.14285714285714285,-0.203,0.688316,0.152668
-0.635,0.14285714285714285,-0.203,0.708898,0.155336
-0.625,0.14285714285714285,-0.203,0.728578,0.15799
-0.615,0.14285714285714285,-0.203,0.747359,0.16064
-0.605,0.14285714285714285,-0.203,0.765291,0.1633
-0.595,0.14285714285714285,-0.203,0.782481,0.165991
-0.585,0.14285714285714285,-0.203,0.79908,0.168744
-0.575,0.14285714285714285,-0.203,0.815285,0.171592
-0.565,0.14285714285714285,-0.203,0.831328,0.17457
-0.555,0.14285714285714285,-0.203,0.847468,0.177714
-0.545,0.14285714285714285,-0.203,0.863975,0.181058
-0.535,0.14285714285714285,-0.203,0.881123,0.184628
-0.525,0.14285714285714285,-0.203,0.899173,0.188445
-0.515,0.14285714285714285,-0.203,0.918366,0.192524
-0.505,0.14285714285714285,-0.203,0.938906,0.196873
-0.495,0.14285714285714285,-0.203,0.96096,0.201494
-0.485,0.14285714285714285,-0.203,0.984645,0.206386
-0.475,0.14285714285714285,-0.203,1.010029,0.211549
-0.465,0.14285714285714285,-0.203,1.037128,0.216982
-0.455,0.14285714285714285,-0.203,1.06591,0.222689
-0.445,0.14285714285714285,-0.203,1.096297,0.228677
-0.435,0.14285714285714285,-0.203,1.12817,0.234959
-0.425,0.14285714285714285,-0.203,1.161381,0.24155
-0.415,0.14285714285714285,-0.203,1.195757,0.248472
-0.405,0.14285714285714285,-0.203,1.231114,0.255747
-0.395,0.14285714285714285,-0.203,1.267265,0.263402
-0.385,0.14285714285714285,-0.203,1.304034,0.271461
-0.375,0.14285714285714285,-0.203,1.341267,0.279951
-0.365,0.14285714285714285,-0.203,1.378845,0.288898
-0.355,0.14285714285714285,-0.203,1.416699,0.298329
-0.345,0.14285714285714285,-0.203,1.454823,0.308277
-0.335,0.14285714285714285,-0.203,1.493291,0.318779
-0.325,0.14285714285714285,-0.203,1.532268,0.329886
-0.315,0.14285714285714285,-0.203,1.572032,0.341663
-0.305,0.14285714285714285,-0.203,1.612985,0.354201
-0.295,0.14285714285714285,-0.203,1.65567,0.367618
-0.285,0.14285714285714285,-0.203,1.700782,0.382072
-0.275,0.14285714285714285,-0.203,1.749178,0.397764
-0.265,0.14285714285714285,-0.203,1.801887,0.414946
-0.255,0.14285714285714285,-0.203,1.860114,0.43393
-0.245,0.14285714285714285,-0.203,1.92525,0.455096
-0.235,0.14285714285714285,-0.203,1.998891,0.478905
-0.225,0.14285714285714285,-0.203,2.082875,0.505913
-0.215,0.14285714285714285,-0.203,2.17936,0.536802
-0.205,0.14285714285714285,-0.203,2.29097,0.57243
-0.195,0.14285714285714285,-0.203,2.421082,0.613926
-0.085,0.14285714285714285,-0.203,2.569186,0.656294
-0.075,0.14285714285714285,-0.203,2.598802,0.650729
-0.065,0.14285714285714285,-0.203,2.628378,0.644834
-0.055,0.14285714285714285,-0.203,2.659554,0.638965
0.055,0.14285714285714285,-0.203,3.68,0.551568
0.065,0.14285714285714285,-0.203,3.614826,0.539016
0.075,0.14285714285714285,-0.203,3.553491,0.527182
0.085,0.14285714285714285,-0.203,3.49439,0.515942
0.195,0.14285714285714285,-0.203,2.843771,0.519941
0.205,0.14285714285714285,-0.203,2.545264,0.499088
0.215,0.14285714285714285,-0.203,2.281205,0.483473
0.225,0.14285714285714285,-0.203,2.046426,0.471068
0.235,0.14285714285714285,-0.203,1.837015,0.460281
0.245,0.14285714285714285,-0.203,1.649794,0.449932
0.255,0.14285714285714285,-0.203,1.482036,0.439204
0.265,0.14285714285714285,-0.203,1.331311,0.427592
0.275,0.14285714285714285,-0.203,1.195412,0.414839
0.285,0.14285714285714285,-0.203,1.07232,0.400883
0.295,0.14285714285714285,-0.203,0.9602,0.385801
0.305,0.14285714285714285,-0.203,0.857399,0.369766
0.315,0.14285714285714285,-0.203,0.762453,0.353006
0.325,0.14285714285714285,-0.203,0.674089,0.335778
0.335,0.14285714285714285,-0.203,0.591222,0.318342
0.345,0.14285714285714285,-0.203,0.512946,0.300944
0.355,0.14285714285714285,-0.203,0.438525,0.283806
0.365,0.14285714285714285,-0.203,0.367378,0.267118
0.375,0.14285714285714285,-0.203,0.29906,0.251038
0.385,0.14285714285714285,-0.203,0.233247,0.235693
0.395,0.14285714285714285,-0.203,0.169721,0.22118
0.405,0.14285714285714285,-0.203,0.108352,0.20758
0.415,0.14285714285714285,-0.203,0.049085,0.194958
0.425,0.14285714285714285,-0.203,-0.008069,0.18337
0.435,0.14285714285714285,-0.203,-0.063044,0.172868
0.445,0.14285714285714285,-0.203,-0.115729,0.163497
0.455,0.14285714285714285,-0.203,-0.165976,0.155291
0.465,0.14285714285714285,-0.203,-0.213606,0.148265
0.475,0.14285714285714285,-0.203,-0.258424,0.142402
0.485,0.14285714285714285,-0.203,-0.300224,0.13765
0.495,0.14285714285714285,-0.203,-0.338803,0.133912
0.505,0.14285714285714285,-0.203,-0.373969,0.131054
0.515,0.14285714285714285,-0.203,-0.405558,0.128908
0.525,0.14285714285714285,-0.203,-0.433439,0.127294
0.535,0.14285714285714285,-0.203,-0.457529,0.126028
0.545,0.14285714285714285,-0.203,-0.477794,0.124939
0.555,0.14285714285714285,-0.203,-0.494257,0.123883
0.565,0.14285714285714285,-0.203,-0.507,0.122745
0.575,0.14285714285714285,-0.203,-0.51616,0.121442
0.585,0.14285714285714285,-0.203,-0.521921,0.119925
0.595,0.14285714285714285,-0.203,-0.524515,0.118168
0.605,0.14285714285714285,-0.203,-0.524205,0.116173
0.615,0.14285714285714285,-0.203,-0.521275,0.113954
0.625,0.14285714285714285,-0.203,-0.516028,0.11154
0.635,0.14285714285714285,-0.203,-0.508768,0.108964
0.645,0.14285714285714285,-0.203,-0.499796,0.106263
0.655,0.14285714285714285,-0.203,-0.489403,0.103475
0.665,0.14285714285714285,-0.203,-0.477866,0.100637
0.675,0.14285714285714285,-0.203,-0.465444,0.097784
0.685,0.14285714285714285,-0.203,-0.452376,0.094952
0.695,0.14285714285714285,-0.203,-0.438881,0.092174
0.705,0.14285714285714285,-0.203,-0.425158,0.089485
0.715,0.14285714285714285,-0.203,-0.411389,0.086921
0.725,0.14285714285714285,-0.203,-0.397734,0.084514
0.735,0.14285714285714285,-0.203,-0.384338,0.082295
0.745,0.14285714285714285,-0.203,-0.371328,0.08029
0.755,0.14285714285714285,-0.203,-0.358813,0.078514
0.765,0.14285714285714285,-0.203,-0.346886,0.076974
0.775,0.14285714285714285,-0.203,-0.335623,0.075663
0.785,0.14285714285714285,-0.203,-0.325085,0.074561
0.795,0.14285714285714285,-0.203,-0.315314,0.073638
0.805,0.14285714285714285,-0.203,-0.306339,0.072851
0.815,0.14285714285714285,-0.203,-0.298171,0.072157
0.825,0.14285714285714285,-0.203,-0.290811,0.071508
0.835,0.14285714285714285,-0.203,-0.284246,0.070862
0.845,0.14285714285714285,-0.203,-0.278453,0.07018
0.855,0.14285714285714285,-0.203,-0.273403,0.069436
0.865,0.14285714285714285,-0.203,-0.269061,0.068611
0.875,0.14285714285714285,-0.203,-0.265387,0.067697
0.885,0.14285714285714285,-0.203,-0.262342,0.066697
0.895,0.14285714285714285,-0.203,-0.259887,0.06562
0.905,0.14285714285714285,-0.203,-0.257984,0.064482
0.915,0.14285714285714285,-0.203,-0.256595,0.063302
0.925,0.14285714285714285,-0.203,-0.255688,0.062102
0.935,0.14285714285714285,-0.203,-0.255229,0.0609
0.945,0.14285714285714285,-0.203,-0.255187,0.059716
-0.945,0.14285714285714285,-0.343,0.32408,0.061381
-0.935,0.14285714285714285,-0.343,0.328468,0.062206
-0.925,0.14285714285714285,-0.343,0.33256,0.062971
-0.915,0.14285714285714285,-0.343,0.336375,0.063666
-0.905,0.14285714285714285,-0.343,0.339941,0.064289
-0.895,0.14285714285714285,-0.343,0.343302,0.064845
-0.885,0.14285714285714285,-0.343,0.346508,0.065345
-0.875,0.14285714285714285,-0.343,0.349622,0.065804
-0.865,0.14285714285714285,-0.343,0.352711,0.066246
-0.855,0.14285714285714285,-0.343,0.355848,0.066695
-0.845,0.14285714285714285,-0.343,0.359107,0.067177
-0.835,0.14285714285714285,-0.343,0.362561,0.067716
-0.825,0.14285714285714285,-0.343,0.366276,0.068334
-0.815,0.14285714285714285,-0.343,0.370313,0.069047
-0.805,0.14285714285714285,-0.343,0.37472,0.069864
-0.795,0.14285714285714285,-0.343,0.379533,0.07079
-0.785,0.14285714285714285,-0.343,0.384772,0.071823
-0.775,0.14285714285714285,-0.343,0.39044,0.072955
-0.765,0.14285714285714285,-0.343,0.396522,0.074177
-0.755,0.14285714285714285,-0.343,0.402988,0.07548
-0.745,0.14285714285714285,-0.343,0.409787,0.076853
-0.735,0.14285714285714285,-0.343,0.416856,0.078289
-0.725,0.14285714285714285,-0.343,0.424115,0.07978
-0.715,0.14285714285714285,-0.343,0.431474,0.081322
-0.705,0.14285714285714285,-0.343,0.438837,0.082915
-0.695,0.14285714285714285,-0.343,0.446102,0.084557
-0.685,0.14285714285714285,-0.343,0.453168,0.086249
-0.675,0.14285714285714285,-0.343,0.45994,0.087991
-0.665,0.14285714285714285,-0.343,0.466333,0.089784
-0.655,0.14285714285714285,-0.343,0.472276,0.091629
-0.645,0.14285714285714285,-0.343,0.477718,0.093528
-0.635,0.14285714285714285,-0.343,0.482633,0.095486
-0.625,0.14285714285714285,-0.343,0.487021,0.097506
-0.615,0.14285714285714285,-0.343,0.490911,0.099599
-0.605,0.14285714285714285,-0.343,0.494366,0.101776
-0.595,0.14285714285714285,-0.343,0.497474,0.10405
-0.585,0.14285714285714285,-0.343,0.500357,0.106438
-0.575,0.14285714285714285,-0.343,0.503157,0.108957
-0.565,0.14285714285714285,-0.343,0.50604,0.111622
-0.555,0.14285714285714285,-0.343,0.509185,0.114447
-0.545,0.14285714285714285,-0.343,0.512777,0.11744
-0.535,0.14285714285714285,-0.343,0.517,0.120606
-0.525,0.14285714285714285,-0.343,0.522034,0.123942
-0.515,0.14285714285714285,-0.343,0.528039,0.127441
-0.505,0.14285714285714285,-0.343,0.535154,0.131095
-0.495,0.14285714285714285,-0.343,0.543491,0.134889
-0.485,0.14285714285714285,-0.343,0.553128,0.138813
-0.475,0.14285714285714285,-0.343,0.564108,0.142857
-0.465,0.14285714285714285,-0.343,0.576436,0.147016
-0.455,0.14285714285714285,-0.343,0.590082,0.15129
-0.445,0.14285714285714285,-0.343,0.604979,0.155687
-0.435,0.14285714285714285,-0.343,0.621031,0.160222
-0.425,0.14285714285714285,-0.343,0.638115,0.164914
-0.415,0.14285714285714285,-0.343,0.656089,0.169792
-0.405,0.14285714285714285,-0.343,0.674801,0.174886
-0.395,0.14285714285714285,-0.343,0.694096,0.180228
-0.385,0.14285714285714285,-0.343,0.713823,0.185853
-0.375,0.14285714285714285,-0.343,0.733852,0.191793
-0.365,0.14285714285714285,-0.343,0.754077,0.198079
-0.355,0.14285714285714285,-0.343,0.77443,0.204741
-0.345,0.14285714285714285,-0.343,0.794891,0.211805
-0.335,0.14285714285714285,-0.343,0.815496,0.219298
-0.325,0.14285714285714285,-0.343,0.836352,0.22725
-0.315,0.14285714285714285,-0.343,0.857646,0.235695
-0.305,0.14285714285714285,-0.343,0.87965,0.244677
-0.295,0.14285714285714285,-0.343,0.902739,0.254256
-0.285,0.14285714285714285,-0.343,0.927387,0.264509
-0.275,0.14285714285714285,-0.343,0.95418,0.27554
-0.265,0.14285714285714285,-0.343,0.983813,0.287484
-0.255,0.14285714285714285,-0.343,1.017096,0.300514
-0.245,0.14285714285714285,-0.343,1.054946,0.314846
-0.235,0.14285714285714285,-0.343,1.098401,0.330754
-0.225,0.14285714285714285,-0.343,1.14863,0.348579
-0.215,0.14285714285714285,-0.343,1.206974,0.368751
-0.205,0.14285714285714285,-0.343,1.275022,0.391828
-0.195,0.14285714285714285,-0.343,1.354776,0.418557
-0.085,0.14285714285714285,-0.343,1.549132,0.426647
-0.075,0.14285714285714285,-0.343,1.580908,0.420481
-0.065,0.14285714285714285,-0.343,1.612148,0.414219
-0.055,0.14285714285714285,-0.343,1.643985,0.408056
0.055,0.14285714285714285,-0.343,2.79318,0.342146
0.065,0.14285714285714285,-0.343,2.746144,0.336868
0.075,0.14285714285714285,-0.343,2.702044,0.332169
0.085,0.14285714285714285,-0.343,2.6597,0.327996
0.195,0.14285714285714285,-0.343,2.207813,0.367302
0.205,0.14285714285714285,-0.343,1.977935,0.350036
0.215,0.14285714285714285,-0.343,1.774257,0.335366
0.225,0.14285714285714285,-0.343,1.592816,0.322303
0.235,0.14285714285714285,-0.343,1.430628,0.310097
0.245,0.14285714285714285,-0.343,1.285294,0.298209
0.255,0.14285714285714285,-0.343,1.154774,0.286281
0.265,0.14285714285714285,-0.343,1.037277,0.274115
0.275,0.14285714285714285,-0.343,0.931196,0.261642
0.285,0.14285714285714285,-0.343,0.835081,0.248898
0.295,0.14285714285714285,-0.343,0.747632,0.235997
0.305,0.14285714285714285,-0.343,0.667692,0.223106
0.315,0.14285714285714285,-0.343,0.594249,0.210424
0.325,0.14285714285714285,-0.343,0.526433,0.19816
0.335,0.14285714285714285,-0.343,0.463509,0.186515
0.345,0.14285714285714285,-0.343,0.404869,0.175665
0.355,0.14285714285714285,-0.343,0.350015,0.165749
0.365,0.14285714285714285,-0.343,0.298547,0.156856
0.375,0.14285714285714285,-0.343,0.250145,0.14902
0.385,0.14285714285714285,-0.343,0.204556,0.142222
0.395,0.14285714285714285,-0.343,0.161578,0.136395
0.405,0.14285714285714285,-0.343,0.121047,0.131436
0.415,0.14285714285714285,-0.343,0.082828,0.127222
0.425,0.14285714285714285,-0.343,0.04681,0.123624
0.435,0.14285714285714285,-0.343,0.012898,0.120518
0.445,0.14285714285714285,-0.343,-0.018987,0.117795
0.455,0.14285714285714285,-0.343,-0.048913,0.115359
0.465,0.14285714285714285,-0.343,-0.076936,0.113135
0.475,0.14285714285714285,-0.343,-0.1031,0.111055
0.485,0.14285714285714285,-0.343,-0.127442,0.109063
0.495,0.14285714285714285,-0.343,-0.149991,0.107109
0.505,0.14285714285714285,-0.343,-0.170771,0.105145
0.515,0.14285714285714285,-0.343,-0.189807,0.103128
0.525,0.14285714285714285,-0.343,-0.207127,0.101019
0.535,0.14285714285714285,-0.343,-0.222765,0.098787
0.545,0.14285714285714285,-0.343,-0.236765,0.096407
0.555,0.14285714285714285,-0.343,-0.249187,0.09387
0.565,0.14285714285714285,-0.343,-0.260099,0.091174
0.575,0.14285714285714285,-0.343,-0.269588,0.088335
0.585,0.14285714285714285,-0.343,-0.27775,0.085379
0.595,0.14285714285714285,-0.343,-0.284693,0.082342
0.605,0.14285714285714285,-0.343,-0.29053,0.079268
0.615,0.14285714285714285,-0.343,-0.295379,0.076207
0.625,0.14285714285714285,-0.343,-0.299356,0.073209
0.635,0.14285714285714285,-0.343,-0.302574,0.070321
0.645,0.14285714285714285,-0.343,-0.305138,0.067586
0.655,0.14285714285714285,-0.343,-0.307145,0.065039
0.665,0.14285714285714285,-0.343,-0.308678,0.062707
0.675,0.14285714285714285,-0.343,-0.309811,0.060608
0.685,0.14285714285714285,-0.343,-0.310603,0.05875
0.695,0.14285714285714285,-0.343,-0.311102,0.057136
0.705,0.14285714285714285,-0.343,-0.311344,0.055763
0.715,0.14285714285714285,-0.343,-0.311352,0.054623
0.725,0.14285714285714285,-0.343,-0.31114,0.053702
0.735,0.14285714285714285,-0.343,-0.310711,0.052983
0.745,0.14285714285714285,-0.343,-0.31006,0.052445
0.755,0.14285714285714285,-0.343,-0.309174,0.05206
0.765,0.14285714285714285,-0.343,-0.308035,0.051796
0.775,0.14285714285714285,-0.343,-0.306618,0.051616
0.785,0.14285714285714285,-0.343,-0.304899,0.05148
0.795,0.14285714285714285,-0.343,-0.302849,0.051346
0.805,0.14285714285714285,-0.343,-0.300442,0.051172
0.815,0.14285714285714285,-0.343,-0.297656,0.050921
0.825,0.14285714285714285,-0.343,-0.294473,0.050559
0.835,0.14285714285714285,-0.343,-0.290884,0.050059
0.845,0.14285714285714285,-0.343,-0.286888,0.049404
0.855,0.14285714285714285,-0.343,-0.282492,0.048583
0.865,0.14285714285714285,-0.343,-0.277717,0.047596
0.875,0.14285714285714285,-0.343,-0.272592,0.046452
0.885,0.14285714285714285,-0.343,-0.267154,0.045167
0.895,0.14285714285714285,-0.343,-0.261452,0.043762
0.905,0.14285714285714285,-0.343,-0.255538,0.042267
0.915,0.14285714285714285,-0.343,-0.249472,0.040711
0.925,0.14285714285714285,-0.343,-0.243315,0.039129
0.935,0.14285714285714285,-0.343,-0.237129,0.037554
0.945,0.14285714285714285,-0.343,-0.230975,0.036017
-0.945,0.14285714285714285,-0.613,0.195387,0.037482
-0.935,0.14285714285714285,-0.613,0.198961,0.038106
-0.925,0.14285714285714285,-0.613,0.202219,0.038673
-0.915,0.14285714285714285,-0.613,0.205167,0.039175
-0.905,0.14285714285714285,-0.613,0.20782,0.039608
-0.895,0.14285714285714285,-0.613,0.210204,0.039975
-0.885,0.14285714285714285,-0.613,0.212358,0.04028
-0.875,0.14285714285714285,-0.613,0.214326,0.040535
-0.865,0.14285714285714285,-0.613,0.21616,0.040752
-0.855,0.14285714285714285,-0.613,0.217918,0.040948
-0.845,0.14285714285714285,-0.613,0.21966,0.041142
-0.835,0.14285714285714285,-0.613,0.221445,0.041352
-0.825,0.14285714285714285,-0.613,0.223329,0.041595
-0.815,0.14285714285714285,-0.613,0.225364,0.041885
-0.805,0.14285714285714285,-0.613,0.227591,0.042232
-0.795,0.14285714285714285,-0.613,0.230041,0.042641
-0.785,0.14285714285714285,-0.613,0.232732,0.043116
-0.775,0.14285714285714285,-0.613,0.235671,0.043652
-0.765,0.14285714285714285,-0.613,0.238846,0.044246
-0.755,0.14285714285714285,-0.613,0.242235,0.044891
-0.745,0.14285714285714285,-0.613,0.245799,0.04558
-0.735,0.14285714285714285,-0.613,0.249488,0.046304
-0.725,0.14285714285714285,-0.613,0.25324,0.047056
-0.715,0.14285714285714285,-0.613,0.256984,0.04783
-0.705,0.14285714285714285,-0.613,0.260644,0.048619
-0.695,0.14285714285714285,-0.613,0.264141,0.04942
-0.685,0.14285714285714285,-0.613,0.267399,0.050227
-0.675,0.14285714285714285,-0.613,0.270343,0.051035
-0.665,0.14285714285714285,-0.613,0.272911,0.051841
-0.655,0.14285714285714285,-0.613,0.275053,0.052641
-0.645,0.14285714285714285,-0.613,0.276734,0.053434
-0.635,0.14285714285714285,-0.613,0.277942,0.054218
-0.625,0.14285714285714285,-0.613,0.278685,0.054995
-0.615,0.14285714285714285,-0.613,0.278997,0.055769
-0.605,0.14285714285714285,-0.613,0.278937,0.056546
-0.595,0.14285714285714285,-0.613,0.278589,0.057337
-0.585,0.14285714285714285,-0.613,0.278058,0.058153
-0.575,0.14285714285714285,-0.613,0.277473,0.059006
-0.565,0.14285714285714285,-0.613,0.276977,0.059911
-0.555,0.14285714285714285,-0.613,0.276725,0.060879
-0.545,0.14285714285714285,-0.613,0.276877,0.06192
-0.535,0.14285714285714285,-0.613,0.277592,0.063041
-0.525,0.14285714285714285,-0.613,0.279024,0.064244
-0.515,0.14285714285714285,-0.613,0.281311,0.065529
-0.505,0.14285714285714285,-0.613,0.284571,0.066892
-0.495,0.14285714285714285,-0.613,0.2889,0.068327
-0.485,0.14285714285714285,-0.613,0.294361,0.069829
-0.475,0.14285714285714285,-0.613,0.300988,0.07139
-0.465,0.14285714285714285,-0.613,0.30878,0.073008
-0.455,0.14285714285714285,-0.613,0.317703,0.074681
-0.445,0.14285714285714285,-0.613,0.32769,0.076412
-0.435,0.14285714285714285,-0.613,0.338647,0.078209
-0.425,0.14285714285714285,-0.613,0.350453,0.080081
-0.415,0.14285714285714285,-0.613,0.362972,0.082043
-0.405,0.14285714285714285,-0.613,0.376054,0.084112
-0.395,0.14285714285714285,-0.613,0.38955,0.086306
-0.385,0.14285714285714285,-0.613,0.403312,0.088643
-0.375,0.14285714285714285,-0.613,0.41721,0.091143
-0.365,0.14285714285714285,-0.613,0.431135,0.093823
-0.355,0.14285714285714285,-0.613,0.445013,0.096701
-0.345,0.14285714285714285,-0.613,0.458809,0.099791
-0.335,0.14285714285714285,-0.613,0.472537,0.103109
-0.325,0.14285714285714285,-0.613,0.48627,0.106668
-0.315,0.14285714285714285,-0.613,0.500145,0.110487
-0.305,0.14285714285714285,-0.613,0.51437,0.114583
-0.295,0.14285714285714285,-0.613,0.529232,0.118983
-0.285,0.14285714285714285,-0.613,0.545095,0.123722
-0.275,0.14285714285714285,-0.613,0.562407,0.128844
-0.265,0.14285714285714285,-0.613,0.581696,0.134412
-0.255,0.14285714285714285,-0.613,0.603568,0.140503
-0.245,0.14285714285714285,-0.613,0.628698,0.147221
-0.235,0.14285714285714285,-0.613,0.657834,0.154696
-0.225,0.14285714285714285,-0.613,0.691796,0.163094
-0.215,0.14285714285714285,-0.613,0.731492,0.172628
-0.205,0.14285714285714285,-0.613,0.777962,0.183572
-0.195,0.14285714285714285,-0.613,0.832471,0.196294
-0.085,0.14285714285714285,-0.613,1.050633,0.201234
-0.075,0.14285714285714285,-0.613,1.08477,0.198135
-0.065,0.14285714285714285,-0.613,1.118154,0.195015
-0.055,0.14285714285714285,-0.613,1.151677,0.19197
0.055,0.14285714285714285,-0.613,2.47547,0.241184
0.065,0.14285714285714285,-0.613,2.438575,0.238433
0.075,0.14285714285714285,-0.613,2.404396,0.236088
0.085,0.14285714285714285,-0.613,2.371946,0.234098
0.195,0.14285714285714285,-0.613,2.041643,0.257434
0.205,0.14285714285714285,-0.613,1.837173,0.24247
0.215,0.14285714285714285,-0.613,1.655377,0.229413
0.225,0.14285714285714285,-0.613,1.492754,0.217716
0.235,0.14285714285714285,-0.613,1.346687,0.206964
0.245,0.14285714285714285,-0.613,1.215088,0.196844
0.255,0.14285714285714285,-0.613,1.096206,0.187134
0.265,0.14285714285714285,-0.613,0.988518,0.177691
0.275,0.14285714285714285,-0.613,0.890678,0.168441
0.285,0.14285714285714285,-0.613,0.801482,0.159362
0.295,0.14285714285714285,-0.613,0.719865,0.150481
0.305,0.14285714285714285,-0.613,0.64489,0.141852
0.315,0.14285714285714285,-0.613,0.575747,0.133553
0.325,0.14285714285714285,-0.613,0.511745,0.125668
0.335,0.14285714285714285,-0.613,0.452311,0.118283
0.345,0.14285714285714285,-0.613,0.39697,0.111469
0.355,0.14285714285714285,-0.613,0.34534,0.105282
0.365,0.14285714285714285,-0.613,0.297112,0.099753
0.375,0.14285714285714285,-0.613,0.252037,0.094883
0.385,0.14285714285714285,-0.613,0.209911,0.090648
0.395,0.14285714285714285,-0.613,0.170562,0.086999
0.405,0.14285714285714285,-0.613,0.133839,0.083873
0.415,0.14285714285714285,-0.613,0.099605,0.081194
0.425,0.14285714285714285,-0.613,0.067731,0.078886
0.435,0.14285714285714285,-0.613,0.038093,0.076876
0.445,0.14285714285714285,-0.613,0.010572,0.0751
0.455,0.14285714285714285,-0.613,-0.014947,0.073502
0.465,0.14285714285714285,-0.613,-0.038573,0.072035
0.475,0.14285714285714285,-0.613,-0.060408,0.070658
0.485,0.14285714285714285,-0.613,-0.080545,0.069336
0.495,0.14285714285714285,-0.613,-0.099069,0.068035
0.505,0.14285714285714285,-0.613,-0.116058,0.066726
0.515,0.14285714285714285,-0.613,-0.131584,0.06538
0.525,0.14285714285714285,-0.613,-0.145712,0.063972
0.535,0.14285714285714285,-0.613,-0.158508,0.062482
0.545,0.14285714285714285,-0.613,-0.170039,0.060895
0.555,0.14285714285714285,-0.613,-0.180372,0.059206
0.565,0.14285714285714285,-0.613,-0.18958,0.057414
0.575,0.14285714285714285,-0.613,-0.197738,0.05553
0.585,0.14285714285714285,-0.613,-0.204927,0.053572
0.595,0.14285714285714285,-0.613,-0.211231,0.051564
0.605,0.14285714285714285,-0.613,-0.216734,0.049535
0.615,0.14285714285714285,-0.613,-0.22152,0.047519
0.625,0.14285714285714285,-0.613,-0.225671,0.045549
0.635,0.14285714285714285,-0.613,-0.229262,0.043655
0.645,0.14285714285714285,-0.613,-0.232365,0.041868
0.655,0.14285714285714285,-0.613,-0.235041,0.04021
0.665,0.14285714285714285,-0.613,-0.237343,0.038698
0.675,0.14285714285714285,-0.613,-0.239315,0.037344
0.685,0.14285714285714285,-0.613,-0.240992,0.036154
0.695,0.14285714285714285,-0.613,-0.2424,0.035126
0.705,0.14285714285714285,-0.613,-0.243555,0.034256
0.715,0.14285714285714285,-0.613,-0.244465,0.033537
0.725,0.14285714285714285,-0.613,-0.245131,0.032955
0.735,0.14285714285714285,-0.613,-0.245547,0.032498
0.745,0.14285714285714285,-0.613,-0.245699,0.032147
0.755,0.14285714285714285,-0.613,-0.245571,0.031882
0.765,0.14285714285714285,-0.613,-0.245139,0.031682
0.775,0.14285714285714285,-0.613,-0.244379,0.031521
0.785,0.14285714285714285,-0.613,-0.243263,0.031374
0.795,0.14285714285714285,-0.613,-0.241766,0.031215
0.805,0.14285714285714285,-0.613,-0.239862,0.031019
0.815,0.14285714285714285,-0.613,-0.237531,0.030766
0.825,0.14285714285714285,-0.613,-0.234758,0.030435
0.835,0.14285714285714285,-0.613,-0.231533,0.030016
0.845,0.14285714285714285,-0.613,-0.227856,0.029499
0.855,0.14285714285714285,-0.613,-0.223738,0.028884
0.865,0.14285714285714285,-0.613,-0.219195,0.028175
0.875,0.14285714285714285,-0.613,-0.214255,0.027383
0.885,0.14285714285714285,-0.613,-0.208954,0.026522
0.895,0.14285714285714285,-0.613,-0.203335,0.025614
0.905,0.14285714285714285,-0.613,-0.197448,0.024682
0.915,0.14285714285714285,-0.613,-0.191348,0.023751
0.925,0.14285714285714285,-0.613,-0.185091,0.022848
0.935,0.14285714285714285,-0.613,-0.178737,0.021998
0.945,0.14285714285714285,-0.613,-0.172346,0.021225
-0.945,0.14285714285714285,-0.745,0.162393,0.04696
-0.935,0.14285714285714285,-0.745,0.165674,0.048346
-0.925,0.14285714285714285,-0.745,0.168683,0.049618
-0.915,0.14285714285714285,-0.745,0.171411,0.050757
-0.905,0.14285714285714285,-0.745,0.173853,0.051753
-0.895,0.14285714285714285,-0.745,0.176014,0.052598
-0.885,0.14285714285714285,-0.745,0.177903,0.053291
-0.875,0.14285714285714285,-0.745,0.179535,0.053837
-0.865,0.14285714285714285,-0.745,0.180927,0.054245
-0.855,0.14285714285714285,-0.745,0.1821,0.054529
-0.845,0.14285714285714285,-0.745,0.183074,0.054706
-0.835,0.14285714285714285,-0.745,0.183868,0.054795
-0.825,0.14285714285714285,-0.745,0.184498,0.054819
-0.815,0.14285714285714285,-0.745,0.184973,0.054798
-0.805,0.14285714285714285,-0.745,0.185297,0.054754
-0.795,0.14285714285714285,-0.745,0.185468,0.054707
-0.785,0.14285714285714285,-0.745,0.185473,0.054673
-0.775,0.14285714285714285,-0.745,0.185292,0.05467
-0.765,0.14285714285714285,-0.745,0.184899,0.05471
-0.755,0.14285714285714285,-0.745,0.184258,0.054805
-0.745,0.14285714285714285,-0.745,0.183328,0.054964
-0.735,0.14285714285714285,-0.745,0.182061,0.055195
-0.725,0.14285714285714285,-0.745,0.180409,0.055504
-0.715,0.14285714285714285,-0.745,0.17832,0.055894
-0.705,0.14285714285714285,-0.745,0.175744,0.056368
-0.695,0.14285714285714285,-0.745,0.172633,0.056923
-0.685,0.14285714285714285,-0.745,0.168945,0.057557
-0.675,0.14285714285714285,-0.745,0.164648,0.058265
-0.665,0.14285714285714285,-0.745,0.159717,0.059038
-0.655,0.14285714285714285,-0.745,0.154143,0.059867
-0.645,0.14285714285714285,-0.745,0.147933,0.060742
-0.635,0.14285714285714285,-0.745,0.141109,0.061652
-0.625,0.14285714285714285,-0.745,0.133716,0.062588
-0.615,0.14285714285714285,-0.745,0.125816,0.063544
-0.605,0.14285714285714285,-0.745,0.117495,0.064515
-0.595,0.14285714285714285,-0.745,0.108858,0.065499
-0.585,0.14285714285714285,-0.745,0.10003,0.066498
-0.575,0.14285714285714285,-0.745,0.091153,0.067517
-0.565,0.14285714285714285,-0.745,0.082381,0.06856
-0.555,0.14285714285714285,-0.745,0.073881,0.069634
-0.545,0.14285714285714285,-0.745,0.065821,0.070746
-0.535,0.14285714285714285,-0.745,0.058369,0.071899
-0.525,0.14285714285714285,-0.745,0.051684,0.073097
-0.515,0.14285714285714285,-0.745,0.045912,0.074341
-0.505,0.14285714285714285,-0.745,0.041177,0.075629
-0.495,0.14285714285714285,-0.745,0.037575,0.076958
-0.485,0.14285714285714285,-0.745,0.035172,0.078325
-0.475,0.14285714285714285,-0.745,0.033995,0.079727
-0.465,0.14285714285714285,-0.745,0.034034,0.081163
-0.455,0.14285714285714285,-0.745,0.035237,0.082632
-0.445,0.14285714285714285,-0.745,0.037516,0.084138
-0.435,0.14285714285714285,-0.745,0.040745,0.085689
-0.425,0.14285714285714285,-0.745,0.044771,0.087294
-0.415,0.14285714285714285,-0.745,0.049415,0.088966
-0.405,0.14285714285714285,-0.745,0.054487,0.090721
-0.395,0.14285714285714285,-0.745,0.059793,0.092575
-0.385,0.14285714285714285,-0.745,0.065144,0.094547
-0.375,0.14285714285714285,-0.745,0.070369,0.096653
-0.365,0.14285714285714285,-0.745,0.075322,0.098911
-0.355,0.14285714285714285,-0.745,0.079896,0.101336
-0.345,0.14285714285714285,-0.745,0.084025,0.103944
-0.335,0.14285714285714285,-0.745,0.087694,0.106748
-0.325,0.14285714285714285,-0.745,0.090947,0.109761
-0.315,0.14285714285714285,-0.745,0.093887,0.113
-0.305,0.14285714285714285,-0.745,0.096678,0.11648
-0.295,0.14285714285714285,-0.745,0.09955,0.120225
-0.285,0.14285714285714285,-0.745,0.102797,0.124266
-0.275,0.14285714285714285,-0.745,0.106766,0.128643
-0.265,0.14285714285714285,-0.745,0.111858,0.133412
-0.255,0.14285714285714285,-0.745,0.118514,0.138648
-0.245,0.14285714285714285,-0.745,0.127197,0.144449
-0.235,0.14285714285714285,-0.745,0.138385,0.150944
-0.225,0.14285714285714285,-0.745,0.152549,0.158296
-0.215,0.14285714285714285,-0.745,0.170145,0.166718
-0.205,0.14285714285714285,-0.745,0.191605,0.176484
-0.195,0.14285714285714285,-0.745,0.217355,0.187961
-0.085,0.14285714285714285,-0.745,0.496058,0.19148
-0.075,0.14285714285714285,-0.745,0.539145,0.188926
-0.065,0.14285714285714285,-0.745,0.581099,0.186387
-0.055,0.14285714285714285,-0.745,0.62262,0.183952
0.055,0.14285714285714285,-0.745,2.465371,0.262052
0.065,0.14285714285714285,-0.745,2.434067,0.258179
0.075,0.14285714285714285,-0.745,2.405576,0.254655
0.085,0.14285714285714285,-0.745,2.378975,0.251412
0.195,0.14285714285714285,-0.745,2.133618,0.253467
0.205,0.14285714285714285,-0.745,1.921016,0.237213
0.215,0.14285714285714285,-0.745,1.730088,0.223605
0.225,0.14285714285714285,-0.745,1.557351,0.211989
0.235,0.14285714285714285,-0.745,1.40024,0.201835
0.245,0.14285714285714285,-0.745,1.25676,0.192718
0.255,0.14285714285714285,-0.745,1.125289,0.184309
0.265,0.14285714285714285,-0.745,1.004462,0.176366
0.275,0.14285714285714285,-0.745,0.893114,0.168728
0.285,0.14285714285714285,-0.745,0.790244,0.161299
0.295,0.14285714285714285,-0.745,0.695001,0.154034
0.305,0.14285714285714285,-0.745,0.606668,0.14693
0.315,0.14285714285714285,-0.745,0.524655,0.140006
0.325,0.14285714285714285,-0.745,0.448489,0.133298
0.335,0.14285714285714285,-0.745,0.377797,0.126843
0.345,0.14285714285714285,-0.745,0.312292,0.120676
0.355,0.14285714285714285,-0.745,0.251757,0.114823
0.365,0.14285714285714285,-0.745,0.196019,0.109297
0.375,0.14285714285714285,-0.745,0.144937,0.104103
0.385,0.14285714285714285,-0.745,0.098382,0.099232
0.395,0.14285714285714285,-0.745,0.056221,0.094672
0.405,0.14285714285714285,-0.745,0.018308,0.090409
0.415,0.14285714285714285,-0.745,-0.015525,0.08643
0.425,0.14285714285714285,-0.745,-0.045469,0.082726
0.435,0.14285714285714285,-0.745,-0.071742,0.079295
0.445,0.14285714285714285,-0.745,-0.094579,0.076141
0.455,0.14285714285714285,-0.745,-0.114233,0.07327
0.465,0.14285714285714285,-0.745,-0.130966,0.070688
0.475,0.14285714285714285,-0.745,-0.145042,0.068394
0.485,0.14285714285714285,-0.745,-0.156719,0.06638
0.495,0.14285714285714285,-0.745,-0.166248,0.064627
0.505,0.14285714285714285,-0.745,-0.173865,0.063103
0.515,0.14285714285714285,-0.745,-0.179793,0.061766
0.525,0.14285714285714285,-0.745,-0.184237,0.060565
0.535,0.14285714285714285,-0.745,-0.187385,0.05945
0.545,0.14285714285714285,-0.745,-0.189412,0.058371
0.555,0.14285714285714285,-0.745,-0.190479,0.057284
0.565,0.14285714285714285,-0.745,-0.190734,0.056155
0.575,0.14285714285714285,-0.745,-0.190316,0.054959
0.585,0.14285714285714285,-0.745,-0.189353,0.053684
0.595,0.14285714285714285,-0.745,-0.187965,0.052327
0.605,0.14285714285714285,-0.745,-0.186261,0.050894
0.615,0.14285714285714285,-0.745,-0.184342,0.049397
0.625,0.14285714285714285,-0.745,-0.182299,0.047852
0.635,0.14285714285714285,-0.745,-0.180212,0.04628
0.645,0.14285714285714285,-0.745,-0.178151,0.044701
0.655,0.14285714285714285,-0.745,-0.176172,0.043136
0.665,0.14285714285714285,-0.745,-0.17432,0.041606
0.675,0.14285714285714285,-0.745,-0.17263,0.040131
0.685,0.14285714285714285,-0.745,-0.171124,0.038729
0.695,0.14285714285714285,-0.745,-0.169812,0.03742
0.705,0.14285714285714285,-0.745,-0.168696,0.03622
0.715,0.14285714285714285,-0.745,-0.167767,0.035144
0.725,0.14285714285714285,-0.745,-0.167009,0.034203
0.735,0.14285714285714285,-0.745,-0.166397,0.033404
0.745,0.14285714285714285,-0.745,-0.165901,0.032748
0.755,0.14285714285714285,-0.745,-0.165486,0.032227
0.765,0.14285714285714285,-0.745,-0.165114,0.031826
0.775,0.14285714285714285,-0.745,-0.164743,0.031524
0.785,0.14285714285714285,-0.745,-0.164334,0.031292
0.795,0.14285714285714285,-0.745,-0.163844,0.031099
0.805,0.14285714285714285,-0.745,-0.163236,0.030913
0.815,0.14285714285714285,-0.745,-0.162475,0.030701
0.825,0.14285714285714285,-0.745,-0.161531,0.030437
0.835,0.14285714285714285,-0.745,-0.160382,0.030099
0.845,0.14285714285714285,-0.745,-0.15901,0.029673
0.855,0.14285714285714285,-0.745,-0.157406,0.02915
0.865,0.14285714285714285,-0.745,-0.155567,0.028531
0.875,0.14285714285714285,-0.745,-0.153499,0.02782
0.885,0.14285714285714285,-0.745,-0.151214,0.027031
0.895,0.14285714285714285,-0.745,-0.148726,0.026179
0.905,0.14285714285714285,-0.745,-0.146059,0.025287
0.915,0.14285714285714285,-0.745,-0.143237,0.024375
0.925,0.14285714285714285,-0.745,-0.140286,0.023469
0.935,0.14285714285714285,-0.745,-0.137234,0.02259
0.945,0.14285714285714285,-0.745,-0.13411,0.02176
-0.945,0.14285714285714285,-1.248,0.108523,0.024809
-0.935,0.14285714285714285,-1.248,0.109635,0.025236
-0.925,0.14285714285714285,-1.248,0.110168,0.025651
-0.915,0.14285714285714285,-1.248,0.110116,0.026034
-0.905,0.14285714285714285,-1.248,0.109483,0.026369
-0.895,0.14285714285714285,-1.248,0.108287,0.026644
-0.885,0.14285714285714285,-1.248,0.106555,0.026852
-0.875,0.14285714285714285,-1.248,0.104327,0.026992
-0.865,0.14285714285714285,-1.248,0.101653,0.027067
-0.855,0.14285714285714285,-1.248,0.098592,0.027083
-0.845,0.14285714285714285,-1.248,0.095211,0.027052
-0.835,0.14285714285714285,-1.248,0.091579,0.026987
-0.825,0.14285714285714285,-1.248,0.087769,0.026904
-0.815,0.14285714285714285,-1.248,0.083853,0.026819
-0.805,0.14285714285714285,-1.248,0.079902,0.026748
-0.795,0.14285714285714285,-1.248,0.075978,0.026706
-0.785,0.14285714285714285,-1.248,0.072138,0.026707
-0.775,0.14285714285714285,-1.248,0.068432,0.026765
-0.765,0.14285714285714285,-1.248,0.064897,0.026891
-0.755,0.14285714285714285,-1.248,0.061562,0.027096
-0.745,0.14285714285714285,-1.248,0.058444,0.027387
-0.735,0.14285714285714285,-1.248,0.055553,0.027772
-0.725,0.14285714285714285,-1.248,0.052887,0.028257
-0.715,0.14285714285714285,-1.248,0.050438,0.028845
-0.705,0.14285714285714285,-1.248,0.048194,0.029536
-0.695,0.14285714285714285,-1.248,0.046138,0.030327
-0.685,0.14285714285714285,-1.248,0.044249,0.031213
-0.675,0.14285714285714285,-1.248,0.042511,0.032182
-0.665,0.14285714285714285,-1.248,0.040906,0.033225
-0.655,0.14285714285714285,-1.248,0.039424,0.034325
-0.645,0.14285714285714285,-1.248,0.038058,0.035468
-0.635,0.14285714285714285,-1.248,0.036809,0.036639
-0.625,0.14285714285714285,-1.248,0.035684,0.037823
-0.615,0.14285714285714285,-1.248,0.034698,0.039009
-0.605,0.14285714285714285,-1.248,0.033876,0.040187
-0.595,0.14285714285714285,-1.248,0.033247,0.04135
-0.585,0.14285714285714285,-1.248,0.032847,0.042495
-0.575,0.14285714285714285,-1.248,0.032718,0.043619
-0.565,0.14285714285714285,-1.248,0.032905,0.044723
-0.555,0.14285714285714285,-1.248,0.033455,0.04581
-0.545,0.14285714285714285,-1.248,0.034416,0.046881
-0.535,0.14285714285714285,-1.248,0.035836,0.047939
-0.525,0.14285714285714285,-1.248,0.037759,0.048987
-0.515,0.14285714285714285,-1.248,0.040223,0.050025
-0.505,0.14285714285714285,-1.248,0.043263,0.051053
-0.495,0.14285714285714285,-1.248,0.046904,0.052072
-0.485,0.14285714285714285,-1.248,0.051164,0.053082
-0.475,0.14285714285714285,-1.248,0.056049,0.054084
-0.465,0.14285714285714285,-1.248,0.061556,0.05508
-0.455,0.14285714285714285,-1.248,0.067671,0.056074
-0.445,0.14285714285714285,-1.248,0.074368,0.057072
-0.435,0.14285714285714285,-1.248,0.081613,0.058085
-0.425,0.14285714285714285,-1.248,0.08936,0.059124
-0.415,0.14285714285714285,-1.248,0.09756,0.060202
-0.405,0.14285714285714285,-1.248,0.106155,0.061335
-0.395,0.14285714285714285,-1.248,0.115087,0.062538
-0.385,0.14285714285714285,-1.248,0.1243,0.063828
-0.375,0.14285714285714285,-1.248,0.133741,0.065221
-0.365,0.14285714285714285,-1.248,0.143367,0.06673
-0.355,0.14285714285714285,-1.248,0.153148,0.068369
-0.345,0.14285714285714285,-1.248,0.163073,0.070147
-0.335,0.14285714285714285,-1.248,0.173156,0.072073
-0.325,0.14285714285714285,-1.248,0.183438,0.074156
-0.315,0.14285714285714285,-1.248,0.193998,0.076402
-0.305,0.14285714285714285,-1.248,0.204952,0.07882
-0.295,0.14285714285714285,-1.248,0.216465,0.081421
-0.285,0.14285714285714285,-1.248,0.228747,0.084223
-0.275,0.14285714285714285,-1.248,0.242062,0.087251
-0.265,0.14285714285714285,-1.248,0.256721,0.090538
-0.255,0.14285714285714285,-1.248,0.273087,0.094134
-0.245,0.14285714285714285,-1.248,0.29157,0.098106
-0.235,0.14285714285714285,-1.248,0.312624,0.102541
-0.225,0.14285714285714285,-1.248,0.336751,0.107557
-0.215,0.14285714285714285,-1.248,0.364513,0.113302
-0.205,0.14285714285714285,-1.248,0.396553,0.119973
-0.195,0.14285714285714285,-1.248,0.433663,0.127826
-0.085,0.14285714285714285,-1.248,0.606808,0.133285
-0.075,0.14285714285714285,-1.248,0.625457,0.132032
-0.065,0.14285714285714285,-1.248,0.643282,0.130773
-0.055,0.14285714285714285,-1.248,0.660816,0.129569
0.055,0.14285714285714285,-1.248,1.273767,0.183459
0.065,0.14285714285714285,-1.248,1.252339,0.180349
0.075,0.14285714285714285,-1.248,1.23198,0.177433
0.085,0.14285714285714285,-1.248,1.212163,0.174658
0.195,0.14285714285714285,-1.248,0.95297,0.16306
0.205,0.14285714285714285,-1.248,0.845603,0.151749
0.215,0.14285714285714285,-1.248,0.751401,0.142567
0.225,0.14285714285714285,-1.248,0.668551,0.135019
0.235,0.14285714285714285,-1.248,0.595669,0.128686
0.245,0.14285714285714285,-1.248,0.531619,0.12322
0.255,0.14285714285714285,-1.248,0.475414,0.118346
0.265,0.14285714285714285,-1.248,0.426164,0.113856
0.275,0.14285714285714285,-1.248,0.383049,0.109607
0.285,0.14285714285714285,-1.248,0.345315,0.105508
0.295,0.14285714285714285,-1.248,0.312264,0.101508
0.305,0.14285714285714285,-1.248,0.283266,0.09759
0.315,0.14285714285714285,-1.248,0.257753,0.093754
0.325,0.14285714285714285,-1.248,0.235224,0.090012
0.335,0.14285714285714285,-1.248,0.215241,0.08638
0.345,0.14285714285714285,-1.248,0.19743,0.082869
0.355,0.14285714285714285,-1.248,0.18147,0.07949
0.365,0.14285714285714285,-1.248,0.167089,0.076242
0.375,0.14285714285714285,-1.248,0.154057,0.073125
0.385,0.14285714285714285,-1.248,0.142177,0.070131
0.395,0.14285714285714285,-1.248,0.13128,0.067256
0.405,0.14285714285714285,-1.248,0.121216,0.064495
0.415,0.14285714285714285,-1.248,0.111851,0.061848
0.425,0.14285714285714285,-1.248,0.103064,0.059325
0.435,0.14285714285714285,-1.248,0.094742,0.056936
0.445,0.14285714285714285,-1.248,0.086782,0.0547
0.455,0.14285714285714285,-1.248,0.079085,0.052636
0.465,0.14285714285714285,-1.248,0.071565,0.050761
0.475,0.14285714285714285,-1.248,0.06414,0.049089
0.485,0.14285714285714285,-1.248,0.05674,0.047623
0.495,0.14285714285714285,-1.248,0.049306,0.046354
0.505,0.14285714285714285,-1.248,0.041788,0.045264
0.515,0.14285714285714285,-1.248,0.034151,0.044324
0.525,0.14285714285714285,-1.248,0.026369,0.043496
0.535,0.14285714285714285,-1.248,0.018429,0.042742
0.545,0.14285714285714285,-1.248,0.010329,0.042021
0.555,0.14285714285714285,-1.248,0.002079,0.041301
0.565,0.14285714285714285,-1.248,-0.006303,0.040552
0.575,0.14285714285714285,-1.248,-0.014791,0.039757
0.585,0.14285714285714285,-1.248,-0.02335,0.038905
0.595,0.14285714285714285,-1.248,-0.031942,0.037992
0.605,0.14285714285714285,-1.248,-0.040522,0.037024
0.615,0.14285714285714285,-1.248,-0.049043,0.03601
0.625,0.14285714285714285,-1.248,-0.057458,0.034964
0.635,0.14285714285714285,-1.248,-0.065717,0.033899
0.645,0.14285714285714285,-1.248,-0.073773,0.032834
0.655,0.14285714285714285,-1.248,-0.08158,0.031785
0.665,0.14285714285714285,-1.248,-0.089096,0.030767
0.675,0.14285714285714285,-1.248,-0.096281,0.029798
0.685,0.14285714285714285,-1.248,-0.1031,0.028893
0.695,0.14285714285714285,-1.248,-0.10952,0.028067
0.705,0.14285714285714285,-1.248,-0.115514,0.027333
0.715,0.14285714285714285,-1.248,-0.121056,0.026705
0.725,0.14285714285714285,-1.248,-0.126124,0.02619
0.735,0.14285714285714285,-1.248,-0.130697,0.025795
0.745,0.14285714285714285,-1.248,-0.134755,0.025516
0.755,0.14285714285714285,-1.248,-0.13828,0.025348
0.765,0.14285714285714285,-1.248,-0.141256,0.025276
0.775,0.14285714285714285,-1.248,-0.143665,0.025279
0.785,0.14285714285714285,-1.248,-0.145494,0.025331
0.795,0.14285714285714285,-1.248,-0.146732,0.025406
0.805,0.14285714285714285,-1.248,-0.14737,0.025473
0.815,0.14285714285714285,-1.248,-0.147404,0.025507
0.825,0.14285714285714285,-1.248,-0.146839,0.025483
0.835,0.14285714285714285,-1.248,-0.145685,0.025381
0.845,0.14285714285714285,-1.248,-0.143958,0.025187
0.855,0.14285714285714285,-1.248,-0.141687,0.024891
0.865,0.14285714285714285,-1.248,-0.138904,0.024491
0.875,0.14285714285714285,-1.248,-0.135653,0.023986
0.885,0.14285714285714285,-1.248,-0.131982,0.023384
0.895,0.14285714285714285,-1.248,-0.127945,0.022694
0.905,0.14285714285714285,-1.248,-0.123601,0.021929
0.915,0.14285714285714285,-1.248,-0.119011,0.021103
0.925,0.14285714285714285,-1.248,-0.114237,0.020234
0.935,0.14285714285714285,-1.248,-0.10934,0.01934
0.945,0.14285714285714285,-1.248,-0.10438,0.018437
-0.945,0.2,-0.295,0.354575,0.036905
-0.935,0.2,-0.295,0.359544,0.03716
-0.925,0.2,-0.295,0.364643,0.037491
-0.915,0.2,-0.295,0.369848,0.037904
-0.905,0.2,-0.295,0.37513,0.038406
-0.895,0.2,-0.295,0.380457,0.038997
-0.885,0.2,-0.295,0.385796,0.039679
-0.875,0.2,-0.295,0.391113,0.040448
-0.865,0.2,-0.295,0.396376,0.041299
-0.855,0.2,-0.295,0.401555,0.042224
-0.845,0.2,-0.295,0.406623,0.043214
-0.835,0.2,-0.295,0.41156,0.044258
-0.825,0.2,-0.295,0.41635,0.045345
-0.815,0.2,-0.295,0.420986,0.046463
-0.805,0.2,-0.295,0.425471,0.047602
-0.795,0.2,-0.295,0.429814,0.048753
-0.785,0.2,-0.295,0.434037,0.049906
-0.775,0.2,-0.295,0.43817,0.051055
-0.765,0.2,-0.295,0.442254,0.052195
-0.755,0.2,-0.295,0.446337,0.053322
-0.745,0.2,-0.295,0.450479,0.054436
-0.735,0.2,-0.295,0.454743,0.055535
-0.725,0.2,-0.295,0.459198,0.056621
-0.715,0.2,-0.295,0.463919,0.057695
-0.705,0.2,-0.295,0.468979,0.05876
-0.695,0.2,-0.295,0.474451,0.05982
-0.685,0.2,-0.295,0.480406,0.060876
-0.675,0.2,-0.295,0.486907,0.061932
-0.665,0.2,-0.295,0.494013,0.062991
-0.655,0.2,-0.295,0.501771,0.064055
-0.645,0.2,-0.295,0.510219,0.065127
-0.635,0.2,-0.295,0.519383,0.06621
-0.625,0.2,-0.295,0.529279,0.067307
-0.615,0.2,-0.295,0.539906,0.068419
-0.605,0.2,-0.295,0.551257,0.069552
-0.595,0.2,-0.295,0.563309,0.070707
-0.585,0.2,-0.295,0.57603,0.071891
-0.575,0.2,-0.295,0.589381,0.073107
-0.565,0.2,-0.295,0.603312,0.07436
-0.555,0.2,-0.295,0.617771,0.075657
-0.545,0.2,-0.295,0.632701,0.077004
-0.535,0.2,-0.295,0.648043,0.078406
-0.525,0.2,-0.295,0.663741,0.079869
-0.515,0.2,-0.295,0.679739,0.0814
-0.505,0.2,-0.295,0.695988,0.083005
-0.495,0.2,-0.295,0.712448,0.084688
-0.485,0.2,-0.295,0.729085,0.086454
-0.475,0.2,-0.295,0.745881,0.088309
-0.465,0.2,-0.295,0.762831,0.090256
-0.455,0.2,-0.295,0.779948,0.092298
-0.445,0.2,-0.295,0.797264,0.09444
-0.435,0.2,-0.295,0.814835,0.096684
-0.425,0.2,-0.295,0.832746,0.099034
-0.415,0.2,-0.295,0.85111,0.101494
-0.405,0.2,-0.295,0.870072,0.104069
-0.395,0.2,-0.295,0.889819,0.106764
-0.385,0.2,-0.295,0.910575,0.109589
-0.375,0.2,-0.295,0.93261,0.112555
-0.365,0.2,-0.295,0.956242,0.115677
-0.355,0.2,-0.295,0.981836,0.118975
-0.345,0.2,-0.295,1.009811,0.122476
-0.335,0.2,-0.295,1.04064,0.126214
-0.325,0.2,-0.295,1.074854,0.130233
-0.315,0.2,-0.295,1.113045,0.13459
-0.305,0.2,-0.295,1.155879,0.139354
-0.295,0.2,-0.295,1.204104,0.144614
-0.285,0.2,-0.295,1.258584,0.150481
-0.275,0.2,-0.295,1.320333,0.157092
-0.265,0.2,-0.295,1.390599,0.164624
-0.255,0.2,-0.295,1.470982,0.173303
-0.145,0.2,-0.295,1.535091,0.168957
-0.135,0.2,-0.295,1.556045,0.16838
-0.125,0.2,-0.295,1.575105,0.167717
-0.115,0.2,-0.295,1.592614,0.166974
-0.105,0.2,-0.295,1.608937,0.166165
-0.095,0.2,-0.295,1.624471,0.165312
-0.085,0.2,-0.295,1.639643,0.164442
-0.075,0.2,-0.295,1.654922,0.163592
-0.065,0.2,-0.295,1.670837,0.162804
-0.055,0.2,-0.295,1.687997,0.162134
0.055,0.2,-0.295,2.267926,0.223992
0.065,0.2,-0.295,2.227962,0.219609
0.075,0.2,-0.295,2.190072,0.2154
0.085,0.2,-0.295,2.153557,0.211301
0.095,0.2,-0.295,2.117859,0.207262
0.105,0.2,-0.295,2.082522,0.203247
0.115,0.2,-0.295,2.047168,0.199229
0.125,0.2,-0.295,2.011489,0.195193
0.135,0.2,-0.295,1.975238,0.191133
0.145,0.2,-0.295,1.938229,0.187056
0.255,0.2,-0.295,1.637193,0.17558
0.265,0.2,-0.295,1.470987,0.16238
0.275,0.2,-0.295,1.322191,0.151626
0.285,0.2,-0.295,1.188423,0.142919
0.295,0.2,-0.295,1.067865,0.1359
0.305,0.2,-0.295,0.95905,0.130243
0.315,0.2,-0.295,0.860735,0.125653
0.325,0.2,-0.295,0.771831,0.121872
0.335,0.2,-0.295,0.691353,0.118688
0.345,0.2,-0.295,0.618401,0.11593
0.355,0.2,-0.295,0.552141,0.113473
0.365,0.2,-0.295,0.491799,0.111223
0.375,0.2,-0.295,0.436664,0.109122
0.385,0.2,-0.295,0.386081,0.107132
0.395,0.2,-0.295,0.339458,0.105234
0.405,0.2,-0.295,0.296263,0.103422
0.415,0.2,-0.295,0.256025,0.101694
0.425,0.2,-0.295,0.218333,0.10005
0.435,0.2,-0.295,0.182835,0.098491
0.445,0.2,-0.295,0.149234,0.097015
0.455,0.2,-0.295,0.117284,0.095615
0.465,0.2,-0.295,0.086784,0.094282
0.475,0.2,-0.295,0.057579,0.093002
0.485,0.2,-0.295,0.029546,0.091761
0.495,0.2,-0.295,0.002598,0.09054
0.505,0.2,-0.295,-0.023328,0.089325
0.515,0.2,-0.295,-0.04827,0.088101
0.525,0.2,-0.295,-0.07225,0.086857
0.535,0.2,-0.295,-0.095275,0.085584
0.545,0.2,-0.295,-0.11734,0.084278
0.555,0.2,-0.295,-0.138434,0.082938
0.565,0.2,-0.295,-0.158537,0.081565
0.575,0.2,-0.295,-0.177628,0.080165
0.585,0.2,-0.295,-0.195681,0.078742
0.595,0.2,-0.295,-0.212672,0.077303
0.605,0.2,-0.295,-0.228574,0.075853
0.615,0.2,-0.295,-0.243365,0.074396
0.625,0.2,-0.295,-0.257023,0.072933
0.635,0.2,-0.295,-0.269531,0.071462
0.645,0.2,-0.295,-0.280876,0.069982
0.655,0.2,-0.295,-0.291051,0.068485
0.665,0.2,-0.295,-0.300055,0.066966
0.675,0.2,-0.295,-0.307894,0.065417
0.685,0.2,-0.295,-0.314584,0.063832
0.695,0.2,-0.295,-0.320148,0.062205
0.705,0.2,-0.295,-0.324617,0.060533
0.715,0.2,-0.295,-0.32803,0.058818
0.725,0.2,-0.295,-0.330437,0.057063
0.735,0.2,-0.295,-0.331891,0.055276
0.745,0.2,-0.295,-0.332455,0.053469
0.755,0.2,-0.295,-0.332196,0.051657
0.765,0.2,-0.295,-0.331182,0.04986
0.775,0.2,-0.295,-0.329488,0.048098
0.785,0.2,-0.295,-0.327188,0.046393
0.795,0.2,-0.295,-0.324356,0.044767
0.805,0.2,-0.295,-0.321066,0.043241
0.815,0.2,-0.295,-0.317387,0.041835
0.825,0.2,-0.295,-0.313388,0.040562
0.835,0.2,-0.295,-0.309134,0.039434
0.845,0.2,-0.295,-0.304686,0.038455
0.855,0.2,-0.295,-0.3001,0.037625
0.865,0.2,-0.295,-0.295429,0.036936
0.875,0.2,-0.295,-0.290721,0.036378
0.885,0.2,-0.295,-0.28602,0.035934
0.895,0.2,-0.295,-0.281365,0.035585
0.905,0.2,-0.295,-0.276792,0.035311
0.915,0.2,-0.295,-0.272334,0.035089
0.925,0.2,-0.295,-0.268018,0.0349
0.935,0.2,-0.295,-0.26387,0.034722
0.945,0.2,-0.295,-0.259912,0.034536
-0.945,0.2,-0.493,0.231466,0.02334
-0.935,0.2,-0.493,0.234561,0.023404
-0.925,0.2,-0.493,0.237865,0.023554
-0.915,0.2,-0.493,0.241353,0.023794
-0.905,0.2,-0.493,0.244997,0.024126
-0.895,0.2,-0.493,0.248767,0.024547
-0.885,0.2,-0.493,0.252631,0.025054
-0.875,0.2,-0.493,0.25656,0.025641
-0.865,0.2,-0.493,0.260526,0.026297
-0.855,0.2,-0.493,0.264502,0.027013
-0.845,0.2,-0.493,0.268468,0.027777
-0.835,0.2,-0.493,0.272407,0.028579
-0.825,0.2,-0.493,0.276309,0.029408
-0.815,0.2,-0.493,0.28017,0.030252
-0.805,0.2,-0.493,0.283995,0.031104
-0.795,0.2,-0.493,0.287795,0.031955
-0.785,0.2,-0.493,0.291589,0.0328
-0.775,0.2,-0.493,0.295406,0.033636
-0.765,0.2,-0.493,0.29928,0.03446
-0.755,0.2,-0.493,0.303255,0.035272
-0.745,0.2,-0.493,0.307377,0.036072
-0.735,0.2,-0.493,0.3117,0.036864
-0.725,0.2,-0.493,0.316282,0.037649
-0.715,0.2,-0.493,0.321179,0.038432
-0.705,0.2,-0.493,0.326453,0.039216
-0.695,0.2,-0.493,0.332159,0.040005
-0.685,0.2,-0.493,0.338354,0.040803
-0.675,0.2,-0.493,0.345088,0.041612
-0.665,0.2,-0.493,0.352404,0.042435
-0.655,0.2,-0.493,0.360339,0.043274
-0.645,0.2,-0.493,0.368922,0.04413
-0.635,0.2,-0.493,0.378173,0.045006
-0.625,0.2,-0.493,0.388102,0.045901
-0.615,0.2,-0.493,0.39871,0.046819
-0.605,0.2,-0.493,0.409988,0.04776
-0.595,0.2,-0.493,0.421919,0.048726
-0.585,0.2,-0.493,0.434479,0.049722
-0.575,0.2,-0.493,0.447635,0.050749
-0.565,0.2,-0.493,0.461349,0.051813
-0.555,0.2,-0.493,0.475581,0.052916
-0.545,0.2,-0.493,0.490285,0.054065
-0.535,0.2,-0.493,0.505416,0.055264
-0.525,0.2,-0.493,0.520928,0.056519
-0.515,0.2,-0.493,0.536779,0.057836
-0.505,0.2,-0.493,0.552928,0.059219
-0.495,0.2,-0.493,0.569342,0.060675
-0.485,0.2,-0.493,0.585997,0.062208
-0.475,0.2,-0.493,0.602877,0.063823
-0.465,0.2,-0.493,0.619979,0.065524
-0.455,0.2,-0.493,0.637316,0.067315
-0.445,0.2,-0.493,0.654917,0.069201
-0.435,0.2,-0.493,0.672833,0.071186
-0.425,0.2,-0.493,0.691142,0.073273
-0.415,0.2,-0.493,0.709945,0.075468
-0.405,0.2,-0.493,0.729381,0.077776
-0.395,0.2,-0.493,0.74962,0.080206
-0.385,0.2,-0.493,0.770872,0.082766
-0.375,0.2,-0.493,0.793392,0.085471
-0.365,0.2,-0.493,0.817477,0.088336
-0.355,0.2,-0.493,0.843475,0.091382
-0.345,0.2,-0.493,0.871783,0.094636
-0.335,0.2,-0.493,0.902851,0.09813
-0.325,0.2,-0.493,0.937183,0.101907
-0.315,0.2,-0.493,0.975344,0.106016
-0.305,0.2,-0.493,1.017966,0.110519
-0.295,0.2,-0.493,1.065763,0.115493
-0.285,0.2,-0.493,1.119554,0.121031
-0.275,0.2,-0.493,1.180305,0.127248
-0.265,0.2,-0.493,1.249199,0.134291
-0.255,0.2,-0.493,1.327756,0.142353
-0.145,0.2,-0.493,1.423119,0.142842
-0.135,0.2,-0.493,1.442457,0.14199
-0.125,0.2,-0.493,1.459827,0.141024
-0.115,0.2,-0.493,1.475554,0.139953
-0.105,0.2,-0.493,1.489987,0.138793
-0.095,0.2,-0.493,1.503503,0.137566
-0.085,0.2,-0.493,1.51651,0.136296
-0.075,0.2,-0.493,1.529453,0.135013
-0.065,0.2,-0.493,1.542829,0.133756
-0.055,0.2,-0.493,1.557213,0.132568
0.055,0.2,-0.493,1.995607,0.119491
0.065,0.2,-0.493,1.958863,0.117582
0.075,0.2,-0.493,1.923775,0.115821
0.085,0.2,-0.493,1.889715,0.114187
0.095,0.2,-0.493,1.856179,0.112667
0.105,0.2,-0.493,1.822752,0.111257
0.115,0.2,-0.493,1.789091,0.109958
0.125,0.2,-0.493,1.754918,0.108782
0.135,0.2,-0.493,1.720008,0.107745
0.145,0.2,-0.493,1.684197,0.106871
0.255,0.2,-0.493,1.33631,0.142627
0.265,0.2,-0.493,1.186221,0.138778
0.275,0.2,-0.493,1.052307,0.13556
0.285,0.2,-0.493,0.932456,0.132719
0.295,0.2,-0.493,0.82505,0.130063
0.305,0.2,-0.493,0.728774,0.127442
0.315,0.2,-0.493,0.642504,0.124748
0.325,0.2,-0.493,0.565243,0.121907
0.335,0.2,-0.493,0.49608,0.118874
0.345,0.2,-0.493,0.43417,0.115626
0.355,0.2,-0.493,0.378723,0.11216
0.365,0.2,-0.493,0.328999,0.108487
0.375,0.2,-0.493,0.284308,0.104633
0.385,0.2,-0.493,0.244012,0.100627
0.395,0.2,-0.493,0.207526,0.096509
0.405,0.2,-0.493,0.174319,0.09232
0.415,0.2,-0.493,0.143916,0.088105
0.425,0.2,-0.493,0.115899,0.083907
0.435,0.2,-0.493,0.089902,0.079772
0.445,0.2,-0.493,0.065612,0.075742
0.455,0.2,-0.493,0.042766,0.071858
0.465,0.2,-0.493,0.021144,0.06816
0.475,0.2,-0.493,0.000569,0.064683
0.485,0.2,-0.493,-0.019101,0.06146
0.495,0.2,-0.493,-0.037975,0.05852
0.505,0.2,-0.493,-0.056134,0.055888
0.515,0.2,-0.493,-0.073635,0.053585
0.525,0.2,-0.493,-0.090517,0.051623
0.535,0.2,-0.493,-0.106802,0.050009
0.545,0.2,-0.493,-0.122497,0.048741
0.555,0.2,-0.493,-0.137601,0.047807
0.565,0.2,-0.493,-0.152105,0.047187
0.575,0.2,-0.493,-0.165992,0.04685
0.585,0.2,-0.493,-0.179242,0.046761
0.595,0.2,-0.493,-0.191832,0.046875
0.605,0.2,-0.493,-0.203737,0.047146
0.615,0.2,-0.493,-0.214931,0.047527
0.625,0.2,-0.493,-0.225391,0.047969
0.635,0.2,-0.493,-0.235094,0.048427
0.645,0.2,-0.493,-0.244019,0.048859
0.655,0.2,-0.493,-0.25215,0.049229
0.665,0.2,-0.493,-0.259473,0.049504
0.675,0.2,-0.493,-0.265982,0.049658
0.685,0.2,-0.493,-0.271673,0.049671
0.695,0.2,-0.493,-0.276551,0.049528
0.705,0.2,-0.493,-0.280625,0.04922
0.715,0.2,-0.493,-0.283909,0.048744
0.725,0.2,-0.493,-0.286426,0.048102
0.735,0.2,-0.493,-0.2882,0.047302
0.745,0.2,-0.493,-0.289262,0.046353
0.755,0.2,-0.493,-0.289647,0.04527
0.765,0.2,-0.493,-0.289391,0.044072
0.775,0.2,-0.493,-0.288533,0.042777
0.785,0.2,-0.493,-0.287115,0.041407
0.795,0.2,-0.493,-0.285178,0.039985
0.805,0.2,-0.493,-0.282762,0.038534
0.815,0.2,-0.493,-0.27991,0.037076
0.825,0.2,-0.493,-0.276661,0.035635
0.835,0.2,-0.493,-0.273056,0.034233
0.845,0.2,-0.493,-0.269134,0.032889
0.855,0.2,-0.493,-0.264934,0.031624
0.865,0.2,-0.493,-0.260495,0.030452
0.875,0.2,-0.493,-0.255855,0.029389
0.885,0.2,-0.493,-0.251053,0.028444
0.895,0.2,-0.493,-0.246129,0.027625
0.905,0.2,-0.493,-0.24112,0.026933
0.915,0.2,-0.493,-0.236067,0.026366
0.925,0.2,-0.493,-0.23101,0.025916
0.935,0.2,-0.493,-0.225987,0.025571
0.945,0.2,-0.493,-0.221038,0.025313
-0.945,0.2,-0.865,0.190999,0.021117
-0.935,0.2,-0.865,0.195653,0.021205
-0.925,0.2,-0.865,0.200246,0.021348
-0.915,0.2,-0.865,0.204756,0.021553
-0.905,0.2,-0.865,0.20916,0.021824
-0.895,0.2,-0.865,0.213431,0.022163
-0.885,0.2,-0.865,0.217544,0.02257
-0.875,0.2,-0.865,0.221472,0.023042
-0.865,0.2,-0.865,0.22519,0.023574
-0.855,0.2,-0.865,0.228673,0.024161
-0.845,0.2,-0.865,0.2319,0.024795
-0.835,0.2,-0.865,0.23485,0.025466
-0.825,0.2,-0.865,0.237512,0.026167
-0.815,0.2,-0.865,0.239876,0.026888
-0.805,0.2,-0.865,0.241942,0.027622
-0.795,0.2,-0.865,0.243715,0.028359
-0.785,0.2,-0.865,0.24521,0.029094
-0.775,0.2,-0.865,0.24645,0.029821
-0.765,0.2,-0.865,0.247468,0.030537
-0.755,0.2,-0.865,0.248304,0.031237
-0.745,0.2,-0.865,0.249006,0.03192
-0.735,0.2,-0.865,0.24963,0.032586
-0.725,0.2,-0.865,0.250236,0.033234
-0.715,0.2,-0.865,0.250888,0.033865
-0.705,0.2,-0.865,0.251652,0.03448
-0.695,0.2,-0.865,0.252594,0.035081
-0.685,0.2,-0.865,0.253777,0.035669
-0.675,0.2,-0.865,0.25526,0.036247
-0.665,0.2,-0.865,0.257096,0.036816
-0.655,0.2,-0.865,0.259328,0.037377
-0.645,0.2,-0.865,0.26199,0.037933
-0.635,0.2,-0.865,0.265107,0.038485
-0.625,0.2,-0.865,0.26869,0.039034
-0.615,0.2,-0.865,0.27274,0.039583
-0.605,0.2,-0.865,0.277244,0.040133
-0.595,0.2,-0.865,0.282182,0.040687
-0.585,0.2,-0.865,0.28752,0.041246
-0.575,0.2,-0.865,0.293218,0.041814
-0.565,0.2,-0.865,0.299227,0.042394
-0.555,0.2,-0.865,0.305495,0.042989
-0.545,0.2,-0.865,0.311964,0.043603
-0.535,0.2,-0.865,0.318578,0.044239
-0.525,0.2,-0.865,0.325279,0.044902
-0.515,0.2,-0.865,0.332013,0.045596
-0.505,0.2,-0.865,0.338732,0.046323
-0.495,0.2,-0.865,0.345393,0.047089
-0.485,0.2,-0.865,0.351961,0.047895
-0.475,0.2,-0.865,0.35841,0.048746
-0.465,0.2,-0.865,0.364725,0.049643
-0.455,0.2,-0.865,0.370904,0.050589
-0.445,0.2,-0.865,0.376957,0.051584
-0.435,0.2,-0.865,0.382905,0.052631
-0.425,0.2,-0.865,0.388788,0.053731
-0.415,0.2,-0.865,0.394659,0.054883
-0.405,0.2,-0.865,0.400587,0.056088
-0.395,0.2,-0.865,0.406659,0.057347
-0.385,0.2,-0.865,0.412981,0.058661
-0.375,0.2,-0.865,0.419676,0.060032
-0.365,0.2,-0.865,0.426886,0.061463
-0.355,0.2,-0.865,0.434773,0.06296
-0.345,0.2,-0.865,0.44352,0.064531
-0.335,0.2,-0.865,0.453328,0.066188
-0.325,0.2,-0.865,0.464418,0.067948
-0.315,0.2,-0.865,0.477032,0.069834
-0.305,0.2,-0.865,0.491438,0.071878
-0.295,0.2,-0.865,0.507929,0.074121
-0.285,0.2,-0.865,0.526833,0.076616
-0.275,0.2,-0.865,0.548531,0.079432
-0.265,0.2,-0.865,0.573478,0.082658
-0.255,0.2,-0.865,0.602247,0.086412
-0.145,0.2,-0.865,0.623853,0.080644
-0.135,0.2,-0.865,0.638596,0.080036
-0.125,0.2,-0.865,0.652573,0.079414
-0.115,0.2,-0.865,0.665952,0.078775
-0.105,0.2,-0.865,0.678911,0.078119
-0.095,0.2,-0.865,0.691633,0.077455
-0.085,0.2,-0.865,0.704314,0.07679
-0.075,0.2,-0.865,0.717169,0.076139
-0.065,0.2,-0.865,0.730434,0.07552
-0.055,0.2,-0.865,0.74438,0.074957
0.055,0.2,-0.865,1.452241,0.105498
0.065,0.2,-0.865,1.432111,0.103446
0.075,0.2,-0.865,1.413576,0.101479
0.085,0.2,-0.865,1.396233,0.09957
0.095,0.2,-0.865,1.379761,0.097698
0.105,0.2,-0.865,1.363903,0.095849
0.115,0.2,-0.865,1.348449,0.094017
0.125,0.2,-0.865,1.333229,0.0922
0.135,0.2,-0.865,1.31811,0.090401
0.145,0.2,-0.865,1.302993,0.088631
0.255,0.2,-0.865,1.291239,0.092077
0.265,0.2,-0.865,1.188614,0.087441
0.275,0.2,-0.865,1.095439,0.083941
0.285,0.2,-0.865,1.010219,0.081323
0.295,0.2,-0.865,0.931828,0.079364
0.305,0.2,-0.865,0.859376,0.077874
0.315,0.2,-0.865,0.792134,0.076693
0.325,0.2,-0.865,0.729484,0.075697
0.335,0.2,-0.865,0.670892,0.07479
0.345,0.2,-0.865,0.615887,0.073902
0.355,0.2,-0.865,0.564052,0.072988
0.365,0.2,-0.865,0.515018,0.072018
0.375,0.2,-0.865,0.468455,0.070977
0.385,0.2,-0.865,0.424076,0.06986
0.395,0.2,-0.865,0.381634,0.068669
0.405,0.2,-0.865,0.340915,0.067409
0.415,0.2,-0.865,0.301746,0.066088
0.425,0.2,-0.865,0.263983,0.064714
0.435,0.2,-0.865,0.227517,0.063297
0.445,0.2,-0.865,0.192265,0.061843
0.455,0.2,-0.865,0.158172,0.060358
0.465,0.2,-0.865,0.125204,0.058847
0.475,0.2,-0.865,0.093348,0.057313
0.485,0.2,-0.865,0.062606,0.05576
0.495,0.2,-0.865,0.032992,0.054191
0.505,0.2,-0.865,0.00453,0.052611
0.515,0.2,-0.865,-0.022749,0.051023
0.525,0.2,-0.865,-0.048809,0.049435
0.535,0.2,-0.865,-0.073612,0.047855
0.545,0.2,-0.865,-0.097122,0.046294
0.555,0.2,-0.865,-0.1193,0.044763
0.565,0.2,-0.865,-0.140111,0.043274
0.575,0.2,-0.865,-0.159523,0.041842
0.585,0.2,-0.865,-0.177507,0.040479
0.595,0.2,-0.865,-0.194037,0.039196
0.605,0.2,-0.865,-0.209092,0.038001
0.615,0.2,-0.865,-0.222658,0.036901
0.625,0.2,-0.865,-0.234722,0.035895
0.635,0.2,-0.865,-0.24528,0.03498
0.645,0.2,-0.865,-0.254335,0.034149
0.655,0.2,-0.865,-0.261895,0.033391
0.665,0.2,-0.865,-0.267978,0.032692
0.675,0.2,-0.865,-0.272611,0.032036
0.685,0.2,-0.865,-0.275827,0.031409
0.695,0.2,-0.865,-0.277671,0.030795
0.705,0.2,-0.865,-0.278198,0.030183
0.715,0.2,-0.865,-0.277471,0.029563
0.725,0.2,-0.865,-0.27556,0.028929
0.735,0.2,-0.865,-0.272546,0.02828
0.745,0.2,-0.865,-0.268516,0.027615
0.755,0.2,-0.865,-0.263561,0.026939
0.765,0.2,-0.865,-0.257779,0.026259
0.775,0.2,-0.865,-0.251268,0.025585
0.785,0.2,-0.865,-0.244131,0.024925
0.795,0.2,-0.865,-0.236469,0.024291
0.805,0.2,-0.865,-0.228381,0.023693
0.815,0.2,-0.865,-0.219965,0.023141
0.825,0.2,-0.865,-0.211317,0.022642
0.835,0.2,-0.865,-0.202527,0.022202
0.845,0.2,-0.865,-0.193682,0.021824
0.855,0.2,-0.865,-0.184862,0.021509
0.865,0.2,-0.865,-0.176144,0.021255
0.875,0.2,-0.865,-0.167598,0.021057
0.885,0.2,-0.865,-0.159289,0.020911
0.895,0.2,-0.865,-0.151276,0.020807
0.905,0.2,-0.865,-0.143613,0.020739
0.915,0.2,-0.865,-0.136346,0.020698
0.925,0.2,-0.865,-0.12952,0.020673
0.935,0.2,-0.865,-0.12317,0.020656
0.945,0.2,-0.865,-0.117329,0.020637
-0.945,0.2,-1.041,0.158954,0.024171
-0.935,0.2,-1.041,0.161445,0.024061
-0.925,0.2,-1.041,0.163971,0.023989
-0.915,0.2,-1.041,0.166518,0.023967
-0.905,0.2,-1.041,0.16907,0.024002
-0.895,0.2,-1.041,0.171609,0.024102
-0.885,0.2,-1.041,0.174118,0.024272
-0.875,0.2,-1.041,0.176579,0.024514
-0.865,0.2,-1.041,0.178973,0.02483
-0.855,0.2,-1.041,0.181287,0.025216
-0.845,0.2,-1.041,0.183506,0.025669
-0.835,0.2,-1.041,0.18562,0.026181
-0.825,0.2,-1.041,0.187621,0.026746
-0.815,0.2,-1.041,0.189507,0.027356
-0.805,0.2,-1.041,0.19128,0.028002
-0.795,0.2,-1.041,0.192946,0.028675
-0.785,0.2,-1.041,0.194519,0.02937
-0.775,0.2,-1.041,0.196016,0.030079
-0.765,0.2,-1.041,0.197462,0.030797
-0.755,0.2,-1.041,0.198886,0.031518
-0.745,0.2,-1.041,0.200321,0.032241
-0.735,0.2,-1.041,0.201806,0.032963
-0.725,0.2,-1.041,0.20338,0.033681
-0.715,0.2,-1.041,0.205088,0.034395
-0.705,0.2,-1.041,0.206971,0.035105
-0.695,0.2,-1.041,0.209073,0.03581
-0.685,0.2,-1.041,0.211435,0.036511
-0.675,0.2,-1.041,0.214094,0.037208
-0.665,0.2,-1.041,0.217084,0.0379
-0.655,0.2,-1.041,0.220432,0.038589
-0.645,0.2,-1.041,0.224161,0.039274
-0.635,0.2,-1.041,0.228285,0.039957
-0.625,0.2,-1.041,0.232811,0.040638
-0.615,0.2,-1.041,0.23774,0.041319
-0.605,0.2,-1.041,0.243064,0.042
-0.595,0.2,-1.041,0.248768,0.042685
-0.585,0.2,-1.041,0.254832,0.043377
-0.575,0.2,-1.041,0.261229,0.044077
-0.565,0.2,-1.041,0.26793,0.04479
-0.555,0.2,-1.041,0.274899,0.04552
-0.545,0.2,-1.041,0.282101,0.046272
-0.535,0.2,-1.041,0.289497,0.047049
-0.525,0.2,-1.041,0.297052,0.047858
-0.515,0.2,-1.041,0.304731,0.048703
-0.505,0.2,-1.041,0.312501,0.049588
-0.495,0.2,-1.041,0.320335,0.050518
-0.485,0.2,-1.041,0.328212,0.051497
-0.475,0.2,-1.041,0.336117,0.05253
-0.465,0.2,-1.041,0.344043,0.053619
-0.455,0.2,-1.041,0.351994,0.054766
-0.445,0.2,-1.041,0.359984,0.055975
-0.435,0.2,-1.041,0.368039,0.057245
-0.425,0.2,-1.041,0.3762,0.05858
-0.415,0.2,-1.041,0.384523,0.059978
-0.405,0.2,-1.041,0.393081,0.06144
-0.395,0.2,-1.041,0.401967,0.062966
-0.385,0.2,-1.041,0.411293,0.064556
-0.375,0.2,-1.041,0.421192,0.066212
-0.365,0.2,-1.041,0.431823,0.067936
-0.355,0.2,-1.041,0.443364,0.06973
-0.345,0.2,-1.041,0.456023,0.071602
-0.335,0.2,-1.041,0.470028,0.07356
-0.325,0.2,-1.041,0.485637,0.075617
-0.315,0.2,-1.041,0.503135,0.077794
-0.305,0.2,-1.041,0.522837,0.080116
-0.295,0.2,-1.041,0.545098,0.082618
-0.285,0.2,-1.041,0.570321,0.08535
-0.275,0.2,-1.041,0.598975,0.088372
-0.265,0.2,-1.041,0.631631,0.091769
-0.255,0.2,-1.041,0.669018,0.095653
-0.145,0.2,-1.041,0.713836,0.084235
-0.135,0.2,-1.041,0.726501,0.082897
-0.125,0.2,-1.041,0.738179,0.081588
-0.115,0.2,-1.041,0.749047,0.080301
-0.105,0.2,-1.041,0.759293,0.079038
-0.095,0.2,-1.041,0.769117,0.0778
-0.085,0.2,-1.041,0.778734,0.076594
-0.075,0.2,-1.041,0.788377,0.075431
-0.065,0.2,-1.041,0.798308,0.074325
-0.055,0.2,-1.041,0.808824,0.073296
0.055,0.2,-1.041,1.249522,0.11342
0.065,0.2,-1.041,1.229005,0.111629
0.075,0.2,-1.041,1.209675,0.109954
0.085,0.2,-1.041,1.191157,0.108367
0.095,0.2,-1.041,1.173156,0.106848
0.105,0.2,-1.041,1.155429,0.105383
0.115,0.2,-1.041,1.137776,0.103963
0.125,0.2,-1.041,1.120036,0.102585
0.135,0.2,-1.041,1.102082,0.101249
0.145,0.2,-1.041,1.083818,0.099964
0.255,0.2,-1.041,0.958145,0.110471
0.265,0.2,-1.041,0.866738,0.103891
0.275,0.2,-1.041,0.784603,0.09832
0.285,0.2,-1.041,0.710432,0.093567
0.295,0.2,-1.041,0.643231,0.089473
0.305,0.2,-1.041,0.582202,0.085905
0.315,0.2,-1.041,0.526676,0.082752
0.325,0.2,-1.041,0.47607,0.079923
0.335,0.2,-1.041,0.429865,0.077345
0.345,0.2,-1.041,0.387586,0.074962
0.355,0.2,-1.041,0.348802,0.072733
0.365,0.2,-1.041,0.313114,0.07063
0.375,0.2,-1.041,0.280159,0.068634
0.385,0.2,-1.041,0.249606,0.066735
0.395,0.2,-1.041,0.221158,0.064928
0.405,0.2,-1.041,0.19455,0.06321
0.415,0.2,-1.041,0.169552,0.061581
0.425,0.2,-1.041,0.145965,0.060039
0.435,0.2,-1.041,0.123618,0.058581
0.445,0.2,-1.041,0.102373,0.057202
0.455,0.2,-1.041,0.082116,0.055897
0.465,0.2,-1.041,0.062756,0.054655
0.475,0.2,-1.041,0.044224,0.053467
0.485,0.2,-1.041,0.026471,0.052322
0.495,0.2,-1.041,0.00946,0.051209
0.505,0.2,-1.041,-0.006831,0.05012
0.515,0.2,-1.041,-0.022416,0.049047
0.525,0.2,-1.041,-0.037299,0.047985
0.535,0.2,-1.041,-0.05148,0.046934
0.545,0.2,-1.041,-0.064953,0.045895
0.555,0.2,-1.041,-0.077711,0.044871
0.565,0.2,-1.041,-0.089745,0.04387
0.575,0.2,-1.041,-0.101046,0.0429
0.585,0.2,-1.041,-0.111602,0.041969
0.595,0.2,-1.041,-0.121406,0.041085
0.605,0.2,-1.041,-0.130449,0.040254
0.615,0.2,-1.041,-0.138724,0.03948
0.625,0.2,-1.041,-0.146228,0.038764
0.635,0.2,-1.041,-0.152959,0.038103
0.645,0.2,-1.041,-0.158916,0.037492
0.655,0.2,-1.041,-0.164105,0.036921
0.665,0.2,-1.041,-0.168533,0.036381
0.675,0.2,-1.041,-0.172212,0.03586
0.685,0.2,-1.041,-0.175157,0.035348
0.695,0.2,-1.041,-0.177391,0.034833
0.705,0.2,-1.041,-0.178939,0.034309
0.715,0.2,-1.041,-0.17983,0.033769
0.725,0.2,-1.041,-0.180098,0.033211
0.735,0.2,-1.041,-0.179784,0.032634
0.745,0.2,-1.041,-0.178927,0.032041
0.755,0.2,-1.041,-0.177574,0.031438
0.765,0.2,-1.041,-0.17577,0.030831
0.775,0.2,-1.041,-0.173564,0.030229
0.785,0.2,-1.041,-0.171004,0.029639
0.795,0.2,-1.041,-0.16814,0.029071
0.805,0.2,-1.041,-0.16502,0.028531
0.815,0.2,-1.041,-0.161691,0.028026
0.825,0.2,-1.041,-0.158198,0.027559
0.835,0.2,-1.041,-0.154585,0.027132
0.845,0.2,-1.041,-0.150894,0.026746
0.855,0.2,-1.041,-0.147164,0.026397
0.865,0.2,-1.041,-0.143432,0.026082
0.875,0.2,-1.041,-0.139733,0.025797
0.885,0.2,-1.041,-0.136098,0.025534
0.895,0.2,-1.041,-0.132559,0.025287
0.905,0.2,-1.041,-0.129141,0.025051
0.915,0.2,-1.041,-0.125872,0.024817
0.925,0.2,-1.041,-0.122774,0.024579
0.935,0.2,-1.041,-0.119867,0.024331
0.945,0.2,-1.041,-0.117171,0.024067
-0.945,0.5,-0.686,0.270347,0.060713
-0.935,0.5,-0.686,0.276726,0.061694
-0.925,0.5,-0.686,0.283021,0.062701
-0.915,0.5,-0.686,0.289261,0.063739
-0.905,0.5,-0.686,0.295481,0.064813
-0.895,0.5,-0.686,0.301721,0.065927
-0.885,0.5,-0.686,0.308029,0.067088
-0.875,0.5,-0.686,0.314453,0.068302
-0.865,0.5,-0.686,0.321048,0.069577
-0.855,0.5,-0.686,0.327865,0.07092
-0.845,0.5,-0.686,0.33496,0.072338
-0.835,0.5,-0.686,0.342383,0.073839
-0.825,0.5,-0.686,0.350183,0.07543
-0.815,0.5,-0.686,0.358406,0.077118
-0.805,0.5,-0.686,0.367089,0.078908
-0.795,0.5,-0.686,0.376267,0.080806
-0.785,0.5,-0.686,0.385968,0.082816
-0.775,0.5,-0.686,0.39621,0.084942
-0.765,0.5,-0.686,0.407008,0.087188
-0.755,0.5,-0.686,0.418369,0.089554
-0.745,0.5,-0.686,0.430294,0.092043
-0.735,0.5,-0.686,0.442779,0.094655
-0.725,0.5,-0.686,0.455815,0.097392
-0.715,0.5,-0.686,0.46939,0.100254
-0.705,0.5,-0.686,0.48349,0.103243
-0.695,0.5,-0.686,0.498099,0.106362
-0.685,0.5,-0.686,0.513203,0.109614
-0.675,0.5,-0.686,0.528789,0.113004
-0.665,0.5,-0.686,0.544847,0.116541
-0.655,0.5,-0.686,0.561373,0.120236
-0.645,0.5,-0.686,0.578371,0.124101
-0.635,0.5,-0.686,0.595855,0.128154
-0.625,0.5,-0.686,0.613849,0.132419
-0.615,0.5,-0.686,0.632396,0.136922
-0.605,0.5,-0.686,0.651556,0.141696
-0.595,0.5,-0.686,0.671415,0.146783
-0.585,0.5,-0.686,0.69209,0.152231
-0.575,0.5,-0.686,0.71374,0.158101
-0.565,0.5,-0.686,0.736581,0.16447
-0.555,0.5,-0.686,0.760906,0.171436
-0.445,0.5,-0.686,0.585415,0.154687
-0.435,0.5,-0.686,0.589473,0.152625
-0.425,0.5,-0.686,0.593542,0.150613
-0.415,0.5,-0.686,0.597587,0.148684
-0.405,0.5,-0.686,0.601576,0.146875
-0.395,0.5,-0.686,0.605473,0.145221
-0.385,0.5,-0.686,0.609245,0.143757
-0.375,0.5,-0.686,0.612858,0.142512
-0.365,0.5,-0.686,0.616281,0.141509
-0.355,0.5,-0.686,0.619483,0.140764
-0.345,0.5,-0.686,0.622437,0.140284
-0.335,0.5,-0.686,0.625117,0.140067
-0.325,0.5,-0.686,0.627504,0.140104
-0.315,0.5,-0.686,0.62958,0.140376
-0.305,0.5,-0.686,0.631333,0.140857
-0.295,0.5,-0.686,0.632755,0.141518
-0.285,0.5,-0.686,0.633842,0.142325
-0.275,0.5,-0.686,0.634596,0.143241
-0.265,0.5,-0.686,0.635023,0.144232
-0.255,0.5,-0.686,0.635131,0.145262
-0.245,0.5,-0.686,0.634935,0.1463
-0.235,0.5,-0.686,0.634453,0.147317
-0.225,0.5,-0.686,0.633703,0.148288
-0.215,0.5,-0.686,0.63271,0.149191
-0.205,0.5,-0.686,0.631499,0.15001
-0.195,0.5,-0.686,0.630097,0.150732
-0.185,0.5,-0.686,0.628532,0.151347
-0.175,0.5,-0.686,0.626835,0.151851
-0.165,0.5,-0.686,0.625037,0.152241
-0.155,0.5,-0.686,0.623169,0.152518
-0.145,0.5,-0.686,0.621264,0.152686
-0.135,0.5,-0.686,0.619355,0.152751
-0.125,0.5,-0.686,0.617477,0.152719
-0.115,0.5,-0.686,0.615665,0.152601
-0.105,0.5,-0.686,0.613954,0.152407
-0.095,0.5,-0.686,0.612385,0.15215
-0.085,0.5,-0.686,0.610999,0.151845
-0.075,0.5,-0.686,0.609844,0.151507
-0.065,0.5,-0.686,0.608973,0.151155
-0.055,0.5,-0.686,0.608452,0.15081
0.055,0.5,-0.686,1.026709,0.197594
0.065,0.5,-0.686,1.018597,0.19483
0.075,0.5,-0.686,1.011015,0.192084
0.085,0.5,-0.686,1.003852,0.18933
0.095,0.5,-0.686,0.997016,0.186545
0.105,0.5,-0.686,0.990431,0.183711
0.115,0.5,-0.686,0.984032,0.180811
0.125,0.5,-0.686,0.977759,0.177834
0.135,0.5,-0.686,0.971559,0.174766
0.145,0.5,-0.686,0.965384,0.1716
0.155,0.5,-0.686,0.959189,0.168327
0.165,0.5,-0.686,0.952929,0.164942
0.175,0.5,-0.686,0.946567,0.161444
0.185,0.5,-0.686,0.940063,0.157831
0.195,0.5,-0.686,0.933382,0.154106
0.205,0.5,-0.686,0.926491,0.150274
0.215,0.5,-0.686,0.919359,0.146345
0.225,0.5,-0.686,0.911958,0.14233
0.235,0.5,-0.686,0.904259,0.138246
0.245,0.5,-0.686,0.896242,0.134111
0.255,0.5,-0.686,0.887883,0.12995
0.265,0.5,-0.686,0.879166,0.125791
0.275,0.5,-0.686,0.870077,0.121664
0.285,0.5,-0.686,0.860602,0.117605
0.295,0.5,-0.686,0.850736,0.113653
0.305,0.5,-0.686,0.840471,0.109848
0.315,0.5,-0.686,0.829807,0.106234
0.325,0.5,-0.686,0.818744,0.102854
0.335,0.5,-0.686,0.807288,0.099752
0.345,0.5,-0.686,0.795443,0.096967
0.355,0.5,-0.686,0.783219,0.094535
0.365,0.5,-0.686,0.770628,0.092488
0.375,0.5,-0.686,0.757681,0.090847
0.385,0.5,-0.686,0.744393,0.089627
0.395,0.5,-0.686,0.73078,0.088831
0.405,0.5,-0.686,0.71686,0.088453
0.415,0.5,-0.686,0.70265,0.088481
0.425,0.5,-0.686,0.688172,0.088893
0.435,0.5,-0.686,0.673451,0.089661
0.445,0.5,-0.686,0.658515,0.090755
0.555,0.5,-0.686,0.732154,0.196774
0.565,0.5,-0.686,0.666446,0.191362
0.575,0.5,-0.686,0.604933,0.186045
0.585,0.5,-0.686,0.546966,0.180746
0.595,0.5,-0.686,0.492066,0.17541
0.605,0.5,-0.686,0.439865,0.170003
0.615,0.5,-0.686,0.39008,0.164505
0.625,0.5,-0.686,0.34249,0.158911
0.635,0.5,-0.686,0.296921,0.153228
0.645,0.5,-0.686,0.253239,0.147479
0.655,0.5,-0.686,0.211341,0.141696
0.665,0.5,-0.686,0.171151,0.135923
0.675,0.5,-0.686,0.132615,0.130217
0.685,0.5,-0.686,0.095697,0.124642
0.695,0.5,-0.686,0.060378,0.119269
0.705,0.5,-0.686,0.026653,0.114176
0.715,0.5,-0.686,-0.005472,0.109444
0.725,0.5,-0.686,-0.035982,0.10515
0.735,0.5,-0.686,-0.064855,0.101366
0.745,0.5,-0.686,-0.092065,0.098152
0.755,0.5,-0.686,-0.117583,0.095548
0.765,0.5,-0.686,-0.141379,0.09357
0.775,0.5,-0.686,-0.163428,0.09221
0.785,0.5,-0.686,-0.183707,0.091429
0.795,0.5,-0.686,-0.2022,0.091167
0.805,0.5,-0.686,-0.2189,0.091343
0.815,0.5,-0.686,-0.23381,0.091863
0.825,0.5,-0.686,-0.246945,0.092628
0.835,0.5,-0.686,-0.25833,0.093541
0.845,0.5,-0.686,-0.268007,0.094508
0.855,0.5,-0.686,-0.276029,0.095444
0.865,0.5,-0.686,-0.282462,0.096274
0.875,0.5,-0.686,-0.287385,0.096936
0.885,0.5,-0.686,-0.290889,0.097374
0.895,0.5,-0.686,-0.293075,0.097546
0.905,0.5,-0.686,-0.29405,0.097418
0.915,0.5,-0.686,-0.29393,0.096964
0.925,0.5,-0.686,-0.292834,0.096166
0.935,0.5,-0.686,-0.290886,0.095015
0.945,0.5,-0.686,-0.288207,0.093504
-0.945,0.5,-0.914,0.17554,0.051431
-0.935,0.5,-0.914,0.177933,0.051884
-0.925,0.5,-0.914,0.180277,0.052345
-0.915,0.5,-0.914,0.182586,0.052821
-0.905,0.5,-0.914,0.184876,0.053316
-0.895,0.5,-0.914,0.187168,0.053835
-0.885,0.5,-0.914,0.189486,0.054381
-0.875,0.5,-0.914,0.191856,0.054961
-0.865,0.5,-0.914,0.194308,0.055577
-0.855,0.5,-0.914,0.19687,0.056235
-0.845,0.5,-0.914,0.199571,0.056937
-0.835,0.5,-0.914,0.202442,0.057688
-0.825,0.5,-0.914,0.205511,0.05849
-0.815,0.5,-0.914,0.208803,0.059346
-0.805,0.5,-0.914,0.212342,0.060258
-0.795,0.5,-0.914,0.21615,0.061227
-0.785,0.5,-0.914,0.220244,0.062256
-0.775,0.5,-0.914,0.224639,0.063342
-0.765,0.5,-0.914,0.229346,0.064488
-0.755,0.5,-0.914,0.234374,0.065692
-0.745,0.5,-0.914,0.239728,0.066952
-0.735,0.5,-0.914,0.24541,0.068268
-0.725,0.5,-0.914,0.251422,0.069639
-0.715,0.5,-0.914,0.257762,0.071062
-0.705,0.5,-0.914,0.264431,0.072539
-0.695,0.5,-0.914,0.271426,0.07407
-0.685,0.5,-0.914,0.278749,0.075657
-0.675,0.5,-0.914,0.2864,0.077306
-0.665,0.5,-0.914,0.294385,0.079025
-0.655,0.5,-0.914,0.302715,0.080827
-0.645,0.5,-0.914,0.311404,0.082729
-0.635,0.5,-0.914,0.320477,0.084756
-0.625,0.5,-0.914,0.329967,0.086938
-0.615,0.5,-0.914,0.339919,0.089316
-0.605,0.5,-0.914,0.350394,0.09194
-0.595,0.5,-0.914,0.361474,0.09487
-0.585,0.5,-0.914,0.373264,0.098183
-0.575,0.5,-0.914,0.385904,0.101967
-0.565,0.5,-0.914,0.399577,0.106334
-0.555,0.5,-0.914,0.414534,0.111421
-0.445,0.5,-0.914,0.328411,0.114619
-0.435,0.5,-0.914,0.341981,0.116248
-0.425,0.5,-0.914,0.355805,0.118075
-0.415,0.5,-0.914,0.369821,0.120086
-0.405,0.5,-0.914,0.38396,0.122268
-0.395,0.5,-0.914,0.398152,0.124607
-0.385,0.5,-0.914,0.412325,0.12709
-0.375,0.5,-0.914,0.426403,0.129699
-0.365,0.5,-0.914,0.440311,0.132416
-0.355,0.5,-0.914,0.453974,0.135221
-0.345,0.5,-0.914,0.467319,0.138091
-0.335,0.5,-0.914,0.480279,0.141001
-0.325,0.5,-0.914,0.492787,0.143927
-0.315,0.5,-0.914,0.504786,0.14684
-0.305,0.5,-0.914,0.516223,0.149717
-0.295,0.5,-0.914,0.527054,0.15253
-0.285,0.5,-0.914,0.537241,0.155257
-0.275,0.5,-0.914,0.546757,0.157875
-0.265,0.5,-0.914,0.555581,0.160365
-0.255,0.5,-0.914,0.563703,0.162709
-0.245,0.5,-0.914,0.57112,0.164894
-0.235,0.5,-0.914,0.577835,0.166908
-0.225,0.5,-0.914,0.583861,0.168743
-0.215,0.5,-0.914,0.589217,0.170393
-0.205,0.5,-0.914,0.593928,0.171858
-0.195,0.5,-0.914,0.598024,0.173136
-0.185,0.5,-0.914,0.60154,0.174231
-0.175,0.5,-0.914,0.604515,0.175148
-0.165,0.5,-0.914,0.60699,0.175894
-0.155,0.5,-0.914,0.609012,0.176478
-0.145,0.5,-0.914,0.610626,0.176909
-0.135,0.5,-0.914,0.611883,0.1772
-0.125,0.5,-0.914,0.612834,0.177364
-0.115,0.5,-0.914,0.61353,0.177415
-0.105,0.5,-0.914,0.614028,0.177368
-0.095,0.5,-0.914,0.614383,0.177239
-0.085,0.5,-0.914,0.614657,0.177046
-0.075,0.5,-0.914,0.614914,0.176808
-0.065,0.5,-0.914,0.615228,0.176549
-0.055,0.5,-0.914,0.615681,0.176292
0.055,0.5,-0.914,0.932159,0.150744
0.065,0.5,-0.914,0.92317,0.14863
0.075,0.5,-0.914,0.914508,0.146557
0.085,0.5,-0.914,0.906062,0.144506
0.095,0.5,-0.914,0.89774,0.142463
0.105,0.5,-0.914,0.889466,0.140417
0.115,0.5,-0.914,0.881173,0.138359
0.125,0.5,-0.914,0.872801,0.136282
0.135,0.5,-0.914,0.864298,0.134181
0.145,0.5,-0.914,0.855614,0.132054
0.155,0.5,-0.914,0.846707,0.129897
0.165,0.5,-0.914,0.837537,0.127712
0.175,0.5,-0.914,0.828068,0.1255
0.185,0.5,-0.914,0.81827,0.123265
0.195,0.5,-0.914,0.808116,0.121013
0.205,0.5,-0.914,0.797584,0.118749
0.215,0.5,-0.914,0.786656,0.116484
0.225,0.5,-0.914,0.77532,0.114228
0.235,0.5,-0.914,0.76357,0.111992
0.245,0.5,-0.914,0.751403,0.109789
0.255,0.5,-0.914,0.738825,0.107633
0.265,0.5,-0.914,0.725845,0.105537
0.275,0.5,-0.914,0.712479,0.103516
0.285,0.5,-0.914,0.698749,0.101582
0.295,0.5,-0.914,0.684681,0.099748
0.305,0.5,-0.914,0.670307,0.098021
0.315,0.5,-0.914,0.655662,0.096411
0.325,0.5,-0.914,0.640787,0.09492
0.335,0.5,-0.914,0.625724,0.093551
0.345,0.5,-0.914,0.610518,0.092303
0.355,0.5,-0.914,0.595213,0.091171
0.365,0.5,-0.914,0.579857,0.090149
0.375,0.5,-0.914,0.564494,0.089231
0.385,0.5,-0.914,0.549169,0.088409
0.395,0.5,-0.914,0.533925,0.087675
0.405,0.5,-0.914,0.518801,0.087025
0.415,0.5,-0.914,0.503835,0.086456
0.425,0.5,-0.914,0.489061,0.085969
0.435,0.5,-0.914,0.474512,0.085568
0.445,0.5,-0.914,0.460221,0.085264
0.555,0.5,-0.914,0.446547,0.161335
0.565,0.5,-0.914,0.405349,0.154557
0.575,0.5,-0.914,0.367314,0.148619
0.585,0.5,-0.914,0.331893,0.143362
0.595,0.5,-0.914,0.298671,0.138645
0.605,0.5,-0.914,0.267327,0.134346
0.615,0.5,-0.914,0.237608,0.130362
0.625,0.5,-0.914,0.209314,0.126603
0.635,0.5,-0.914,0.182284,0.123
0.645,0.5,-0.914,0.156391,0.119499
0.655,0.5,-0.914,0.131532,0.116061
0.665,0.5,-0.914,0.107627,0.112663
0.675,0.5,-0.914,0.084615,0.109294
0.685,0.5,-0.914,0.06245,0.105955
0.695,0.5,-0.914,0.041099,0.102656
0.705,0.5,-0.914,0.02054,0.099415
0.715,0.5,-0.914,0.000762,0.096256
0.725,0.5,-0.914,-0.018236,0.093204
0.735,0.5,-0.914,-0.036453,0.09029
0.745,0.5,-0.914,-0.053877,0.087539
0.755,0.5,-0.914,-0.070496,0.084977
0.765,0.5,-0.914,-0.086292,0.082625
0.775,0.5,-0.914,-0.101247,0.080498
0.785,0.5,-0.914,-0.115342,0.078606
0.795,0.5,-0.914,-0.128559,0.076949
0.805,0.5,-0.914,-0.140883,0.075523
0.815,0.5,-0.914,-0.152299,0.074314
0.825,0.5,-0.914,-0.162798,0.073305
0.835,0.5,-0.914,-0.172376,0.072472
0.845,0.5,-0.914,-0.181034,0.071788
0.855,0.5,-0.914,-0.188778,0.071223
0.865,0.5,-0.914,-0.195619,0.070747
0.875,0.5,-0.914,-0.201577,0.070328
0.885,0.5,-0.914,-0.206676,0.069936
0.895,0.5,-0.914,-0.210945,0.06954
0.905,0.5,-0.914,-0.21442,0.069113
0.915,0.5,-0.914,-0.21714,0.068629
0.925,0.5,-0.914,-0.21915,0.068064
0.935,0.5,-0.914,-0.220496,0.067398
0.945,0.5,-0.914,-0.221229,0.066611
-0.945,0.5,-1.337,0.141289,0.04007
-0.935,0.5,-1.337,0.14415,0.040816
-0.925,0.5,-1.337,0.146893,0.041573
-0.915,0.5,-1.337,0.149536,0.042346
-0.905,0.5,-1.337,0.152103,0.043137
-0.895,0.5,-1.337,0.154622,0.043952
-0.885,0.5,-1.337,0.157124,0.044794
-0.875,0.5,-1.337,0.159641,0.04567
-0.865,0.5,-1.337,0.162209,0.046583
-0.855,0.5,-1.337,0.164863,0.047538
-0.845,0.5,-1.337,0.167638,0.048541
-0.835,0.5,-1.337,0.170568,0.049594
-0.825,0.5,-1.337,0.173683,0.050702
-0.815,0.5,-1.337,0.177012,0.051868
-0.805,0.5,-1.337,0.180578,0.053093
-0.795,0.5,-1.337,0.184399,0.054381
-0.785,0.5,-1.337,0.188489,0.055731
-0.775,0.5,-1.337,0.192856,0.057144
-0.765,0.5,-1.337,0.197501,0.058619
-0.755,0.5,-1.337,0.202422,0.060155
-0.745,0.5,-1.337,0.207608,0.06175
-0.735,0.5,-1.337,0.213046,0.063403
-0.725,0.5,-1.337,0.218716,0.06511
-0.715,0.5,-1.337,0.224594,0.066868
-0.705,0.5,-1.337,0.230653,0.068675
-0.695,0.5,-1.337,0.236863,0.070529
-0.685,0.5,-1.337,0.243191,0.072427
-0.675,0.5,-1.337,0.249604,0.074368
-0.665,0.5,-1.337,0.256067,0.076351
-0.655,0.5,-1.337,0.262548,0.078378
-0.645,0.5,-1.337,0.269014,0.08045
-0.635,0.5,-1.337,0.275436,0.082572
-0.625,0.5,-1.337,0.281788,0.08475
-0.615,0.5,-1.337,0.288051,0.086992
-0.605,0.5,-1.337,0.294209,0.089311
-0.595,0.5,-1.337,0.300256,0.091722
-0.585,0.5,-1.337,0.306196,0.094244
-0.575,0.5,-1.337,0.31204,0.096903
-0.565,0.5,-1.337,0.317817,0.099733
-0.555,0.5,-1.337,0.323571,0.102776
-0.445,0.5,-1.337,0.208526,0.083971
-0.435,0.5,-1.337,0.206736,0.082082
-0.425,0.5,-1.337,0.205121,0.080324
-0.415,0.5,-1.337,0.203669,0.078724
-0.405,0.5,-1.337,0.202363,0.077309
-0.395,0.5,-1.337,0.201187,0.076103
-0.385,0.5,-1.337,0.200122,0.075129
-0.375,0.5,-1.337,0.199152,0.074404
-0.365,0.5,-1.337,0.198259,0.073936
-0.355,0.5,-1.337,0.197426,0.073731
-0.345,0.5,-1.337,0.196638,0.073781
-0.335,0.5,-1.337,0.19588,0.074075
-0.325,0.5,-1.337,0.195141,0.074591
-0.315,0.5,-1.337,0.19441,0.075305
-0.305,0.5,-1.337,0.193678,0.076187
-0.295,0.5,-1.337,0.192938,0.077203
-0.285,0.5,-1.337,0.192186,0.078322
-0.275,0.5,-1.337,0.191419,0.079509
-0.265,0.5,-1.337,0.190636,0.080735
-0.255,0.5,-1.337,0.189837,0.08197
-0.245,0.5,-1.337,0.189024,0.08319
-0.235,0.5,-1.337,0.188201,0.084372
-0.225,0.5,-1.337,0.187372,0.085499
-0.215,0.5,-1.337,0.186543,0.086556
-0.205,0.5,-1.337,0.18572,0.087532
-0.195,0.5,-1.337,0.184909,0.088417
-0.185,0.5,-1.337,0.184118,0.089209
-0.175,0.5,-1.337,0.183354,0.089902
-0.165,0.5,-1.337,0.182625,0.090498
-0.155,0.5,-1.337,0.18194,0.090998
-0.145,0.5,-1.337,0.181305,0.091404
-0.135,0.5,-1.337,0.18073,0.091722
-0.125,0.5,-1.337,0.180223,0.091958
-0.115,0.5,-1.337,0.179792,0.092118
-0.105,0.5,-1.337,0.179447,0.092211
-0.095,0.5,-1.337,0.179196,0.092245
-0.085,0.5,-1.337,0.17905,0.09223
-0.075,0.5,-1.337,0.179022,0.092178
-0.065,0.5,-1.337,0.179123,0.0921
-0.055,0.5,-1.337,0.179371,0.092012
0.055,0.5,-1.337,0.694954,0.087147
0.065,0.5,-1.337,0.689467,0.085726
0.075,0.5,-1.337,0.684369,0.0843
0.085,0.5,-1.337,0.679584,0.082857
0.095,0.5,-1.337,0.675053,0.081389
0.105,0.5,-1.337,0.670725,0.079886
0.115,0.5,-1.337,0.666557,0.078343
0.125,0.5,-1.337,0.662512,0.076755
0.135,0.5,-1.337,0.658553,0.075119
0.145,0.5,-1.337,0.65465,0.073431
0.155,0.5,-1.337,0.650771,0.071691
0.165,0.5,-1.337,0.646888,0.0699
0.175,0.5,-1.337,0.642973,0.06806
0.185,0.5,-1.337,0.639,0.066177
0.195,0.5,-1.337,0.634943,0.064257
0.205,0.5,-1.337,0.630778,0.062309
0.215,0.5,-1.337,0.626478,0.060345
0.225,0.5,-1.337,0.622021,0.05838
0.235,0.5,-1.337,0.617384,0.056432
0.245,0.5,-1.337,0.612545,0.05452
0.255,0.5,-1.337,0.607481,0.052669
0.265,0.5,-1.337,0.602172,0.050905
0.275,0.5,-1.337,0.596598,0.049257
0.285,0.5,-1.337,0.590741,0.047752
0.295,0.5,-1.337,0.584583,0.046422
0.305,0.5,-1.337,0.578109,0.045293
0.315,0.5,-1.337,0.571303,0.044388
0.325,0.5,-1.337,0.564151,0.043727
0.335,0.5,-1.337,0.556643,0.043318
0.345,0.5,-1.337,0.548768,0.043164
0.355,0.5,-1.337,0.540516,0.043257
0.365,0.5,-1.337,0.531881,0.043581
0.375,0.5,-1.337,0.522858,0.044115
0.385,0.5,-1.337,0.513443,0.04483
0.395,0.5,-1.337,0.503636,0.045697
0.405,0.5,-1.337,0.493437,0.046685
0.415,0.5,-1.337,0.482852,0.047767
0.425,0.5,-1.337,0.471889,0.048915
0.435,0.5,-1.337,0.46056,0.050107
0.445,0.5,-1.337,0.448888,0.051323
0.555,0.5,-1.337,0.495796,0.110889
0.565,0.5,-1.337,0.443208,0.106683
0.575,0.5,-1.337,0.394063,0.102619
0.585,0.5,-1.337,0.347898,0.098677
0.595,0.5,-1.337,0.304369,0.094846
0.605,0.5,-1.337,0.263213,0.091119
0.615,0.5,-1.337,0.224223,0.087494
0.625,0.5,-1.337,0.187235,0.083974
0.635,0.5,-1.337,0.152116,0.080566
0.645,0.5,-1.337,0.118757,0.077283
0.655,0.5,-1.337,0.087071,0.074141
0.665,0.5,-1.337,0.056984,0.07116
0.675,0.5,-1.337,0.028439,0.068365
0.685,0.5,-1.337,0.001389,0.06578
0.695,0.5,-1.337,-0.024201,0.063431
0.705,0.5,-1.337,-0.048357,0.061343
0.715,0.5,-1.337,-0.0711,0.059535
0.725,0.5,-1.337,-0.092439,0.058021
0.735,0.5,-1.337,-0.112383,0.056806
0.745,0.5,-1.337,-0.130934,0.055885
0.755,0.5,-1.337,-0.14809,0.055244
0.765,0.5,-1.337,-0.16385,0.054855
0.775,0.5,-1.337,-0.178211,0.054686
0.785,0.5,-1.337,-0.191173,0.054696
0.795,0.5,-1.337,-0.202737,0.054841
0.805,0.5,-1.337,-0.212911,0.055074
0.815,0.5,-1.337,-0.221705,0.055353
0.825,0.5,-1.337,-0.229137,0.055634
0.835,0.5,-1.337,-0.235232,0.055881
0.845,0.5,-1.337,-0.240024,0.056059
0.855,0.5,-1.337,-0.243552,0.056142
0.865,0.5,-1.337,-0.245867,0.056106
0.875,0.5,-1.337,-0.247024,0.055933
0.885,0.5,-1.337,-0.247087,0.055611
0.895,0.5,-1.337,-0.246127,0.055129
0.905,0.5,-1.337,-0.24422,0.054483
0.915,0.5,-1.337,-0.241445,0.053669
0.925,0.5,-1.337,-0.237884,0.05269
0.935,0.5,-1.337,-0.233624,0.051548
0.945,0.5,-1.337,-0.228749,0.05025
