0.579508848412955,0.102814,-0.149945,1.0886505408072877,0.0956332,-0.00401505,0.0153526,LU
0.5970159014247491,0.099858,-0.148208,1.0889719922936494,0.285004,0.063576,0.0164779,LU
0.626938680442547,0.0947776,-0.15012,1.0871706397801588,0.470248,0.0983536,0.0173404,LU
0.6677351376113986,0.0888319,-0.151467,1.0862228132386098,0.657727,0.145918,0.0168122,LU
0.7189369166197895,0.0824138,-0.152116,1.0856196387317245,0.846992,0.165289,0.0183801,LU
0.7505337489665003,0.0782282,-0.150373,1.0806849679717028,1.02486,0.226742,0.0220662,LU
0.7507546633868395,0.0774572,-0.144887,1.0755045327659014,1.2117,0.170445,0.0358811,LU
0.7024841728716351,0.082693,-0.140749,1.0749418588928425,1.39714,0.201054,0.0512921,LU
0.5541227918982874,0.104445,-0.150041,1.072949206626297,1.63923,0.196896,0.0689447,LU
0.5592409083529569,0.107031,-0.155099,1.091155350992699,1.85155,0.19516,0.0806462,LU
0.5810385257563921,0.102218,-0.155653,1.086922260329597,2.05259,0.22057,0.058886,LU
0.585971836770041,0.101209,-0.160727,1.0861261436868188,2.23179,0.102624,0.0593524,LU
0.5778001069014234,0.100587,-0.163499,1.0752069568227318,2.42405,0.153486,0.0460841,LU
0.5908889248493221,0.0983155,-0.163251,1.0749697670167286,2.60851,0.197954,0.0476778,LU
0.5925841511704583,0.0985263,-0.165462,1.0776641406300944,2.79357,0.0944589,0.0478898,LU
0.5823818552616864,0.100614,-0.168255,1.0796064097623725,2.97903,-0.000287466,0.0581132,LU
0.5931407085559901,0.0976829,-0.16482,1.0735455276791945,3.16555,0.051989,0.064546,LU
0.5915330171117519,0.0992419,-0.16385,1.0806109383122124,3.36159,-0.093807,0.0695206,LU
0.5881536730754527,0.10016,-0.161178,1.0824924942003062,3.5479,-0.00275131,0.0675397,LU
0.5612607041890866,0.104059,-0.162129,1.0778404334594245,3.7336,-0.181496,0.0858614,LU
0.5406238997823265,0.10936,-0.162285,1.0844491689332423,4.02357,-0.434516,0.101771,LU
0.7039995321163744,0.0814467,-0.154093,1.0679606734332496,4.78751,-0.396749,0.129083,LU
0.762393637780366,0.076309,-0.15134,1.075746252607928,5.00972,-0.138658,0.0578388,LU
0.758077299770831,0.0768801,-0.151423,1.0767033017503012,5.19377,-0.209361,0.0319571,LU
0.7327589163777792,0.0807721,-0.152208,1.085034561661517,5.37697,-0.21347,0.0210983,LU
0.6874443674088869,0.0864401,-0.152337,1.0871982339941506,5.56123,-0.153312,0.0188983,LU
0.6421912267118635,0.0924334,-0.151478,1.086623209765004,5.7458,-0.0964044,0.017923,LU
0.6079156282683809,0.0980345,-0.15162,1.08878831735099,5.9331,-0.152948,0.0189522,LU
0.5833671616548547,0.10224,-0.149888,1.089215313884266,6.15683,-0.0428874,0.0157058,LU
0.3421435437633515,0.172113,-0.16118,1.0822892404528468,0.0968203,0.00788785,0.0404457,LU
0.34592760687897534,0.170861,-0.161934,1.0842923959892,0.280193,0.111085,0.0357623,LU
0.3614797000058846,0.167539,-0.154625,1.0975700433229763,0.465177,0.13975,0.041485,LU
0.3623176366215683,0.167812,-0.155138,1.099736332036002,0.654125,0.253767,0.0494776,LU
0.3557634439599753,0.169978,-0.154738,1.0967543024761746,0.838284,0.245527,0.071006,LU
0.36549446783146705,0.165568,-0.149449,1.0971371837650932,1.07185,0.368885,0.0662578,LU
0.38161916756861636,0.161365,-0.157696,1.1067565224564977,1.29118,0.186504,0.101813,LU
0.3725916472674286,0.164171,-0.164611,1.1030548490442351,1.5047,0.262475,0.0815877,LU
0.37599919104795876,0.16202,-0.175235,1.1008042514452785,1.72761,0.369252,0.0845168,LU
0.3689565085443916,0.164321,-0.180005,1.0981621009668836,1.91524,0.278611,0.0790118,LU
0.3814125694996931,0.156333,-0.178415,1.0890684092379137,2.13618,0.191706,0.0953673,LU
0.4008051515714066,0.152567,-0.181843,1.1028825866791079,2.38449,0.14783,0.0808019,LU
0.41082990932849744,0.148236,-0.181592,1.1006270939787008,2.6468,0.379569,0.063099,LU
0.4180100768119032,0.145264,-0.186569,1.099017743259862,2.84779,-0.00486285,0.106568,LU
0.4215283252500115,0.144921,-0.182279,1.1023293518726607,3.14948,0.0432002,0.0961048,LU
0.4056709009207887,0.148437,-0.1773,1.0944359277728413,3.52713,0.00926254,0.0996819,LU
0.3978206891657882,0.152669,-0.180818,1.099136024339117,3.86751,-0.0338408,0.0974044,LU
0.36917286363860813,0.165069,-0.175805,1.1009813804056814,4.29795,-0.111513,0.114352,LU
0.3463510221982291,0.173185,-0.167702,1.0923094799552002,4.7805,-0.404022,0.129525,LU
0.3399175026233367,0.178174,-0.139439,1.0975928206762287,5.58651,-0.118507,0.100433,LU
0.3453510690875077,0.174145,-0.148333,1.0937504285713446,5.88728,-0.0804759,0.0734451,LU
0.34449877140965657,0.173261,-0.1631,1.089623788286581,6.14024,-0.0738377,0.0315014,LU
0.25486297643796707,0.240322,-0.192415,1.1037798693580165,0.0904899,0.0628241,0.0760889,LU
0.2601686575001151,0.236936,-0.194124,1.107325607037063,0.279772,0.0492491,0.0771939,LU
0.25861111828739025,0.239022,-0.18361,1.1088552655779744,0.465287,0.297452,0.0649485,LU
0.2564242608904275,0.238002,-0.18166,1.1017985296777264,0.672923,0.235944,0.0843466,LU
0.26255855688825197,0.236426,-0.184638,1.1112020518339587,1.03669,0.285763,0.0914843,LU
0.26502456667677554,0.235332,-0.203708,1.113822247937255,1.5688,0.0130705,0.156915,LU
0.25419507785498874,0.244191,-0.196271,1.1111705539655017,4.74785,0.136644,0.170144,LU
0.2607034591760214,0.239975,-0.173361,1.1155491921022578,5.45796,-0.106074,0.138749,LU
0.2605889000530442,0.239658,-0.187564,1.1145671805683137,5.85242,-0.163488,0.119169,LU
0.25903770508082663,0.238182,-0.189811,1.107817674529523,6.1312,-0.082403,0.0707024,LU
0.49510181279141013,0.118025,-0.264322,1.0781187318658367,0.0973684,0.0584737,0.0226203,LU
0.5167955135317622,0.114201,-0.288485,1.0834943470087879,0.289872,0.0973894,0.0187394,LU
0.5793792589349034,0.102673,-0.294449,1.0877821473070792,0.47593,0.12513,0.0155078,LU
0.6622963893594127,0.0894498,-0.301005,1.0855459455960397,0.662802,0.159234,0.0140607,LU
0.7294866589012582,0.0807988,-0.290144,1.0827880679061808,0.838689,0.151797,0.0160885,LU
0.7497354329717004,0.077822,-0.27682,1.0773021860183891,1.01653,0.243558,0.0293341,LU
0.732331362063896,0.0794614,-0.266789,1.0758810343155976,1.20399,0.0223399,0.090008,LU
0.5435151011453879,0.109139,-0.269775,1.0862458285305403,1.66148,-0.00221551,0.104319,LU
0.5628615910533796,0.105193,-0.282053,1.0852419085162535,1.98642,0.281879,0.0738019,LU
0.6040661891608966,0.0990637,-0.282608,1.0910178733641351,2.17685,0.0733999,0.0624361,LU
0.5972511661236017,0.0991781,-0.287712,1.085472247457299,2.36301,0.0198674,0.056601,LU
0.5993276142281383,0.0977675,-0.286829,1.079597147087746,2.54381,0.0534143,0.0465421,LU
0.5968101272072458,0.0980207,-0.290999,1.0787214654395267,2.73853,0.0682335,0.0431187,LU
0.5914248147469875,0.0990926,-0.293541,1.0796990321381232,2.91769,-0.0629471,0.0442703,LU
0.6017421263136883,0.0974128,-0.292064,1.0798055380484024,3.10788,-0.0157314,0.0517939,LU
0.5842168667978486,0.100705,-0.299482,1.0817948049422312,3.29329,-0.141388,0.0649158,LU
0.5662344202965165,0.102638,-0.287217,1.0751883555917074,3.48098,-0.0911124,0.0758307,LU
0.5542774836225353,0.105614,-0.29216,1.0790875775394693,3.67478,-0.0686843,0.0806255,LU
0.5354348958060076,0.10888,-0.292217,1.07686117953987,3.85568,-0.0931732,0.101286,LU
0.5932330100379165,0.100799,-0.317961,1.090619090241868,4.11518,-0.0423303,0.119326,LU
0.638385033239834,0.0938232,-0.313982,1.091512711790385,4.37187,0.00519163,0.0854588,LU
0.599123201030602,0.0987415,-0.318627,1.0847764746711646,4.55503,-0.328399,0.0790022,LU
0.5730777265846148,0.102587,-0.306225,1.0813972443094166,4.74301,-0.199469,0.0719668,LU
0.5830933230465395,0.0992428,-0.301803,1.0728793035565558,4.93324,-0.326399,0.0710539,LU
0.6817391073260762,0.0854947,-0.273451,1.0767404515480972,5.13405,-0.187768,0.0500894,LU
0.7217430584577895,0.0812401,-0.27661,1.0799629623278755,5.32071,-0.192162,0.026398,LU
0.706338918919034,0.0835805,-0.291959,1.0836558494282214,5.50132,-0.13929,0.0178284,LU
0.6301299127809311,0.0941907,-0.297287,1.0865541864076544,5.6843,-0.171694,0.0162628,LU
0.5530350749690228,0.107313,-0.295745,1.0865127702885042,5.86955,-0.136432,0.0172189,LU
0.5018642195538183,0.11663,-0.275533,1.0790227059705464,6.10438,-0.0298932,0.0168785,LU
0.41149409097482564,0.150329,-0.336353,1.1092655227672048,0.0911475,0.066987,0.0306045,LU
0.40574632288850193,0.154073,-0.326971,1.1151233115669317,0.259429,0.112146,0.0454023,LU
0.3521771603524218,0.17595,-0.309014,1.1102161951620053,0.646306,0.2223,0.0765077,LU
0.3659215297149815,0.163564,-0.323208,1.0911141095229224,1.27152,0.0895558,0.123115,LU
0.3668958172274359,0.166943,-0.303842,1.1037934589405756,1.7517,0.133169,0.117604,LU
0.3720260508847726,0.160472,-0.305723,1.0897293241901862,1.97004,0.229122,0.103194,LU
0.3749725270815211,0.160234,-0.30405,1.093224588087919,2.16303,0.151947,0.111326,LU
0.38492944658457795,0.158525,-0.307527,1.1017213803861663,2.36362,0.0154519,0.112687,LU
0.3979071800719676,0.153711,-0.310683,1.1030004533090636,2.55042,0.023972,0.0854336,LU
0.40232816160727,0.153274,-0.311731,1.1075332952105774,2.73375,0.173589,0.084495,LU
0.4001932775306086,0.151686,-0.315304,1.098853948439009,2.91244,-0.180139,0.100208,LU
0.39337880786938817,0.153405,-0.322646,1.0956139831163163,3.10497,0.0458699,0.0841583,LU
0.39476570128971283,0.153378,-0.309154,1.0974470374464547,3.29864,-0.0561159,0.107109,LU
0.3862653356529091,0.154762,-0.320523,1.090454033877632,3.4922,-0.0842423,0.0887338,LU
0.3944909388473537,0.155232,-0.309865,1.1036756769993619,3.67071,0.107171,0.0969639,LU
0.3716599299978109,0.161021,-0.314325,1.0910545357588683,3.89175,-0.0153734,0.109757,LU
0.37640241621091475,0.160814,-0.312265,1.0972875648616456,4.21246,0.0282101,0.125664,LU
0.3705262402866693,0.161629,-0.350276,1.0914439976471537,4.58237,-0.231368,0.14966,LU
0.3744315939603612,0.159915,-0.342031,1.0913477905782374,4.87839,-0.291731,0.125978,LU
0.37884813265763106,0.157857,-0.32817,1.0906786877903134,5.19677,-0.333396,0.107416,LU
0.3851673015024231,0.154655,-0.348686,1.088526527007955,5.44171,-0.308636,0.0955393,LU
0.3918124450407551,0.153523,-0.369079,1.0938509953371163,5.70817,-0.279221,0.086342,LU
0.42060095832219346,0.147092,-0.342307,1.1093331330128025,6.15069,-0.0272579,0.0277363,LU
0.25947511370266774,0.234882,-0.330858,1.101044958210154,0.0906475,-0.0168883,0.0886718,LU
0.2605069303507512,0.241202,-0.320014,1.1179758494708194,0.332238,0.241084,0.0755443,LU
0.25730069828252333,0.248088,-0.326206,1.126822967462059,0.846918,0.108479,0.157647,LU
0.25927919008060535,0.231327,-0.355053,1.0922682820626075,2.01832,0.103166,0.197125,LU
0.25846032201199215,0.242437,-0.359478,1.116422858956229,4.61031,-0.35183,0.296074,LU
0.2541576727485494,0.23765,-0.376674,1.0961067466264405,5.3033,-0.00844682,0.150572,LU
0.25888882162165716,0.240991,-0.330393,1.1140107719407384,6.10745,-0.067066,0.0715668,LU
0.5413423919060206,0.100203,-0.677204,1.0387444344014556,0.259406,0.0184197,0.0568613,LU
0.5744292599522327,0.101123,-0.605954,1.0749186015694399,0.42126,0.107098,0.0165088,LU
0.6717475951323129,0.0884375,-0.539581,1.0870602559196063,0.591279,0.0659403,0.0162303,LU
0.7096757003745988,0.0835573,-0.496122,1.0860616925386881,0.766538,0.0887407,0.0298377,LU
0.5965440433516959,0.0963899,-0.521142,1.06947183226114,0.960492,0.236076,0.051841,LU
0.5397934087040631,0.107063,-0.569869,1.0721753587916483,1.15889,0.243359,0.0646125,LU
0.5703297115412646,0.103671,-0.579818,1.0844860533911904,1.35817,0.285523,0.0730006,LU
0.5648248076623834,0.103033,-0.595304,1.0759135653015999,1.79238,-0.00907658,0.11479,LU
0.5904561497409162,0.0987094,-0.519428,1.07672652052413,2.18711,-0.049887,0.103501,LU
0.6086106599256128,0.0958013,-0.539456,1.076930824147958,2.42914,0.0369868,0.0942393,LU
0.6133358868379521,0.0962247,-0.546406,1.0834897323002188,2.60659,0.189639,0.0622003,LU
0.5917407513433695,0.0992283,-0.547964,1.0807266074266886,2.79856,0.0178736,0.0654931,LU
0.598448521092259,0.0979716,-0.550906,1.0799305533227588,2.98036,-0.166659,0.0746628,LU
0.6028768912665674,0.0971619,-0.565623,1.079430405352749,3.1729,0.280896,0.0608324,LU
0.5666862236778055,0.103037,-0.560152,1.0777058968011635,3.36125,-0.0145401,0.111188,LU
0.5605695600096493,0.105033,-0.558237,1.0822060801899054,3.57406,-0.0101048,0.097186,LU
0.5864758218892121,0.100762,-0.55511,1.0841909425926781,3.93635,-0.15438,0.104113,LU
0.6234712489468412,0.0935493,-0.553584,1.0771118790543535,4.27993,-0.102152,0.102915,LU
0.6156356875521435,0.0961437,-0.559525,1.0850622101981064,4.49166,-0.156739,0.0912193,LU
0.5983701506193851,0.0978248,-0.559882,1.079050508549067,4.68683,-0.0585814,0.0782172,LU
0.5709820521971503,0.102275,-0.560881,1.0777754868245983,4.87548,-0.0775793,0.0699015,LU
0.5442228697341285,0.105993,-0.570375,1.07117225505518,5.05518,-0.109989,0.0672654,LU
0.5689176219978607,0.102085,-0.527525,1.074825567243355,5.25065,-0.174642,0.0730375,LU
0.7108156944335168,0.083122,-0.49437,1.0840987039933219,5.45178,-0.125972,0.0468792,LU
0.7030318138651406,0.0845107,-0.523626,1.0871154492509065,5.63522,-0.138529,0.0216395,LU
0.6048239631564739,0.097283,-0.590121,1.081845645182343,5.81052,-0.0688859,0.015368,LU
0.5230117969368719,0.107828,-0.636108,1.0591411615077566,5.95532,-0.100785,0.0286473,LU
0.38517047708889895,0.160428,-0.497658,1.1086613549682338,0.104143,0.0192736,0.0364247,LU
0.4198267058885054,0.146828,-0.575049,1.1073165762328314,0.276666,0.0503379,0.0305856,LU
0.39190301906564184,0.156225,-0.612999,1.1035624132780166,0.460553,0.158211,0.0743348,LU
0.35368748784881326,0.161458,-0.631304,1.065790786224013,0.669007,-0.0543047,0.0751093,LU
0.37104623567817685,0.159885,-0.626027,1.086301063241678,0.84447,0.171522,0.0642351,LU
0.3839560057196373,0.157903,-0.614117,1.0981666540193251,1.02315,0.23415,0.0713848,LU
0.3809563722217286,0.156862,-0.609171,1.090256850471484,1.24743,0.228971,0.0949233,LU
0.3621121454806179,0.166412,-0.606874,1.094828753732747,1.65816,0.139941,0.125954,LU
0.35249359803646335,0.167617,-0.557114,1.0840940918573443,2.12895,-0.0774756,0.128495,LU
0.3670425218633278,0.164115,-0.5641,1.0946232228488486,2.47441,0.291823,0.0813648,LU
0.3806381790161051,0.159002,-0.55621,1.0972100983859017,2.72778,0.0315649,0.110745,LU
0.3859842001681441,0.159884,-0.574394,1.1079485547623589,2.92211,-0.0188872,0.115662,LU
0.3874410494907864,0.15774,-0.575641,1.102569725686317,3.11912,-0.028082,0.118077,LU
0.35987576595009363,0.167692,-0.594555,1.095632237568793,3.3285,-0.160986,0.109496,LU
0.36473175369953104,0.16505,-0.588704,1.0942760163688137,3.57612,0.100387,0.0951628,LU
0.37780758869000863,0.158671,-0.545768,1.0919844321234622,3.84603,0.128846,0.103068,LU
0.36346644965187086,0.165294,-0.602608,1.0931834246822443,4.33015,0.144881,0.137362,LU
0.3719523146555453,0.161085,-0.60654,1.0917005083813052,4.65788,0.198461,0.102488,LU
0.36099384354297914,0.164418,-0.612102,1.0865679914298967,4.86366,-0.225531,0.142514,LU
0.3816942862888984,0.160298,-0.593382,1.1031998912255203,5.06493,-0.210363,0.123943,LU
0.37369817456344595,0.161484,-0.577721,1.0956139831163163,5.24751,-0.0701404,0.0863065,LU
0.37578054744856176,0.159555,-0.559169,1.092080583107309,5.43444,-0.142176,0.0764416,LU
0.34892284902545306,0.17074,-0.556745,1.0885908322230167,5.616,-0.26477,0.0679061,LU
0.38696080815656514,0.160564,-0.581078,1.1117058963592843,5.82877,-0.0884502,0.0664479,LU
0.41679505308887144,0.146884,-0.580397,1.1035216354924808,6.00655,-0.0709303,0.0267092,LU
0.3772240131083229,0.163489,-0.506383,1.1075829540038975,6.17454,-0.00569041,0.0362944,LU
0.2631682215966263,0.23729,-0.614597,1.114522319202267,0.236809,0.0690111,0.0807899,LU
0.26424758130043785,0.227067,-0.626021,1.0924834094850135,0.913996,-0.0101473,0.173151,LU
0.25836142792478506,0.239253,-0.657794,1.1088552655779744,4.74036,-0.138076,0.20933,LU
0.2591627765423411,0.237553,-0.629447,1.1066209829928222,5.3604,-0.294677,0.158553,LU
0.26324892714317816,0.233944,-0.669069,1.1068062161010843,5.77274,-0.122697,0.109817,LU
0.6379610261234522,0.0915199,-1.0086,1.0776734199190403,0.0983527,0.0744695,0.0220526,LU
0.6242793677542822,0.0946136,-0.93586,1.083923429029929,0.275895,-0.0100643,0.0274823,LU
0.6833375467074563,0.088328,-0.947211,1.0957189420649804,0.446156,0.117237,0.0586395,LU
0.5736930140046941,0.104255,-1.01744,1.0907382820823701,0.854116,-0.0662802,0.140575,LU
0.6033688007853845,0.0969952,-1.1011,1.0789439281074804,1.42775,0.320182,0.0845165,LU
0.5777347907124806,0.100688,-1.37973,1.0756858277396797,2.05441,0.151726,0.163511,LU
0.6049850578295134,0.09682,-1.05021,1.079411876903344,2.71569,0.118918,0.132329,LU
0.5814238326097511,0.0998131,-1.04696,1.0744161205045277,3.24022,-0.0195084,0.120093,LU
0.5731719453192399,0.101001,-1.26326,1.0730936585405768,4.00825,-0.408619,0.236788,LU
0.5853802447157801,0.0982814,-1.06927,1.0697616556971932,4.60505,0.128651,0.120111,LU
0.5505671915356108,0.106922,-0.989553,1.082109051805778,5.05513,0.151543,0.0994825,LU
0.6638021056985957,0.0906071,-1.02756,1.0937869993741927,5.73377,-0.206049,0.125064,LU
0.6266567552306537,0.0953786,-0.905977,1.0903669107231748,5.95232,-0.0174061,0.0307074,LU
0.6247078676357507,0.0930728,-1.00144,1.0754301464995297,6.14777,-0.0321333,0.0194224,LU
0.40978441281020733,0.15307,-1.0633,1.1170049238924598,0.164439,-0.0499286,0.0519026,LU
0.4140750154318285,0.151802,-1.04026,1.1181770879426927,0.312919,0.101795,0.0705833,LU
0.3551061488008922,0.171353,-1.04893,1.1001636241941468,0.73457,-0.125322,0.105938,LU
0.36538916261447346,0.162531,-1.11257,1.0868716575566777,1.12461,-0.111066,0.131021,LU
0.36734528027296,0.162837,-1.13458,1.0908024569095909,2.85213,0.0150266,0.127203,LU
0.388933566199901,0.158404,-1.21649,1.1070140017181354,3.48852,-0.204731,0.188634,LU
0.3557922388939258,0.16724,-1.08644,1.0879292256392417,4.11537,0.296705,0.175919,LU
0.3734156408183613,0.158923,-1.11202,1.0864805566598972,4.75806,-0.068472,0.192555,LU
0.39430199873904886,0.156269,-1.08396,1.1070907821854539,5.3646,-0.0816408,0.166549,LU
0.41196609323501193,0.152429,-1.06795,1.1176269502835015,5.94068,-0.030561,0.0673885,LU
0.4126772621846711,0.150607,-1.04361,1.1118857855013706,6.11322,0.0350375,0.0464439,LU
0.6563710493410851,0.119462,-0.146889,1.2488835013723256,0.0971024,0.0192776,0.0258981,LU
0.6684902129158868,0.11794,-0.149001,1.252305873179552,0.283699,0.0742729,0.0231447,LU
0.6905723726362957,0.11477,-0.151686,1.2555994584261336,0.471181,0.0847095,0.0214654,LU
0.7226008201247098,0.110147,-0.153927,1.2582527568020663,0.657506,0.110276,0.0258141,LU
0.7558100863939256,0.104702,-0.156443,1.2546314199795892,0.840849,0.193822,0.0272789,LU
0.770407265324607,0.101216,-0.155785,1.2454236227083537,1.02343,0.208435,0.0397022,LU
0.7703302230155089,0.100597,-0.15109,1.2415474215671345,1.20668,0.020469,0.11428,LU
0.6568393202243124,0.115951,-0.152894,1.2308330512299384,1.59619,0.374287,0.0610126,LU
0.6648543083472621,0.117481,-0.164445,1.2464629958406306,2.02685,0.0208766,0.0888863,LU
0.6768050859887901,0.115671,-0.166858,1.2478902195305484,2.26979,0.256696,0.0641645,LU
0.6840917624777003,0.114982,-0.168444,1.2508477125533708,2.51915,0.255783,0.0670548,LU
0.6863510467074804,0.114019,-0.165339,1.2476537981347229,2.72714,-0.0495801,0.0898187,LU
0.6767200041294348,0.113913,-0.167603,1.2382931801475772,2.94968,0.159925,0.0769243,LU
0.6828974913221669,0.114349,-0.167102,1.2463105551988236,3.2015,0.0147037,0.0940127,LU
0.6784487566002053,0.114898,-0.166278,1.2452228716177678,3.50926,0.0969284,0.0770513,LU
0.6587550236327725,0.11812,-0.165738,1.2441020858434408,3.90177,-0.521007,0.163603,LU
0.7834502824137806,0.0991286,-0.151087,1.2429038579069582,5.08013,-0.302465,0.153381,LU
0.7723163395622016,0.101551,-0.153954,1.2490276217922485,5.25796,-0.165468,0.0499925,LU
0.7543907223345935,0.104883,-0.15526,1.2545357707136133,5.44072,-0.194213,0.0319679,LU
0.7221867095911896,0.110167,-0.155015,1.2580063592844037,5.62159,-0.17687,0.0257489,LU
0.6907005069831011,0.114772,-0.155419,1.2557268811329954,5.80982,-0.0843754,0.0247865,LU
0.6657365624877545,0.117903,-0.152581,1.2495279108527348,5.99524,-0.120179,0.0271862,LU
0.6563300002580483,0.119291,-0.144884,1.2479503195239785,6.18454,-0.0384128,0.0259585,LU
0.5219363374793943,0.157266,-0.174366,1.2777871497240845,0.0954951,0.0471181,0.0406104,LU
0.499132165734106,0.163178,-0.170379,1.2728314892396402,0.276794,0.0552729,0.0501996,LU
0.46649629983352686,0.173583,-0.168073,1.2691414420780687,0.469932,0.168115,0.0513254,LU
0.44928576656500885,0.178931,-0.163998,1.2645513038228224,0.657087,0.292582,0.0509047,LU
0.45877581308009424,0.173506,-0.160991,1.2583163354260327,0.845306,0.267475,0.0672752,LU
0.4793185837615861,0.167641,-0.156846,1.264254721169749,1.03583,0.159411,0.0798073,LU
0.4835821844895033,0.165954,-0.159026,1.2634595363524705,1.21893,0.36865,0.0586386,LU
0.4884601699928793,0.164307,-0.167376,1.263499109615832,1.41039,0.353226,0.0576213,LU
0.48890538717097093,0.164071,-0.170859,1.2631666556713725,1.62987,0.447105,0.0506948,LU
0.5007551727420635,0.160328,-0.170612,1.2637167404129772,1.87415,0.444565,0.056831,LU
0.5129477449206084,0.158144,-0.175888,1.2702676883240005,2.09723,0.117028,0.102014,LU
0.5223969725194821,0.153608,-0.175412,1.2633962165528279,2.29591,0.0778702,0.0854056,LU
0.5308370125855837,0.151876,-0.177274,1.2663609280138108,2.47725,-0.144068,0.110288,LU
0.5312079647826717,0.151663,-0.179042,1.2659146890687383,2.67615,0.0896505,0.100031,LU
0.5392666535478657,0.148978,-0.180247,1.2641400238897589,2.88948,-0.144689,0.106023,LU
0.5394332380162093,0.150014,-0.176137,1.2687237682017312,3.17365,-0.00925932,0.101214,LU
0.5346590286128347,0.150748,-0.179802,1.266183241083217,3.48098,-0.00935696,0.0982582,LU
0.5225432955893498,0.154199,-0.180942,1.2660015797778452,3.80185,0.0414421,0.0988535,LU
0.47158859885084264,0.169035,-0.18185,1.259221982019056,4.29507,-0.166921,0.0932685,LU
0.46004358942614604,0.174855,-0.170263,1.2649426864486786,4.88323,-0.477234,0.131936,LU
0.4438098984213166,0.182276,-0.148336,1.2685148796919963,5.54666,-0.176149,0.0952751,LU
0.4914015685280347,0.16765,-0.163023,1.2801249938970802,5.81874,-0.224156,0.0874888,LU
0.517033011625489,0.159687,-0.166942,1.2815225319907568,6.0035,-0.0713077,0.0568213,LU
0.5265475314780312,0.155567,-0.174111,1.2764677825938264,6.19377,-0.036556,0.0429403,LU
0.3152166310230305,0.257403,-0.198368,1.270409382836887,0.100731,0.0294403,0.0686881,LU
0.32067996753060557,0.251207,-0.198664,1.2658554419837993,0.280758,0.210652,0.0594872,LU
0.318878915798322,0.251754,-0.18762,1.2636692605266617,0.467545,0.24699,0.0663132,LU
0.31400972239183794,0.257214,-0.198159,1.2675093688016668,0.655986,0.249776,0.0769121,LU
0.3178036987725827,0.254436,-0.203456,1.2682389364784539,0.869666,0.308395,0.0849806,LU
0.3090412788538641,0.260095,-0.2029,1.2644643134545157,1.18969,0.255218,0.0887917,LU
0.3349295292122784,0.241402,-0.202879,1.26817585531345,1.61337,0.30215,0.0876917,LU
0.3245225918242873,0.251732,-0.205709,1.2747470337286533,4.77247,-0.290641,0.193335,LU
0.301247298515109,0.267385,-0.192987,1.2657922420365832,5.38085,-0.224031,0.131323,LU
0.31206126226789754,0.256447,-0.191418,1.2616853807506847,5.68819,-0.145822,0.105071,LU
0.31598788428832086,0.256517,-0.190041,1.2697716330112276,5.88098,-0.281233,0.102683,LU
0.32252199037432566,0.252511,-0.204015,1.272776492554761,6.13282,-0.0275351,0.0553009,LU
0.5923300961170279,0.125891,-0.241116,1.217899831677466,0.103867,-0.00345378,0.0674262,LU
0.6120526325478861,0.124172,-0.259521,1.229528364861909,0.295121,0.0941391,0.0440952,LU
0.6484657278430183,0.120064,-0.288331,1.244463739929774,0.481672,0.156746,0.0258791,LU
0.7069332609924981,0.112074,-0.300369,1.2553764375676326,0.66207,0.179279,0.0201438,LU
0.7543508619886059,0.10452,-0.292301,1.252329828759181,0.832765,0.222575,0.0238946,LU
0.773532170321334,0.100876,-0.281665,1.2458491080383691,1.01795,0.360567,0.0578003,LU
0.6859220058515114,0.115145,-0.294277,1.253407355970117,2.02298,0.172105,0.0725925,LU
0.694623307326044,0.1123,-0.293211,1.2456524394870345,2.29087,0.0510688,0.105795,LU
0.6923355065712583,0.111974,-0.289436,1.2417930584441192,2.48631,0.126266,0.0855284,LU
0.6924522503112777,0.111868,-0.301992,1.2413097921147647,2.6714,0.052857,0.0858044,LU
0.678712290609134,0.115283,-0.299706,1.2475495982124318,2.86227,0.00338646,0.0845997,LU
0.6800871554037017,0.113641,-0.29859,1.2398870916337503,3.04878,-0.22227,0.109174,LU
0.6837125945764784,0.114334,-0.299758,1.2469723332937264,3.22213,0.00418913,0.0962704,LU
0.681008740524433,0.114816,-0.28726,1.2471246930439635,3.51502,-0.060967,0.111244,LU
0.6881232891793719,0.11403,-0.305551,1.2493238171106802,4.02671,0.0768908,0.0951209,LU
0.682426832234806,0.114531,-0.3198,1.2468720864627614,4.49933,-0.180213,0.0948946,LU
0.6514994237443403,0.117396,-0.315608,1.2334342301071428,4.83749,-0.285237,0.0892303,LU
0.7717641288004826,0.100969,-0.270762,1.2449979919662522,5.20462,-0.210341,0.115412,LU
0.7610466664058448,0.103718,-0.280262,1.2530403026239818,5.38945,-0.208143,0.039733,LU
0.7233263018562567,0.109509,-0.294835,1.2552330460914418,5.56568,-0.147022,0.0237432,LU
0.664980586607206,0.118347,-0.296659,1.2511674548196976,5.73976,-0.11932,0.0248295,LU
0.6168392331591338,0.123228,-0.277345,1.2296259593876506,5.91794,-0.146978,0.0379439,LU
0.596648437726437,0.125252,-0.24287,1.2192251637823097,6.13518,0.00824126,0.062672,LU
0.5419632792530987,0.147913,-0.306927,1.262758884348077,0.0930619,0.0145343,0.0256849,LU
0.555448069799554,0.145839,-0.315641,1.269377800341569,0.277965,0.127105,0.0257516,LU
0.5817085555530741,0.143662,-0.312831,1.2893060148777713,0.454721,0.145658,0.0429751,LU
0.5192260232428265,0.160492,-0.299857,1.2874703880089826,0.728274,0.312867,0.0938771,LU
0.47137491217330246,0.17125,-0.300359,1.2671582379482051,1.43848,0.46651,0.0524918,LU
0.49767602755174106,0.161921,-0.299122,1.2660687185141255,1.75648,0.202051,0.0813978,LU
0.5068811097765896,0.159886,-0.295003,1.2696692482690128,1.98485,0.127021,0.11238,LU
0.48491721452036834,0.164224,-0.298265,1.2585904814513735,2.20385,0.297809,0.0774805,LU
0.4985548323494228,0.158917,-0.314634,1.2553764375676326,2.42956,0.228745,0.0738402,LU
0.5149697149954887,0.157115,-0.308411,1.2686212988910441,2.60783,0.160265,0.0725917,LU
0.5019948445263012,0.1592,-0.309153,1.260821160989932,2.79701,0.0738126,0.0766664,LU
0.5120160828288131,0.155874,-0.313347,1.259972221916023,2.97936,0.0643592,0.0849942,LU
0.5076858032777865,0.156546,-0.319728,1.2573344821486445,3.16557,-0.154017,0.112012,LU
0.5071484827381646,0.158289,-0.313771,1.2636455199145051,3.39169,0.250391,0.0734102,LU
0.5120338479411166,0.156495,-0.311116,1.2625014851476413,3.64126,-0.189025,0.101277,LU
0.4908841289421342,0.161855,-0.306988,1.2571435876621255,3.88252,-0.0077834,0.111533,LU
0.49233853084007523,0.163415,-0.321453,1.2650573109547252,4.30533,-0.453142,0.111939,LU
0.5016984728944155,0.159272,-0.329352,1.2607339132426,4.74975,-0.227572,0.100751,LU
0.5182381563581874,0.153307,-0.334318,1.2571237011527545,5.05837,-0.307907,0.0899051,LU
0.4857296418218536,0.163585,-0.341426,1.2571913140011746,5.32968,-0.298514,0.094178,LU
0.5883125132268069,0.143708,-0.335765,1.296811474347756,5.68059,-0.139014,0.120605,LU
0.5999708370795546,0.138323,-0.327451,1.2848268365814903,5.88381,-0.0815662,0.0364583,LU
0.5501219362559512,0.146593,-0.312846,1.2665385900161117,6.12481,-0.0472144,0.0205619,LU
0.31541935328658194,0.255674,-0.352464,1.2665425377775514,0.0907367,-0.0394466,0.0694078,LU
0.3186805713405223,0.251917,-0.348461,1.2636850873536492,0.271958,0.240088,0.0678129,LU
0.3164846174319139,0.254761,-0.343387,1.266412255152326,0.467791,0.117719,0.1045,LU
0.2983349504912598,0.270767,-0.338026,1.267600094667084,0.713009,-0.00701786,0.117163,LU
0.306996174092802,0.262034,-0.33628,1.2649624500355732,1.21521,0.429018,0.0846371,LU
0.3241613598932233,0.248841,-0.343335,1.2667004381462887,1.6966,0.0267452,0.139304,LU
0.334566501398616,0.237419,-0.363678,1.2569884645453195,2.1074,0.296616,0.137262,LU
0.3145594578563294,0.25862,-0.369369,1.2720809722655237,4.66866,-0.909066,0.329242,LU
0.3083640377793762,0.263816,-0.382624,1.2720809722655237,5.36216,0.200898,0.160721,LU
0.3065642483770082,0.266252,-0.334745,1.274205634895718,5.95539,-0.239627,0.0937884,LU
0.3139707673071238,0.254431,-0.350178,1.2605554331325537,6.18932,0.168898,0.0556884,LU
0.6461324331635978,0.117404,-0.629299,1.2283851187636556,0.452438,0.0114797,0.0430526,LU
0.7052596711523017,0.112037,-0.559785,1.2536825754552068,0.596394,0.118245,0.0221521,LU
0.7491774018198769,0.10538,-0.508706,1.2531520258931077,0.759838,0.0422385,0.0417597,LU
0.7033537041197767,0.109939,-0.532032,1.2402096596946823,1.04029,0.115717,0.103836,LU
0.6722750051270336,0.116686,-0.578352,1.2491517121630984,1.60107,0.0598101,0.136171,LU
0.6969270930586677,0.112943,-0.534755,1.2512833412141313,2.29314,0.183319,0.081289,LU
0.6778314427043514,0.115171,-0.570256,1.2461340216846661,2.63497,-0.104811,0.118118,LU
0.6819060572677473,0.113952,-0.56408,1.2432417303163532,2.89831,0.114826,0.0969509,LU
0.6903911844076979,0.113903,-0.553428,1.2506838129599345,3.17248,0.167965,0.0769748,LU
0.6837433998432593,0.114234,-0.567249,1.2464549731137502,3.65103,-0.370768,0.135296,LU
0.7037314635333054,0.111093,-0.567489,1.2470364870363657,4.27984,-0.00981308,0.0971915,LU
0.6798085043083469,0.114487,-0.578397,1.2442387230752787,4.6685,-0.0796155,0.0935056,LU
0.6509490377267901,0.119131,-0.581138,1.24199033812667,4.99628,-0.212765,0.09964,LU
0.7603029997467906,0.103145,-0.485656,1.2489635703254118,5.3943,0.132532,0.0742127,LU
0.7407793634603831,0.106971,-0.521621,1.2554799878930767,5.57625,-0.156891,0.0373801,LU
0.6839004037794734,0.114246,-0.580486,1.246663547233174,5.74063,-0.0923461,0.0254495,LU
0.6137686856002056,0.121026,-0.629087,1.215553371925725,5.87676,0.0192161,0.0824402,LU
0.4525685970372509,0.17658,-0.538745,1.2607973667485193,0.0944883,0.00546565,0.0367293,LU
0.49947515325708314,0.159368,-0.581983,1.2583163354260327,0.289366,0.0793285,0.030582,LU
0.5873579213420753,0.140137,-0.582071,1.2795585176145716,0.452297,0.0828868,0.0380761,LU
0.5023422945483808,0.163119,-0.604961,1.2766871190702913,0.665953,0.0186006,0.111053,LU
0.4765930981750802,0.165259,-0.648179,1.2516668885929674,0.916635,0.211066,0.0721536,LU
0.4968598787594956,0.161076,-0.621265,1.2617250096593948,1.11152,0.14175,0.0955126,LU
0.4992130198533684,0.161212,-0.601439,1.2652430596529665,1.50643,0.163601,0.0955506,LU
0.4769717536164268,0.169074,-0.54681,1.2665346422423667,2.08493,0.262055,0.0923217,LU
0.49737077042991246,0.161047,-0.566086,1.2622598781550494,2.52873,0.154554,0.0961684,LU
0.508764599836734,0.156552,-0.580001,1.258693767363611,2.79298,0.150699,0.0945709,LU
0.4968171035137366,0.160761,-0.574043,1.2604364323519057,2.98088,-0.206212,0.109196,LU
0.482454762318737,0.165206,-0.57208,1.2591385944366886,3.19461,0.100829,0.0949691,LU
0.4745336828918221,0.167809,-0.583168,1.2585586994653846,3.47046,0.0368103,0.101714,LU
0.5021200007219099,0.161368,-0.574093,1.2695353480703089,3.86928,-0.12084,0.124201,LU
0.49786649347229955,0.163197,-0.590491,1.27129068273153,4.49426,-0.307156,0.143223,LU
0.4944931990667262,0.162401,-0.56878,1.263882905968745,4.80404,-0.218367,0.106439,LU
0.5095519141800802,0.156613,-0.602119,1.2599126953880575,4.98784,-0.286412,0.110174,LU
0.48920588326945313,0.163293,-0.588699,1.2605554331325537,5.21177,-0.421983,0.100158,LU
0.454584335558331,0.173197,-0.579933,1.251439171514141,5.46586,-0.191015,0.0858376,LU
0.5398584943998924,0.153387,-0.56403,1.2834134174146692,5.7058,-0.0916876,0.0716143,LU
0.5533344221755786,0.146228,-0.583732,1.2686488875965642,5.88334,-0.136297,0.0303134,LU
0.4657106184569061,0.17032,-0.55664,1.256097130002294,6.10293,-0.0715832,0.0257433,LU
0.32060340897137823,0.255805,-0.663732,1.2772352954722164,0.200336,0.166141,0.0608439,LU
0.3141159062087236,0.254179,-0.692777,1.2602222026293617,0.924833,0.131621,0.115079,LU
0.3115437779136328,0.253573,-0.592799,1.2535549449465706,1.56577,0.0994853,0.194968,LU
0.3175058022020483,0.252553,-0.626081,1.2629449710893978,2.25847,0.240505,0.109181,LU
0.3402389285513926,0.238455,-0.605707,1.270362153088638,2.80826,0.0638697,0.111068,LU
0.3481723221396979,0.232857,-0.643641,1.269913382873021,3.35117,0.121149,0.0877923,LU
0.3109193387374947,0.263787,-0.66832,1.2772705273355367,4.01809,0.0647358,0.129649,LU
0.3319247872140594,0.239769,-0.610457,1.2581971228706572,4.65767,0.0198262,0.159819,LU
0.32808259283188235,0.249215,-0.626185,1.2752960440619268,5.26301,-0.42469,0.187473,LU
0.3145777020082198,0.256235,-0.677493,1.2662385241335852,5.62635,-0.078948,0.0974655,LU
0.31613721266163003,0.255262,-0.677562,1.2669609307314886,6.0437,-0.0289526,0.0584761,LU
0.7059929879012518,0.109622,-1.17272,1.240741713653571,0.09136,-0.0812171,0.0592202,LU
0.6983756746166572,0.111359,-1.06002,1.2437684671995828,0.294052,0.0134844,0.0506183,LU
0.7021077641938472,0.112323,-0.939426,1.2524735526149844,0.454484,0.134068,0.0534347,LU
0.6919986292102551,0.11301,-1.09822,1.2472209106649872,0.80745,0.0889999,0.130427,LU
0.6801837952386887,0.114633,-1.18025,1.245375445397893,4.71459,-0.194226,0.174767,LU
0.7216936090003865,0.110298,-0.921366,1.2583242825281566,5.76532,0.0145344,0.0827296,LU
0.6945525446069949,0.112766,-0.994898,1.2481706614081265,5.93419,-0.0111787,0.0410654,LU
0.711269726912055,0.110715,-1.16583,1.2515630227839107,6.15496,0.0838811,0.0420496,LU
0.5015178982104394,0.158771,-1.36134,1.258522943771785,0.0946286,0.0914842,0.0551637,LU
0.4992114353835434,0.160568,-1.07518,1.2627113684449032,0.283205,0.0943404,0.0410698,LU
0.5352084678899948,0.153956,-1.04549,1.2802421645923086,0.483339,-0.0159364,0.0899407,LU
0.4753826331523497,0.168349,-1.03151,1.2617091582452749,0.875978,0.0595019,0.0934797,LU
0.4805372009730627,0.164795,-1.14527,1.2550697191789786,1.32333,0.103913,0.136697,LU
0.4642192714164265,0.173045,-1.24796,1.2640767381769193,2.6454,0.0413233,0.121093,LU
0.44771466963985834,0.175859,-1.14786,1.251455153011885,3.21164,-0.0228915,0.112369,LU
0.4896136382308691,0.161432,-0.980445,1.2538739968593335,4.5315,0.0690201,0.173255,LU
0.5135646253640791,0.15842,-0.980372,1.272139929410283,5.15902,-0.472845,0.176205,LU
0.5203691657522965,0.156076,-1.081,1.2710310775114824,5.77358,-0.00895755,0.085425,LU
0.49925245101023963,0.160727,-1.06034,1.263388301354734,5.99683,-0.0629843,0.0421101,LU
0.5047672499238355,0.159215,-1.36773,1.2643575443678896,6.19035,-0.0296375,0.0601953,LU
0.7120335291890469,0.144721,-0.15523,1.431687815132894,0.0956592,0.0115625,0.0261525,LU
0.7213564377048823,0.142852,-0.155184,1.431694799878801,0.285034,0.0812281,0.0246585,LU
0.738161042535734,0.140409,-0.160115,1.4358377345647384,0.471932,0.135234,0.0241602,LU
0.7609280678220105,0.135614,-0.161548,1.432703737693177,0.654487,0.141826,0.027949,LU
0.7744608294569386,0.131824,-0.162502,1.425047367633792,0.837514,0.20018,0.0499084,LU
0.7787941674596963,0.129152,-0.160431,1.41447163280145,1.01759,0.206926,0.080708,LU
0.6843894416002899,0.142147,-0.157211,1.3910823124459601,1.32298,0.31593,0.139953,LU
0.6746694724189697,0.148177,-0.173349,1.4101595654393158,1.73561,0.241934,0.106216,LU
0.6980418370547469,0.145557,-0.170486,1.4216398981457998,2.01054,0.288218,0.0928453,LU
0.6982414358708171,0.144133,-0.173659,1.4148710188564892,2.22885,0.309019,0.0995631,LU
0.7082445530610673,0.143167,-0.176204,1.4201866074569214,2.4212,0.20921,0.0959306,LU
0.7060481343550304,0.1412,-0.171212,1.4082080812152726,2.61099,0.00675894,0.089193,LU
0.7073871593215978,0.143106,-0.175207,1.419024312688123,2.79648,0.010535,0.102277,LU
0.7016104752849641,0.142657,-0.175497,1.4109996456413445,2.97865,0.0110256,0.120548,LU
0.7086326647024012,0.141586,-0.169507,1.4127101613565325,3.20618,-0.106631,0.107175,LU
0.7011465912219202,0.141749,-0.174015,1.4060369838663562,3.45669,0.0173457,0.124924,LU
0.6831804884072188,0.145512,-0.168446,1.4062076660294525,3.76232,-0.175744,0.11727,LU
0.7830472806490489,0.126328,-0.156521,1.4027366110571151,5.1859,-0.325209,0.110084,LU
0.7761256458828087,0.130876,-0.158056,1.4214394113010937,5.38427,-0.140118,0.0569587,LU
0.7659432611749563,0.134113,-0.164457,1.4294404499663496,5.56515,-0.202878,0.0315824,LU
0.746447523467522,0.138789,-0.163199,1.4355208114130564,5.74588,-0.106682,0.0266633,LU
0.7268664441539934,0.142523,-0.159641,1.4354964298109556,5.93436,-0.056027,0.0271927,LU
0.7122962433074217,0.144043,-0.155143,1.4285937141118885,6.15783,-0.0662251,0.0230437,LU
0.5421797580001523,0.200931,-0.186478,1.4720665745814623,0.0934252,0.0648763,0.0475669,LU
0.5241769504147988,0.205604,-0.185579,1.4641550464346322,0.281018,0.110168,0.0453345,LU
0.5027019764243467,0.210579,-0.179247,1.4510926917326818,0.467613,0.175357,0.0505523,LU
0.49532971839592527,0.211121,-0.182034,1.4422655788723517,0.657328,0.225664,0.058119,LU
0.4872821280939596,0.215463,-0.181409,1.4451366717373135,0.838096,0.295923,0.0704311,LU
0.5138719864147536,0.204858,-0.172419,1.44705908656143,1.03458,0.291252,0.0828459,LU
0.5313638784581736,0.20049,-0.175957,1.4557094490316396,1.22372,0.367671,0.0796546,LU
0.5338178425716059,0.197035,-0.174019,1.4464404585049466,1.40939,0.277114,0.0778622,LU
0.5368706350716029,0.198044,-0.181677,1.4542798905300176,1.60727,0.210574,0.0844523,LU
0.5468045743676161,0.195428,-0.184762,1.457947186972148,1.79039,0.440373,0.0942546,LU
0.547682730440165,0.193422,-0.18849,1.4516094516087996,1.96648,0.328443,0.086122,LU
0.577418637715222,0.186195,-0.188305,1.4623850382166799,2.15389,0.324793,0.100601,LU
0.5870157709347824,0.182351,-0.186537,1.459188130434181,2.34851,0.101154,0.118321,LU
0.5957031180754698,0.179874,-0.192578,1.4599280804204022,2.54636,0.159614,0.120646,LU
0.5910157832438239,0.181674,-0.195436,1.4614308057516785,2.76898,0.256973,0.106345,LU
0.5903089064247763,0.179633,-0.193166,1.4523291637917348,3.01269,0.0249093,0.123805,LU
0.5945366741097791,0.178255,-0.190964,1.4519194192516334,3.34939,0.114744,0.111728,LU
0.5809469395512215,0.183317,-0.192984,1.4554655612552294,3.70975,-0.198741,0.107462,LU
0.5336573989006841,0.198236,-0.195189,1.4506240036618723,4.20714,-0.35389,0.117387,LU
0.49050736496151137,0.213912,-0.191946,1.4446833563103023,4.73649,-0.274173,0.11778,LU
0.4700338153858687,0.223145,-0.176767,1.4444099141171802,5.23317,-0.359348,0.107545,LU
0.4897364747296447,0.216581,-0.17171,1.4525253870414796,5.56978,-0.181301,0.140121,LU
0.5160890197888562,0.210826,-0.176821,1.4711492106513193,5.7573,-0.112413,0.108885,LU
0.5267425337730084,0.204803,-0.18227,1.4648720080607724,5.94469,-0.0305879,0.0556864,LU
0.5342788857200654,0.202171,-0.184411,1.4658035339021394,6.15994,-0.00307035,0.0416878,LU
0.3460185535345327,0.309911,-0.235207,1.460496490923549,0.0979877,0.0647052,0.0848925,LU
0.3509625192255163,0.307757,-0.237602,1.46577283369559,0.288524,0.18827,0.0960871,LU
0.344759012295617,0.304439,-0.235275,1.44490830158872,0.471012,0.32429,0.0858301,LU
0.3503172571926202,0.303591,-0.22735,1.454479288267798,0.65559,0.130206,0.11815,LU
0.34460365204737936,0.305596,-0.230758,1.4473251189694734,0.840671,0.361555,0.135892,LU
0.33934260763395185,0.311882,-0.247379,1.4509307357692853,1.03572,0.112195,0.161371,LU
0.3598493603926626,0.298177,-0.245341,1.460931209879507,1.36203,0.346127,0.165542,LU
0.3428687417713683,0.309632,-0.257793,1.4531792731800162,4.65746,-0.023685,0.204517,LU
0.33853988701390847,0.313266,-0.246129,1.45242555747274,5.20762,-0.0354776,0.139317,LU
0.33602721224334114,0.315791,-0.238182,1.4528454838694995,5.53811,-0.339098,0.135057,LU
0.34316615309774046,0.311085,-0.228453,1.4572165247484672,5.74922,-0.172048,0.115114,LU
0.3409501867291864,0.310786,-0.233133,1.451805772133449,5.94323,-0.123449,0.10058,LU
0.3446882869373964,0.30965,-0.239274,1.4570724072605314,6.15318,-0.230803,0.0739908,LU
0.6428248791490846,0.152067,-0.270046,1.3944281982232,0.0969522,0.047737,0.0493895,LU
0.660391254107066,0.150589,-0.285511,1.4064672054477487,0.295776,-0.00153711,0.0386833,LU
0.6974707536422122,0.146131,-0.300818,1.4238574366838836,0.477914,0.118707,0.0257633,LU
0.7450779007751239,0.138727,-0.305321,1.4338828404022417,0.660741,0.138681,0.024072,LU
0.7704093875627714,0.13316,-0.299587,1.428499212460406,0.827385,0.204382,0.0432747,LU
0.785759927967142,0.129517,-0.28135,1.422789513596442,1.00386,0.13789,0.166139,LU
0.6834829715600629,0.148022,-0.283778,1.4185978993358195,1.58488,0.133922,0.17969,LU
0.707455111657153,0.143972,-0.292114,1.423379780662912,1.93325,0.247794,0.103623,LU
0.7096649438707526,0.142126,-0.305384,1.416432137449585,2.17842,0.0342292,0.116453,LU
0.7197686552587476,0.142952,-0.294064,1.4306187472558858,2.3527,0.210784,0.0823447,LU
0.7149239346371354,0.142309,-0.30417,1.4225856740456795,2.54871,0.0164021,0.0919438,LU
0.7097439918478903,0.142538,-0.304185,1.4185626528285593,2.73361,-0.0195501,0.0950782,LU
0.7059708210237569,0.141929,-0.30715,1.4117613112704286,2.92589,0.0221407,0.0974737,LU
0.708355339469194,0.142618,-0.306647,1.4175718676666802,3.10512,-0.129795,0.105638,LU
0.691031919451971,0.145329,-0.305086,1.4133753924559462,3.32173,-0.221869,0.122342,LU
0.6938002222636669,0.145031,-0.302075,1.4147508614593596,3.56011,0.123281,0.111985,LU
0.7060018437613345,0.145261,-0.314929,1.4282681821002665,4.03688,-0.128046,0.158575,LU
0.7271587318032693,0.141354,-0.332344,1.4298846107291316,4.51264,-0.223161,0.115154,LU
0.6935354861753734,0.141807,-0.327977,1.3986707975789014,4.92409,-0.346933,0.130396,LU
0.7803854285395337,0.130418,-0.2891,1.4228387118714474,5.3334,-0.141654,0.0839073,LU
0.7638870129590122,0.134526,-0.299221,1.4297167551651622,5.51314,-0.130034,0.0307023,LU
0.7294559678650097,0.141638,-0.306113,1.4335794362364438,5.68106,-0.147231,0.0235995,LU
0.6805006385689483,0.148093,-0.300938,1.4158389738949835,5.86608,-0.0824522,0.0283347,LU
0.646944954967684,0.15185,-0.279125,1.397891269019161,6.10523,-0.0196411,0.0332207,LU
0.5908001831323957,0.182153,-0.327071,1.4630891975542708,0.0934816,0.0336245,0.0304527,LU
0.5930164056443206,0.183907,-0.327696,1.4728713453659148,0.280271,0.0512084,0.034321,LU
0.5937710038263802,0.186596,-0.324833,1.4845437009397873,0.462132,0.190238,0.0504431,LU
0.5569837532252069,0.198449,-0.315746,1.4827845426763797,0.644727,0.100397,0.11466,LU
0.49783122643172656,0.213225,-0.298419,1.4530898114018969,1.02209,0.52726,0.110636,LU
0.5157400791280117,0.207245,-0.309791,1.4581083635999075,1.35081,0.227806,0.127544,LU
0.5104303090003585,0.208805,-0.312887,1.456032279861954,1.54043,0.143374,0.119502,LU
0.5272001880371011,0.202534,-0.317259,1.4573674896881705,1.72554,0.353145,0.106307,LU
0.5306173245012745,0.200431,-0.320453,1.4544724129387947,1.91016,0.183894,0.125298,LU
0.5214139052880438,0.201918,-0.323072,1.4471420109996116,2.09527,-0.0198716,0.119731,LU
0.5445807496722892,0.194773,-0.323731,1.4525391560987262,2.29302,0.140342,0.0958558,LU
0.5614148225497027,0.188639,-0.324487,1.451409659606825,2.48615,0.267886,0.091848,LU
0.5586225724202795,0.189644,-0.324464,1.451647340093316,2.66992,-0.0334328,0.102795,LU
0.5681164551132466,0.186758,-0.331576,1.4527491180517027,2.86009,0.0462278,0.0900301,LU
0.567309637400348,0.187184,-0.337037,1.4533719413832096,3.04532,-0.0957902,0.107338,LU
0.5558538154237647,0.191276,-0.339007,1.4542626997898283,3.2287,0.0736069,0.127056,LU
0.5562842891187864,0.188612,-0.330288,1.4446591293450508,3.42116,-0.29044,0.119353,LU
0.5481887417640748,0.191092,-0.335719,1.4435061482376859,3.62051,-0.0374075,0.152674,LU
0.5518407646906788,0.193281,-0.320988,1.456578181904425,3.78977,-0.111934,0.132505,LU
0.5287850995224335,0.198202,-0.334243,1.4438628743755413,4.01294,-0.094314,0.15103,LU
0.5095928118816991,0.208281,-0.350392,1.453010667545149,4.33697,-0.347074,0.129989,LU
0.5448953289959657,0.194536,-0.342219,1.4520743782602874,4.7222,-0.432958,0.126078,LU
0.5433332229236169,0.19578,-0.343329,1.4546202253509333,5.0361,-0.319723,0.123113,LU
0.522452187822275,0.199037,-0.347697,1.4382106938832016,5.26247,-0.277074,0.121533,LU
0.5921365918975456,0.186116,-0.347043,1.4805910981766708,5.59306,-0.110461,0.163563,LU
0.6672302858217256,0.170397,-0.335911,1.5038384221717438,5.82738,-0.0953551,0.0601915,LU
0.6263048507043758,0.175431,-0.333074,1.478353814213634,6.00037,-0.0872222,0.0358058,LU
0.5905885032912624,0.181745,-0.327674,1.4611878729307877,6.18882,0.00879561,0.0312733,LU
0.34321400893280046,0.310132,-0.400263,1.4550841900041385,0.0901249,0.0142212,0.0838804,LU
0.34962364136547236,0.306192,-0.391297,1.4592498072639928,0.282219,0.191896,0.0937388,LU
0.3502440883010715,0.304319,-0.369944,1.4560700532598012,0.467937,0.137717,0.110309,LU
0.3384488586955821,0.317343,-0.386297,1.461649752847788,0.679728,0.228133,0.160087,LU
0.33084574479614,0.3222,-0.390263,1.4561558982471623,0.957846,0.142231,0.167753,LU
0.3392864281262906,0.314297,-0.385075,1.456416835936745,1.39858,0.0901484,0.177393,LU
0.3462833229228425,0.309073,-0.403161,1.4590784762993387,1.80939,-0.0644228,0.174744,LU
0.35507210057571026,0.305138,-0.414512,1.4680429149040568,2.28567,0.208191,0.153224,LU
0.37066096076368704,0.292964,-0.402247,1.4696972477350565,2.99384,0.244062,0.141624,LU
0.36514582121690736,0.292566,-0.406616,1.4577311137517783,3.56263,-0.170063,0.217593,LU
0.3497471513341287,0.312121,-0.424474,1.4735704937328244,4.17938,-0.124451,0.22231,LU
0.346515795064052,0.305758,-0.401244,1.4517196699087602,4.80679,-0.468984,0.249373,LU
0.3459323674976099,0.309404,-0.386562,1.4591195975656006,5.49532,-0.186317,0.159886,LU
0.33944438428879703,0.311436,-0.378667,1.4501103406292914,5.92218,-0.10054,0.127122,LU
0.34361877003508007,0.310744,-0.3957,1.4573777821827805,6.16765,-0.189301,0.0719326,LU
0.6242190797684671,0.153395,-0.542516,1.3800869537822609,0.38936,0.143483,0.0758993,LU
0.7084982672235867,0.143699,-0.588216,1.4230776507274647,0.544787,0.110566,0.0293008,LU
0.7571112488253515,0.135965,-0.538687,1.4309542270806568,0.70406,0.1231,0.035991,LU
0.7724839877257021,0.132531,-0.505383,1.4270388922520647,0.879733,0.0859768,0.168955,LU
0.6754359107197461,0.145409,-0.655247,1.3977195713017687,1.25541,0.427264,0.154305,LU
0.7117895110801097,0.14432,-0.539325,1.4294579392203186,2.03401,0.177214,0.152212,LU
0.7157167146409283,0.141928,-0.550797,1.4214675515114652,2.42489,0.207195,0.10863,LU
0.7096401227650353,0.141125,-0.575914,1.4114106418757086,2.67004,-0.00457868,0.144135,LU
0.7150110662706495,0.141012,-0.5641,1.4161744242853702,2.86403,-0.18475,0.123804,LU
0.7072727806314002,0.143304,-0.561246,1.4198908408747484,3.06947,-0.147564,0.131932,LU
0.7046447777899517,0.144965,-0.57331,1.4254402828600012,3.39116,0.0110658,0.138933,LU
0.729860859076775,0.13998,-0.565424,1.4255595392687042,3.98295,-0.203964,0.142609,LU
0.7217954559504443,0.142708,-0.584993,1.4314083973485694,4.44837,-0.0967734,0.120513,LU
0.7080092983697935,0.142518,-0.583406,1.4167286260960494,4.70712,-0.319454,0.0982249,LU
0.6715483707463806,0.146932,-0.595338,1.4009710917788418,4.92285,-0.0596594,0.123994,LU
0.6952883044826325,0.142798,-0.554348,1.4053220271524958,5.21924,-0.112832,0.110744,LU
0.7645615294932063,0.134166,-0.522932,1.4284327075504817,5.52188,-0.132639,0.0602236,LU
0.7275429609233061,0.140408,-0.576549,1.4254683440890576,5.68957,-0.0767849,0.0285279,LU
0.6553715347378128,0.149076,-0.582381,1.394055235634514,5.83753,-0.103113,0.044917,LU
0.527953635037617,0.198816,-0.564696,1.4449602070645406,0.0969267,0.059445,0.0373525,LU
0.567718448651764,0.185465,-0.577719,1.4472042012100435,0.283625,0.0985114,0.0352284,LU
0.6417966857837102,0.171516,-0.594023,1.4797330840391452,0.460357,0.191503,0.0416081,LU
0.6437531951845258,0.175842,-0.596479,1.5005598955056743,0.631193,0.23245,0.139489,LU
0.5025613217980044,0.20192,-0.677719,1.4207462827683204,0.933978,0.22749,0.117216,LU
0.5440960355591123,0.193227,-0.655321,1.4461189439323447,1.20956,0.123447,0.140621,LU
0.5073371160599477,0.207357,-0.595921,1.4465718094861382,1.68225,0.320186,0.143056,LU
0.512844851871402,0.203742,-0.556074,1.4416691714814462,1.98115,0.0643789,0.153319,LU
0.5227097300847258,0.200598,-0.575978,1.444195277654653,2.20962,0.109687,0.13692,LU
0.5167751661165001,0.204392,-0.587808,1.4494895653298094,2.42422,-0.279175,0.155881,LU
0.5333027830966393,0.198595,-0.584641,1.4514544429640222,2.60677,0.207381,0.123466,LU
0.549388246850472,0.193851,-0.589842,1.4554793024979777,2.8024,0.00158126,0.111973,LU
0.5514123456202533,0.192235,-0.576302,1.452067491544384,2.98289,0.0331428,0.116421,LU
0.5295085074948832,0.199043,-0.592861,1.4479122901612513,3.1685,-0.181048,0.134744,LU
0.496049731650201,0.209719,-0.588555,1.4385131212470743,3.36495,-0.0623833,0.135319,LU
0.5083660738182239,0.206964,-0.587386,1.4466651305675409,3.57936,0.0783984,0.128671,LU
0.5228730610866377,0.200419,-0.594557,1.4437762984617806,3.92468,0.0585793,0.156328,LU
0.5446793942420355,0.195837,-0.607546,1.45663310411373,4.39342,-0.235465,0.161146,LU
0.5561931700939183,0.187664,-0.607812,1.4409059650095144,4.68154,-0.194625,0.140901,LU
0.5658084719126907,0.191033,-0.593546,1.4662946497890526,4.8718,-0.191281,0.118877,LU
0.5443391286586386,0.195457,-0.616368,1.4547645857663707,5.05996,-0.333938,0.118578,LU
0.5374127915756388,0.195412,-0.606979,1.445313114864734,5.24446,-0.208042,0.0995933,LU
0.4947037831330562,0.210065,-0.620697,1.4377447617710175,5.43904,-0.226149,0.0958491,LU
0.5611616115137862,0.195135,-0.604314,1.4758556840016575,5.63246,-0.194264,0.092746,LU
0.6300559404392393,0.173299,-0.600671,1.473736747183838,5.82436,-0.185429,0.0404732,LU
0.5706834812151543,0.184386,-0.589306,1.4467515336090022,5.98985,-0.14927,0.0310636,LU
0.5255376528358805,0.200369,-0.579038,1.4472698435329883,6.18615,-0.0479698,0.0365143,LU
0.3461502804182916,0.307372,-0.633335,1.4547783336302476,0.0812236,-0.0605118,0.112035,LU
0.3315220100924354,0.326826,-0.653242,1.4680701618110763,0.438276,0.283842,0.144533,LU
0.3488057295478809,0.295985,-0.666258,1.4330422184988132,1.14095,-0.153186,0.326015,LU
0.3355855067801017,0.318653,-0.679882,1.45845466161962,1.82403,0.0196028,0.194865,LU
0.34181831523820944,0.314356,-0.667171,1.4619781120112572,2.28825,0.208456,0.141514,LU
0.3665223852347519,0.296117,-0.680442,1.4693127645263278,2.75321,0.124085,0.147216,LU
0.37107497360356667,0.29589,-0.679808,1.4778430227869264,3.33892,-0.0680932,0.15568,LU
0.3411914147044317,0.305502,-0.658568,1.4399201366742533,3.98033,0.0129501,0.150518,LU
0.32509453360505236,0.326867,-0.714517,1.453860378440791,4.53332,-0.042007,0.30688,LU
0.3432219934975529,0.305048,-0.702729,1.443125081203982,5.2514,-0.0964805,0.327492,LU
0.3329034744215254,0.319772,-0.722673,1.455163221085525,5.78707,0.153155,0.158822,LU
0.33277176446633183,0.319397,-0.638724,1.4540220080865351,6.21154,-0.045866,0.104987,LU
0.72186132994301,0.138469,-1.37848,1.4100531904860893,0.0846817,-0.0221817,0.087504,LU
0.7127115843643599,0.140095,-1.18859,1.4092906016858269,0.295308,-0.0728331,0.0698943,LU
0.7180429189063997,0.14145,-0.980153,1.4213760937908024,0.463594,0.209309,0.0550553,LU
0.7315812717552393,0.14007,-1.03259,1.4276974469403523,0.6876,0.102643,0.129279,LU
0.7066631450794394,0.143831,-1.33042,1.421886071385468,1.28627,0.178857,0.176668,LU
0.7073304633862227,0.141234,-1.07235,1.4096559864023563,2.66057,-0.100104,0.186628,LU
0.7235792618313057,0.142368,-1.12232,1.431467778191322,4.5701,0.437292,0.150872,LU
0.6925336585325684,0.146706,-1.20933,1.4215976927387017,5.08352,-0.349416,0.244968,LU
0.7460612984433838,0.13997,-1.01422,1.4412425194948975,5.70189,-0.0847949,0.0896402,LU
0.7147616216349453,0.141562,-1.02208,1.418686011772866,5.86374,-0.126924,0.0474779,LU
0.7156874545652254,0.140956,-1.34799,1.4165627412861035,6.10089,-0.0495358,0.0555668,LU
0.5081175289101034,0.206434,-1.46869,1.4444583760011918,0.106433,-0.124612,0.0753819,LU
0.5276712159049627,0.199999,-1.15934,1.4488650730830666,0.287351,-0.00173656,0.0480078,LU
0.6051681609950305,0.180848,-1.10294,1.4754592505386246,0.443937,0.139566,0.0920371,LU
0.5034775594814866,0.207302,-1.19319,1.4408677940741128,0.746774,0.0395782,0.108552,LU
0.5182636031432009,0.203384,-1.16317,1.447991712683467,1.01028,0.227816,0.112912,LU
0.5144608566551845,0.201774,-1.22815,1.4369481549450558,1.35156,0.041555,0.177643,LU
0.49252961698562675,0.211126,-1.21367,1.4382002642191387,2.65826,0.267255,0.149915,LU
0.49377336061244365,0.211144,-1.29695,1.4400763868628637,3.00496,0.0428675,0.159208,LU
0.48643939087985744,0.21771,-1.15978,1.4513958798343063,3.5126,-0.0383115,0.173612,LU
0.5004333341395264,0.208551,-1.32442,1.4408261519003602,4.20894,-0.15886,0.211165,LU
0.5230524691928,0.201074,-1.2555,1.4463816923620127,4.74722,-0.185727,0.197008,LU
0.5375088001976218,0.196506,-1.06662,1.449482666333061,5.05223,-0.216975,0.141042,LU
0.5118659624013993,0.208404,-1.18464,1.4566777268840216,5.35909,-0.0531877,0.134881,LU
0.5702136513811172,0.190743,-1.13604,1.4708738899035498,5.73203,-0.18064,0.120791,LU
0.56498284563988,0.189343,-1.10704,1.4587288987334144,5.9401,-0.0779646,0.0464016,LU
0.5009677251502148,0.209887,-1.33884,1.4462053796055385,6.126,0.0452827,0.0538303,LU
0.3503441519948555,0.30601,-1.3341,1.4603184584192586,0.304206,0.108246,0.13557,LU
0.3681329651020231,0.289359,-1.14897,1.455637317466133,0.84884,0.424005,0.257625,LU
0.3571328112925775,0.309512,-1.18551,1.4828115187035742,2.17851,-0.178966,0.253015,LU
0.38412199471788616,0.279809,-1.13833,1.4621696208032773,2.7479,0.168611,0.256432,LU
0.3658705187384526,0.295669,-1.31341,1.4668946792459232,4.15313,0.31287,0.203987,LU
0.36057588424960435,0.302615,-1.52544,1.4732481121657681,4.62081,-0.322592,0.394536,LU
0.34156877414553566,0.317572,-1.21556,1.4689009496899375,5.38819,-0.291079,0.222234,LU
0.3587344531184939,0.298602,-1.21149,1.4597054497397755,5.98901,-0.073852,0.105538,LU
0.7596043789139812,0.181162,-0.17333,1.6544727256742555,0.0930572,0.00642873,0.0294845,LU
0.7644602771646034,0.179714,-0.175554,1.6531061671895124,0.283468,0.146139,0.0289518,LU
0.7708665358969494,0.176519,-0.179421,1.64519603695122,0.464856,0.0164214,0.0341971,LU
0.775320685548932,0.174057,-0.179905,1.6383955566345998,0.644654,0.103438,0.0561691,LU
0.7660739260534715,0.171998,-0.173829,1.618934835007265,0.82762,0.169256,0.102939,LU
0.6709779749862269,0.191952,-0.175984,1.6005998875421679,1.18014,0.313265,0.107745,LU
0.6812204390572265,0.193913,-0.181976,1.6209873534361705,1.50657,0.372816,0.0997073,LU
0.7013568442622258,0.191549,-0.188642,1.634714042271614,1.75432,-0.074079,0.126017,LU
0.7206616055249288,0.187338,-0.186256,1.6387434210394256,2.05186,0.398464,0.0922954,LU
0.7112204438778654,0.188151,-0.192357,1.631502375113196,2.29153,0.0549948,0.104082,LU
0.7158312627981241,0.187555,-0.188838,1.6341878716965195,2.47942,0.0379981,0.123365,LU
0.720035072990508,0.18463,-0.197125,1.6261488246774956,2.7066,0.0246008,0.104048,LU
0.7223742794845421,0.185083,-0.198054,1.6307850870056422,2.97753,0.252805,0.0955445,LU
0.7239356628911551,0.186247,-0.193446,1.6376721283578102,3.35057,0.0709555,0.107379,LU
0.7116072224404918,0.187521,-0.187201,1.6292114657097156,3.84568,-0.137818,0.119353,LU
0.7758365410542954,0.168898,-0.172825,1.6144689529377765,5.35462,0.0133442,0.144004,LU
0.7831171745698329,0.171349,-0.180733,1.6337533473569381,5.57032,-0.198793,0.0740834,LU
0.7737217818743924,0.175058,-0.183656,1.6414048860655923,5.7533,-0.0903145,0.0426911,LU
0.767105464670787,0.178899,-0.17753,1.6522045878159277,5.93715,-0.0630041,0.0343543,LU
0.7594785427086437,0.181241,-0.174067,1.6546963467657745,6.15791,-0.0186581,0.0261404,LU
0.5181002931158076,0.26923,-0.21288,1.6657160622386997,0.0952529,0.0808242,0.0579834,LU
0.519569232202631,0.266732,-0.210026,1.6603192464101595,0.285196,0.0498451,0.053069,LU
0.5205245100854341,0.266115,-0.214552,1.6599216848996219,0.46863,0.245789,0.0481858,LU
0.5275129187179092,0.263189,-0.20917,1.6618152725258002,0.656457,0.174913,0.0598703,LU
0.525360653561111,0.26365,-0.211026,1.6598734891551223,0.842231,0.24937,0.0656863,LU
0.5452982266661958,0.256635,-0.202371,1.668427403275312,1.03662,0.292916,0.0828488,LU
0.5678947844989664,0.249598,-0.204611,1.6791396606595892,1.22397,0.452921,0.0713105,LU
0.5739915063912995,0.246572,-0.211478,1.6778647144510788,1.41095,0.456999,0.0994503,LU
0.5825588538213744,0.245703,-0.215705,1.6873588829884412,1.60052,0.415593,0.0887428,LU
0.6010369597172939,0.239403,-0.210445,1.6917949048274143,1.83127,0.347293,0.0967296,LU
0.6024916744366101,0.238598,-0.221201,1.6909908338012953,2.24213,0.111778,0.111365,LU
0.5603463074984036,0.252152,-0.239814,1.676454592286949,2.81331,0.0277534,0.111832,LU
0.565955778353799,0.254263,-0.238505,1.691862878604528,3.45938,-0.0252911,0.125949,LU
0.5675469640046427,0.247323,-0.233075,1.6709578091621584,4.07663,-0.102826,0.157785,LU
0.5541593738807877,0.251303,-0.214653,1.6643647436785003,4.71899,-0.428299,0.0970869,LU
0.5229277466898558,0.267904,-0.214464,1.6693322018100532,5.13566,-0.24965,0.120461,LU
0.5150636252371268,0.271115,-0.20765,1.666631332958792,5.42224,-0.429358,0.0970654,LU
0.5127404405557336,0.271359,-0.210423,1.6636165423558398,5.6271,-0.25328,0.0887071,LU
0.5222840022856501,0.268908,-0.210193,1.6714275335772113,5.81987,-0.154128,0.0718127,LU
0.5196802824501083,0.268514,-0.214666,1.666034213334168,6.0025,-0.168025,0.0631117,LU
0.523146711227365,0.267567,-0.213681,1.6686311755447938,6.1896,-0.124973,0.0570749,LU
0.3677124092890478,0.384578,-0.313099,1.6771761982570585,0.0956667,-0.0361733,0.121591,LU
0.37089086799936044,0.380267,-0.317424,1.6749417900333132,0.284402,0.261019,0.122591,LU
0.38028353973616696,0.379079,-0.311141,1.693366469492059,0.510837,0.397282,0.100769,LU
0.3754327264095346,0.373879,-0.309638,1.6709518245598824,0.766109,0.386272,0.111955,LU
0.3708129560301852,0.383034,-0.31851,1.6808480002665322,1.13999,0.218277,0.131252,LU
0.36325608945649596,0.391167,-0.321806,1.681201950986258,1.68976,0.224581,0.13411,LU
0.3619550169873318,0.404629,-0.323214,1.706821607550127,4.17818,-0.302817,0.20342,LU
0.3540744231487462,0.395749,-0.322635,1.6695119047194602,4.83159,0.10111,0.239307,LU
0.36727157086435924,0.385286,-0.31466,1.677712728687483,5.43318,0.0860263,0.188882,LU
0.37425787379759345,0.379828,-0.303285,1.6815558272028914,5.77963,-0.308334,0.129112,LU
0.3691814749433597,0.382089,-0.315185,1.6750761176734628,6.00165,-0.250907,0.152225,LU
0.37250750355299905,0.383625,-0.310153,1.685983392563521,6.19299,-0.0129932,0.138408,LU
0.6980594978375312,0.19356,-0.314778,1.6394053800082518,0.0946275,0.0583874,0.0319459,LU
0.7181395458788948,0.190759,-0.313135,1.6507422572891264,0.286969,0.0440803,0.0308769,LU
0.74532257770922,0.185028,-0.32404,1.6562397169492102,0.474272,0.13747,0.025447,LU
0.7709560911765754,0.177281,-0.324122,1.6488389854682597,0.645376,0.141181,0.0362184,LU
0.7828530122120505,0.171236,-0.317711,1.6329390680610223,0.82197,0.169704,0.0823462,LU
0.6921501618747218,0.191846,-0.302586,1.625207679036744,1.33484,0.147465,0.128223,LU
0.7141444493165824,0.189596,-0.316342,1.6411185210093755,1.69661,0.144965,0.107699,LU
0.7115583019196249,0.188174,-0.318831,1.6319895833000897,1.95332,0.161405,0.100167,LU
0.7130915410012257,0.189362,-0.325707,1.6388959698528762,2.2083,0.261222,0.0875254,LU
0.7244236452284946,0.185896,-0.314915,1.6366795654617308,2.41742,0.0637989,0.0964827,LU
0.720837793801813,0.18697,-0.319701,1.6373331976112864,2.61183,-0.0629752,0.103206,LU
0.7222225956014365,0.18727,-0.316743,1.640219497506355,2.79327,0.0628149,0.106906,LU
0.7250898934993211,0.184819,-0.321343,1.6326818428585528,2.97194,0.00280114,0.128606,LU
0.7228504746093187,0.18759,-0.322204,1.642333705432608,3.20305,-0.026756,0.108291,LU
0.7116024320993489,0.185323,-0.323898,1.619629587282228,3.49513,-0.109882,0.111147,LU
0.7056728753410895,0.190168,-0.320315,1.6338145549602623,3.84888,-0.212612,0.123232,LU
0.7210283484005023,0.185957,-0.341584,1.6331074673762287,4.36569,-0.0928852,0.12902,LU
0.7092771440190322,0.187828,-0.350462,1.6278728451571394,4.78406,-0.356052,0.10666,LU
0.7663583321647807,0.173277,-0.312595,1.6252445969760982,5.37128,-0.227424,0.104431,LU
0.7751676288035215,0.175369,-0.324595,1.6443965458489629,5.57793,-0.19299,0.0414201,LU
0.7572969349791676,0.182026,-0.324144,1.6558925085886462,5.74937,-0.124836,0.0284176,LU
0.7255180850043664,0.189277,-0.319004,1.6527431742409344,5.93241,-0.0489565,0.0291163,LU
0.7015236101655291,0.192673,-0.315664,1.6396981429519277,6.14915,0.032278,0.02894,LU
0.6059682040309403,0.244281,-0.362211,1.7159399756401736,0.0920231,0.115349,0.046546,LU
0.5839763674832045,0.251725,-0.369976,1.7099883040535686,0.281369,0.0736026,0.0484537,LU
0.5414352127740836,0.264831,-0.362876,1.6888457596832223,0.465029,0.30672,0.0582883,LU
0.5206433593935879,0.271478,-0.354912,1.6767557961730744,0.655771,0.226392,0.0781896,LU
0.5148727795530235,0.272271,-0.35918,1.6698712525221817,0.845137,0.250551,0.0876332,LU
0.5224211749127401,0.268107,-0.349245,1.6691554750831332,1.07511,0.406645,0.0893332,LU
0.5627172063240857,0.253743,-0.345152,1.685289292673516,1.2906,0.340779,0.0880359,LU
0.5539633758455305,0.25459,-0.350174,1.6749179084361119,1.46594,0.245541,0.107027,LU
0.5635141362027852,0.251235,-0.357343,1.6781269320286831,1.66292,0.236361,0.0910811,LU
0.5821663719589639,0.245512,-0.347843,1.686134632821472,1.85466,0.370924,0.106474,LU
0.5666665561135185,0.248873,-0.353305,1.674885070683956,2.06369,0.337187,0.113928,LU
0.5575692281226371,0.254672,-0.371145,1.6806308339430167,2.29476,0.109135,0.12275,LU
0.5847481277742205,0.244183,-0.353401,1.685289292673516,2.48392,0.269338,0.103005,LU
0.5781048585402818,0.245962,-0.370314,1.6817817932181334,2.70074,0.253529,0.102543,LU
0.5796548762101188,0.246012,-0.366176,1.6842060444019311,2.95627,0.0682678,0.105619,LU
0.5676733552553084,0.252005,-0.380546,1.6868876666808612,3.20956,0.20417,0.109167,LU
0.5517580905666468,0.254393,-0.385413,1.670933870624448,3.46215,0.126958,0.111001,LU
0.5651521901115539,0.251657,-0.370584,1.6819750295411642,3.73393,-0.0576792,0.120167,LU
0.5550996675766628,0.255805,-0.361451,1.6806308339430167,4.08145,-0.29913,0.125427,LU
0.558577073687473,0.258988,-0.374907,1.6963431256676818,4.53245,-0.414196,0.117978,LU
0.5671362130295418,0.254216,-0.370232,1.6934698107731356,4.98032,-0.349038,0.126049,LU
0.5466309419455444,0.259414,-0.373394,1.6794850401239065,5.27035,-0.159716,0.121645,LU
0.5412821186965775,0.268882,-0.36791,1.7014728913503148,5.63035,-0.125003,0.128193,LU
0.5867875670799739,0.251829,-0.361283,1.7144532656214342,5.88938,-0.21333,0.0868961,LU
0.5933122635321403,0.248336,-0.365864,1.7119608640386614,6.13446,-0.0581009,0.0367589,LU
0.3850284076523067,0.373342,-0.460286,1.6909553512733564,0.086753,0.196656,0.123095,LU
0.37136263357768134,0.382685,-0.482441,1.6813268569793323,0.285335,0.103918,0.131921,LU
0.37510421895456336,0.375674,-0.459994,1.6742251939330026,0.507376,0.174353,0.123937,LU
0.3786996899825456,0.380764,-0.452738,1.6935879073729831,0.712145,0.021188,0.149757,LU
0.38024181038009364,0.37565,-0.46626,1.6855978167997252,0.992169,0.107314,0.17237,LU
0.3669548370175781,0.384365,-0.486404,1.6749835820090895,1.49646,0.347264,0.155313,LU
0.36532480039789184,0.400532,-0.511006,1.706045134221249,2.09241,-0.0191113,0.160996,LU
0.37745411806125223,0.393929,-0.515398,1.7197819629243702,2.68686,0.604206,0.109218,LU
0.3607234825798112,0.388439,-0.495315,1.6694789606341256,4.02121,0.01462,0.18444,LU
0.3538448565039689,0.398171,-0.510627,1.6740698910141116,4.71026,-0.608561,0.308517,LU
0.36606459851692097,0.386121,-0.471921,1.6767677239260064,5.32968,-0.507178,0.252349,LU
0.3716372922017606,0.386873,-0.475683,1.6911268432616164,5.77096,-0.208043,0.129282,LU
0.3684571014980325,0.38491,-0.471882,1.6795981662290538,6.00828,-0.0911272,0.114589,LU
0.36644682879913265,0.385662,-0.492988,1.6766454604358072,6.19189,0.0323606,0.108437,LU
0.6309529448724677,0.202653,-0.492541,1.5948040632002416,0.144072,0.0251759,0.0781657,LU
0.6691732905309135,0.1968,-0.56083,1.618505483463062,0.360355,0.0784711,0.0501879,LU
0.7375641539323436,0.185303,-0.600173,1.6488207907471326,0.541379,0.133648,0.030549,LU
0.7716049020747453,0.176928,-0.564599,1.6478895594062122,0.696581,0.107609,0.055089,LU
0.7431559983562694,0.180621,-0.603379,1.634016523784261,0.986054,0.412484,0.167447,LU
0.7252731593015778,0.190032,-0.57725,1.6557566246281488,1.81117,0.0957481,0.147789,LU
0.7238676652450963,0.189437,-0.591481,1.6515598687301651,2.26443,0.0806587,0.106255,LU
0.7109285480071943,0.189272,-0.575588,1.6360195597852734,2.58262,0.117655,0.122767,LU
0.7118716718290256,0.189005,-0.579274,1.6359492657170027,2.82121,-0.00831978,0.119372,LU
0.7203636731339579,0.187442,-0.586829,1.6388593594326513,3.09607,-0.0198615,0.131796,LU
0.7044615142899665,0.1905,-0.566777,1.6338359770797068,3.54444,-0.0432112,0.137019,LU
0.7343415244922409,0.184111,-0.583323,1.639914631924479,4.29474,-0.238416,0.109733,LU
0.7248554908968459,0.186329,-0.596926,1.6390729086895433,4.66152,-0.145521,0.100432,LU
0.7051106806595812,0.190192,-0.604086,1.6332666653060668,4.90312,-0.249366,0.110324,LU
0.7326756588118328,0.182126,-0.571964,1.6291991897861968,5.38362,-0.0736565,0.10894,LU
0.762216692602586,0.179499,-0.572843,1.649690880134821,5.64258,-0.155127,0.0404981,LU
0.7142497669640722,0.190381,-0.591326,1.6446336978184533,5.79823,-0.156104,0.0319755,LU
0.653559131945982,0.199591,-0.537209,1.6108134590945036,5.98196,-0.155465,0.0555794,LU
0.6254771608194826,0.203113,-0.49531,1.589669777029179,6.17793,-0.333651,0.0983737,LU
0.5885100464361198,0.240173,-0.619397,1.6767617600601463,0.0937657,0.0792092,0.0393574,LU
0.6185983329825061,0.235104,-0.625413,1.7008527273106275,0.282175,0.0764758,0.0458828,LU
0.652478829341702,0.230903,-0.622663,1.7311325772453132,0.455119,0.14198,0.0613089,LU
0.5452773109220578,0.264926,-0.611622,1.6951312633539624,0.80315,0.17364,0.139989,LU
0.5435226849697858,0.261212,-0.625073,1.6804969503096399,1.39582,0.350738,0.13982,LU
0.5364129425911492,0.262393,-0.597333,1.6732393731920128,1.78409,0.255801,0.133757,LU
0.5433852587698627,0.259189,-0.628247,1.6737652165103682,2.05741,-0.0571804,0.148746,LU
0.5343243251352366,0.26475,-0.641607,1.6774623691755355,2.3668,0.324094,0.121484,LU
0.5299657766316334,0.264682,-0.609886,1.6703921695218762,2.60138,0.0155559,0.140999,LU
0.5236052787208983,0.269733,-0.648664,1.6761056052647758,2.79942,-0.0129524,0.151569,LU
0.5459562899195727,0.255403,-0.667762,1.6654218684765731,3.01037,0.136396,0.125207,LU
0.5286252049574899,0.262756,-0.611344,1.6621973408714141,3.26866,-0.165102,0.113672,LU
0.524496396235533,0.264672,-0.635275,1.6617189894804716,3.51398,0.163303,0.135034,LU
0.547964622411933,0.257378,-0.639704,1.6749208936543838,3.79796,0.215648,0.134367,LU
0.5391931875706931,0.260282,-0.632082,1.6708081876744558,4.22496,-0.305416,0.139958,LU
0.5774072522255875,0.249182,-0.642802,1.6917328394282591,4.67697,-0.275136,0.136149,LU
0.5739325730801904,0.24828,-0.652312,1.6835795199514634,4.99321,-0.458816,0.114695,LU
0.5662467856832214,0.248634,-0.638457,1.673460486536805,5.24964,-0.340309,0.104904,LU
0.5387217895339458,0.25714,-0.660044,1.659966867139221,5.43302,-0.21507,0.102344,LU
0.6109401672052474,0.242502,-0.653695,1.716679935223803,5.67195,-0.35309,0.123278,LU
0.6634242444414927,0.225221,-0.65152,1.7239808583624123,5.88491,-0.0796444,0.0571273,LU
0.6038241446869064,0.236214,-0.620906,1.6843811920108822,6.12495,-0.0603141,0.0307155,LU
0.3692677611704282,0.381658,-0.735245,1.6743267303605949,0.0887072,0.177031,0.114857,LU
0.3813085917193055,0.384279,-0.727344,1.7072375347326452,0.369572,0.105824,0.138207,LU
0.3746454441084595,0.386225,-0.730371,1.696534703447,0.842264,0.504912,0.225255,LU
0.3520775708104417,0.401559,-0.746805,1.676973464310035,1.5318,-0.176651,0.272971,LU
0.36509264241370504,0.388486,-0.76089,1.6796606800184375,2.01951,-0.181869,0.179937,LU
0.3759526315509247,0.375555,-0.764838,1.675852022106964,2.54828,-0.00967043,0.19181,LU
0.3922306081156591,0.372653,-0.743894,1.7051216965366431,3.21377,-0.43267,0.22445,LU
0.3784556759223439,0.366234,-0.741594,1.6604246444810435,3.78857,-0.221404,0.231701,LU
0.35663652696324316,0.391516,-0.746224,1.6665563296810582,4.44574,-0.0850938,0.200173,LU
0.36616204367470045,0.385929,-0.780089,1.676573887426379,5.13248,-0.221054,0.235251,LU
0.36605600528844867,0.392085,-0.716768,1.6896478923136617,5.79623,-0.0936543,0.176012,LU
0.37966172391191555,0.378622,-0.724855,1.690961265079718,6.16243,-0.0694834,0.123396,LU
0.7338640449299442,0.183195,-1.66981,1.6352981379552782,0.189062,0.0692929,0.0891558,LU
0.7123651181397528,0.188704,-1.11419,1.6352125244138755,0.423035,0.0545483,0.0580326,LU
0.7532640842515295,0.184629,-1.01254,1.6632438185665985,0.57292,0.204003,0.085067,LU
0.7156919168008874,0.183988,-1.15017,1.6184158921612208,1.11462,0.201962,0.17688,LU
0.7206210995477852,0.190573,-1.45101,1.652785527526182,2.87867,-0.0302977,0.217843,LU
0.7158664083308061,0.187734,-0.976462,1.6350076452420643,4.79917,-0.0656326,0.141314,LU
0.7445384645452056,0.186312,-1.15285,1.6611020438251227,5.54188,-0.146145,0.141808,LU
0.7315379963041491,0.186268,-1.06344,1.6463413983739825,5.82034,0.0301089,0.0542717,LU
0.7038431622950468,0.188331,-1.52602,1.6237949377923309,5.97298,0.168602,0.0808834,LU
0.7326776697309135,0.184326,-1.8222,1.639011897455293,6.1773,-0.0847305,0.115573,LU
0.5096739668160037,0.273907,-1.38495,1.6664033125267124,0.0926961,-0.145514,0.0974333,LU
0.5666940611679175,0.249717,-1.25355,1.6777633921384745,0.284348,0.0833711,0.0560915,LU
0.6521480868655132,0.229752,-1.12569,1.7263748144594788,0.448828,0.169593,0.0997444,LU
0.5434348079739699,0.258293,-1.31382,1.6709458399361723,0.802391,0.272393,0.11562,LU
0.5368306793159464,0.259385,-1.51496,1.6642686081279068,1.26488,0.118556,0.151613,LU
0.5424284075413297,0.259231,-1.33112,1.6724263810404332,1.90065,0.0431,0.298643,LU
0.5240664134195493,0.272645,-1.3499,1.6858706949229527,2.46675,0.231928,0.137675,LU
0.5143086324960123,0.274856,-1.30452,1.6768601611344935,2.85716,-0.0295583,0.14673,LU
0.5319877049751265,0.265515,-1.25191,1.6762070277862458,3.23532,0.0267461,0.159911,LU
0.5222225070795111,0.268441,-1.33347,1.669877240997074,3.74575,0.0870715,0.182805,LU
0.5039365870899537,0.271383,-1.63038,1.6493453246667298,4.40522,0.0185462,0.176053,LU
0.5708027109304823,0.255774,-1.32821,1.7041332107555442,4.88939,0.0961363,0.165154,LU
0.5353921295251036,0.26102,-1.189,1.6672672251321923,5.30361,-0.228615,0.142159,LU
0.5325379692959636,0.264189,-1.404,1.6728807488879773,5.62508,-0.104514,0.124091,LU
0.6187096724216803,0.236066,-1.17522,1.7044823261037352,5.89616,-0.125472,0.0715106,LU
0.5315490095214886,0.264777,-1.3142,1.6731855844466268,6.0871,-0.0531918,0.0446285,LU
0.37419964758143665,0.38636,-1.59136,1.6958213349288893,0.241489,-0.100172,0.16518,LU
0.3789232549259863,0.385435,-1.34145,1.704447124436543,2.14162,0.171526,0.255922,LU
0.3833645542835934,0.37566,-1.3552,1.692527695489796,4.12494,0.0126767,0.304294,LU
0.36751708012870804,0.394314,-1.37344,1.6978221343827509,5.41746,-0.325731,0.279474,LU
0.37363590521640627,0.378146,-1.47188,1.676433714764768,5.91723,-0.208727,0.150423,LU
0.7347308988869808,0.245952,-0.218784,1.8959272137927659,0.0921145,0.0511268,0.0567556,LU
0.7207386613201905,0.250572,-0.220492,1.8953416578548576,0.278015,0.1181,0.0665383,LU
0.6928308017977941,0.257913,-0.22286,1.8853089932422218,0.463847,-0.0987349,0.0837053,LU
0.6572429840179211,0.276278,-0.230707,1.9005025651127125,0.649924,-0.0192093,0.119121,LU
0.6364816553665998,0.288552,-0.235562,1.9113372282253072,0.843554,0.364558,0.0968653,LU
0.6454875225912663,0.2811,-0.236788,1.8997947257532852,1.03583,-0.0724256,0.125285,LU
0.6678946219840571,0.28086,-0.244955,1.9316624964004452,1.22691,0.383826,0.0988174,LU
0.6872900670213483,0.272365,-0.235979,1.9296476362279202,1.41398,0.0906635,0.124786,LU
0.6949064514925005,0.261615,-0.232633,1.9016335083290892,1.64826,0.363537,0.0934185,LU
0.7168005802421894,0.256283,-0.239369,1.9115752666322088,2.07215,0.353897,0.0823257,LU
0.7032014188144198,0.265014,-0.242554,1.9253363342543557,2.70243,-0.0976375,0.108626,LU
0.6983116863328694,0.272912,-0.250534,1.9470105289905342,3.27769,0.0210035,0.127069,LU
0.6736656226155324,0.283992,-0.253241,1.9507767683668986,3.9092,-0.0340068,0.136369,LU
0.6829322736237773,0.274831,-0.246456,1.9322085808731932,4.60671,-0.193045,0.164653,LU
0.6256013545438709,0.294325,-0.243591,1.913792047219342,5.26475,-0.361004,0.132202,LU
0.6602300378170359,0.269155,-0.224856,1.8801010611134712,5.63857,-0.186677,0.128481,LU
0.7045807395274937,0.256319,-0.225093,1.8953442958998241,5.81813,-0.158087,0.101202,LU
0.7150894783948332,0.251923,-0.219306,1.8929817748726478,6.0053,-0.10079,0.0645162,LU
0.7318343799497184,0.247949,-0.218566,1.8998526258633852,6.19081,0.00285165,0.0571805,LU
0.5031004931292764,0.403687,-0.339799,2.009935322342488,0.0981302,0.0470818,0.100447,LU
0.5069816278743747,0.408594,-0.351181,2.029899012266374,0.284306,0.251311,0.0932028,LU
0.489561136845631,0.409415,-0.351376,1.9967223141939392,0.471897,0.322697,0.0941658,LU
0.5050465138027538,0.396169,-0.335099,1.9949786966281118,0.656792,0.321751,0.125553,LU
0.5245187338903041,0.396451,-0.335051,2.0337969416832156,0.849009,0.250937,0.139276,LU
0.5008669790800704,0.413267,-0.352689,2.029125427370127,1.05609,0.341578,0.113736,LU
0.4916157310993964,0.414491,-0.354331,2.0132734538556853,1.35142,0.239653,0.106293,LU
0.4953564789111366,0.410003,-0.343084,2.009947760515183,1.66214,-0.161205,0.186346,LU
0.5006151763603153,0.413031,-0.356158,2.028035995735776,2.07836,0.141065,0.126012,LU
0.49364689899237646,0.416409,-0.361159,2.0220905024256455,2.61172,0.101678,0.148114,LU
0.5309464663517119,0.391981,-0.341754,2.0346523044490916,3.33815,0.111447,0.136142,LU
0.48968791399402023,0.429622,-0.374345,2.045668594860859,4.01788,-0.371198,0.208519,LU
0.4727682918247319,0.4391,-0.38912,2.032067912250966,4.62448,0.0557152,0.125606,LU
0.4860379143839831,0.431212,-0.378231,2.04179822705379,4.98412,-0.32379,0.135149,LU
0.49234107810191063,0.415412,-0.353863,2.0169952900292056,5.32218,-0.0766788,0.134883,LU
0.4855463355295679,0.420983,-0.357535,2.0164151358289293,5.59995,-0.0782862,0.144032,LU
0.501395595713212,0.401046,-0.33616,1.9999524994359241,5.81591,-0.167092,0.130196,LU
0.510893631203799,0.39286,-0.334421,1.9980965942616489,6.00053,-0.204259,0.125983,LU
0.513697904096811,0.393529,-0.334588,2.0052780355850905,6.18526,-0.0364136,0.0893972,LU
0.7491294638076684,0.257263,-0.367132,1.9579402442362739,0.095493,0.00693138,0.0325433,LU
0.750092374987618,0.252209,-0.364953,1.9398582422434894,0.2809,0.087272,0.0340124,LU
0.7474896914879334,0.24679,-0.362193,1.9155730213176423,0.461172,0.170162,0.0393496,LU
0.7151673193125806,0.252162,-0.369196,1.8939825764774079,0.646582,0.26366,0.0727745,LU
0.6422016848806549,0.287791,-0.377406,1.9173732031088784,0.837572,0.28674,0.107549,LU
0.6675366812301995,0.28776,-0.372521,1.9547224866972805,1.12471,0.47386,0.073866,LU
0.675398764500774,0.283625,-0.376041,1.9520220285642271,1.35395,0.45042,0.0970223,LU
0.6833735382990457,0.273514,-0.3676,1.928196048123738,1.53943,0.345713,0.0893954,LU
0.705980969932152,0.270596,-0.377145,1.9493486091512724,1.72598,0.29542,0.0923348,LU
0.709954536185863,0.263612,-0.372177,1.929435150503898,1.94035,0.275971,0.0965019,LU
0.6977125717282074,0.269651,-0.375504,1.934512858577063,2.22987,0.372968,0.086854,LU
0.6909644873732794,0.269671,-0.394797,1.9252064824324688,2.51381,0.337962,0.0892684,LU
0.706618743616009,0.26774,-0.377462,1.9399097917171304,2.82639,0.190433,0.107669,LU
0.6922346151676454,0.273294,-0.392843,1.9398762847150846,3.17002,0.0174803,0.099779,LU
0.6821326930118183,0.272455,-0.380097,1.9227116268437137,3.55008,-0.133777,0.117863,LU
0.6825428202817541,0.27695,-0.38217,1.9390899927543332,4.05932,-0.16055,0.11077,LU
0.7103936829334632,0.260791,-0.382781,1.9196770561737722,4.46237,-0.246107,0.110439,LU
0.6900716064264019,0.2758,-0.384913,1.945702957802141,4.84337,-0.00921451,0.134881,LU
0.6698852681323638,0.28655,-0.408254,1.9540368471449048,5.19753,-0.179358,0.113728,LU
0.7607738415428652,0.236877,-0.368889,1.8933092721475802,5.57974,-0.194413,0.118869,LU
0.7682797273373883,0.240151,-0.369486,1.9157296260171999,5.76052,-0.11886,0.0496108,LU
0.7579735811981426,0.24711,-0.364439,1.930209833152862,5.94057,-0.0609675,0.0377428,LU
0.7459651332690934,0.257338,-0.367768,1.954085463842357,6.15781,-0.0363415,0.029286,LU
0.49922574743218784,0.397752,-0.504114,1.9874078594994034,0.0908405,0.0409622,0.0890549,LU
0.506063066717691,0.396308,-0.501315,1.9973357254102275,0.288087,0.0499413,0.086866,LU
0.5153772314888014,0.394819,-0.499357,2.011842439158693,0.468782,0.166798,0.0891173,LU
0.5229060609396603,0.393006,-0.499687,2.021825907441093,0.655218,0.200614,0.0973993,LU
0.5229699357469849,0.388934,-0.481603,2.011447240173105,0.84398,0.2559,0.105491,LU
0.507546278348683,0.400564,-0.50986,2.0109724016007777,1.06975,0.213033,0.112751,LU
0.4873599335550208,0.42287,-0.529595,2.024699977774485,1.31354,0.13666,0.14538,LU
0.5030805360940244,0.410907,-0.520022,2.027789436800577,1.59072,0.0778052,0.171202,LU
0.49795830725452583,0.410838,-0.532219,2.01727043303569,2.06584,0.475538,0.124285,LU
0.5327311216520043,0.379924,-0.504526,2.006479504006956,2.68062,-0.137962,0.179284,LU
0.5342035328503003,0.381302,-0.494095,2.0128909558145467,3.37619,0.06605,0.124123,LU
0.5004888901795379,0.412862,-0.539906,2.0273652852902457,3.97035,-0.192334,0.163466,LU
0.5106385085968186,0.407378,-0.525217,2.0341730506522793,4.56693,-0.264531,0.147559,LU
0.5225716138412505,0.396058,-0.496055,2.0290120748778206,5.07341,-0.259074,0.146275,LU
0.4900372038335225,0.411225,-0.519297,2.002103893408132,5.49422,-0.198411,0.125525,LU
0.509745029163991,0.402362,-0.505882,2.019841577946152,5.78813,-0.317473,0.105706,LU
0.5013423051669189,0.398688,-0.505082,1.9939583746909062,6.00315,-0.101644,0.0847821,LU
0.5075153066431793,0.395907,-0.494432,1.9991873348938562,6.19028,0.0899351,0.078757,LU
0.7029439148455838,0.282663,-0.632003,1.9880492951634776,0.0969459,0.0787965,0.0392041,LU
0.7235855929936916,0.273747,-0.639229,1.9849609567948685,0.287311,0.0302982,0.0383737,LU
0.7559757842310826,0.257403,-0.634519,1.967401839991007,0.469087,0.0761432,0.0360484,LU
0.7661078016088985,0.241742,-0.621864,1.919346242865002,0.631774,0.178237,0.066638,LU
0.6629362425226812,0.283559,-0.614114,1.9337037001567743,1.11061,0.171662,0.113116,LU
0.6964326068851673,0.280104,-0.618029,1.9698426333085595,1.59044,0.173902,0.110484,LU
0.7074502233735319,0.270093,-0.636799,1.949561489155959,1.91221,-0.0302342,0.132991,LU
0.6853516579417734,0.275991,-0.630288,1.939708741022734,2.30207,0.342648,0.10418,LU
0.6710606902606286,0.283229,-0.646676,1.9443842212896092,2.63764,0.113748,0.115129,LU
0.6795353189130315,0.273253,-0.668824,1.9218558738885703,2.88045,-0.023495,0.118537,LU
0.6648913574964643,0.281247,-0.650101,1.9286420092904748,3.20398,-0.00157981,0.125757,LU
0.6565076977683894,0.283634,-0.650263,1.9245596899031217,3.59154,0.145221,0.129775,LU
0.6889208796615028,0.270109,-0.649205,1.9239178776652603,4.17357,-0.126623,0.123021,LU
0.7135524783202,0.267569,-0.651344,1.9487816706855594,4.56326,-0.222095,0.10392,LU
0.7251789199524131,0.263135,-0.640514,1.9482479308342662,4.81274,0.0560238,0.124762,LU
0.6892854797157997,0.271869,-0.672219,1.9306864064368403,5.02365,-0.150521,0.119026,LU
0.6556131521335925,0.289723,-0.661014,1.9437823952284372,5.3207,-0.297347,0.101156,LU
0.7645532433601273,0.24494,-0.632044,1.9300388597124152,5.64727,-0.136018,0.0759954,LU
0.755825231883855,0.25641,-0.641817,1.9634077518437172,5.81431,-0.153913,0.0345073,LU
0.72423338217101,0.275325,-0.641071,1.991564711476883,5.99572,-0.150506,0.0356473,LU
0.7044827412720293,0.283567,-0.62997,1.993404123603641,6.18349,-0.0328286,0.0394154,LU
0.5054668031460707,0.414689,-0.796503,2.0419255618165906,0.0842596,0.144509,0.0921526,LU
0.5079842982349765,0.400755,-0.767034,2.012319557128042,0.277027,0.261773,0.10774,LU
0.4996000233403498,0.409173,-0.749145,2.016494483007578,0.477088,0.189717,0.110576,LU
0.5126171674098554,0.407461,-0.727776,2.0383179339838033,0.655982,0.101756,0.134151,LU
0.4873492633657774,0.41032,-0.738807,1.9944071800913674,0.901032,0.140582,0.152441,LU
0.5203678063544253,0.407408,-0.773351,2.0535359748492357,1.28036,0.300633,0.13854,LU
0.48276755994704645,0.427885,-0.806388,2.0270520466924373,1.68687,0.342338,0.143944,LU
0.4704064362868897,0.427219,-0.831048,1.9993749023132206,2.01219,-0.00876079,0.179501,LU
0.49321849143433516,0.407538,-0.807665,1.999567453225822,2.30021,-0.075202,0.167795,LU
0.5076111911914508,0.404713,-0.794351,2.021489549812217,2.62445,0.247526,0.112557,LU
0.5207218196712111,0.389276,-0.774683,2.0080014940233486,3.14531,-0.257792,0.139193,LU
0.5241762169015227,0.390382,-0.799677,2.0175108425978783,3.62974,-0.124568,0.165145,LU
0.49114867416819485,0.418698,-0.846566,2.022503399255487,4.07719,-0.0427096,0.165416,LU
0.4981956157601729,0.419588,-0.809454,2.039124812266282,4.57045,-0.285722,0.179772,LU
0.5728174184523205,0.37293,-0.753563,2.061361200760313,5.24959,-0.30796,0.168794,LU
0.4928057531227725,0.411358,-0.775158,2.008076193773533,5.78905,-0.138556,0.129607,LU
0.5292152550560678,0.399153,-0.764461,2.049831700408597,6.1529,0.118355,0.0775802,LU
0.6462243203118911,0.291523,-1.6362,1.9357995764024747,0.0954129,0.005892,0.0925955,LU
0.6666499739617702,0.286173,-1.35068,1.948029773899773,0.298118,0.00628953,0.0615553,LU
0.7374442823034594,0.264564,-1.22369,1.9699822334224235,0.46306,0.0595455,0.0504385,LU
0.7123991081045934,0.264665,-1.27368,1.9366104409508897,0.704652,0.149593,0.111152,LU
0.6885288119578618,0.276859,-1.54837,1.9472544774630767,1.259,0.108571,0.118607,LU
0.6828571053498794,0.28513,-1.86819,1.967971036372233,1.91226,0.544523,0.238439,LU
0.6853794210584446,0.283777,-1.45902,1.9669189103773446,2.6037,-0.155542,0.165412,LU
0.6632562044427069,0.288916,-1.29807,1.952354988212953,3.08584,-0.348308,0.137935,LU
0.6761175649262469,0.290646,-1.38702,1.9770862398995144,3.74967,-0.409167,0.195079,LU
0.6978668611305755,0.275961,-1.43161,1.9572327403760648,4.45312,0.0493021,0.147324,LU
0.6888399446255733,0.27628,-1.19148,1.9456567014763935,4.99602,-0.215604,0.151021,LU
0.6933580221850654,0.277786,-1.31489,1.9573400317778207,5.53996,-0.247324,0.125897,LU
0.7379533482766566,0.268516,-1.1711,1.985326169675905,5.8257,-0.0865828,0.0524759,LU
0.6663880632497368,0.287829,-1.40886,1.953274174303239,5.9797,-0.0885532,0.0550809,LU
0.634755780363011,0.293177,-1.54782,1.9239802493788756,6.18121,-0.0635241,0.0828664,LU
0.5382621603698868,0.393126,-1.59886,2.0516115616753576,0.0943733,0.19314,0.0885936,LU
0.5752963509899486,0.377039,-1.70835,2.0771663390301702,0.338729,0.252487,0.121625,LU
0.5175575632077413,0.393757,-2.14793,2.013380242279138,0.972377,-0.301709,0.204879,LU
0.4773040301940813,0.43676,-1.7991,2.036344764522943,1.58191,0.0253612,0.257143,LU
0.48862779750814894,0.426665,-1.79023,2.036408603399622,2.07336,0.00452792,0.191977,LU
0.5035511622738733,0.398245,-1.51478,1.9972355895086589,2.50891,0.273953,0.1341,LU
0.5472576369737661,0.373545,-1.3609,2.0165068807222055,3.06998,0.174142,0.136185,LU
0.5223934572029583,0.403047,-1.44221,2.0464872342626523,3.65225,-0.0537419,0.186962,LU
0.4782781520248833,0.427946,-1.72938,2.017748745508221,4.35451,-0.298676,0.20148,LU
0.489752136937438,0.41943,-2.02032,2.021390610446185,4.92066,0.0188647,0.21308,LU
0.5185277034405839,0.402418,-1.77711,2.0373095002968986,5.45344,-0.28118,0.154406,LU
0.5571384265390855,0.388276,-1.75965,2.074360142308948,5.87833,-0.0955593,0.0954387,LU
0.5479462646520782,0.393284,-1.697,2.070400927356825,6.16276,-0.0931545,0.0863147,LU
0.6493291824544106,0.463134,-0.436902,2.4457841278412125,0.150142,0.102381,0.121604,LU
0.6455609570680124,0.467317,-0.438873,2.4496652832581027,0.436988,-0.0188744,0.155205,LU
0.6552750330290738,0.447679,-0.405148,2.415613793635067,0.765659,0.216617,0.112811,LU
0.6631814315604628,0.437751,-0.388926,2.4030459837464617,1.1225,0.21921,0.0977145,LU
0.6636716074363559,0.451677,-0.413361,2.4418722325297857,1.60566,0.360033,0.0856143,LU
0.6670368631453911,0.456161,-0.416813,2.4601768229133447,2.23924,0.152528,0.158167,LU
0.6614792133565949,0.447724,-0.413679,2.427144412679229,4.14895,-0.0803973,0.176228,LU
0.6563962471240947,0.454031,-0.403674,2.4347710364631827,4.7931,-0.458683,0.17374,LU
0.6467252068546941,0.471607,-0.454703,2.463101703137733,5.36136,-0.152424,0.105419,LU
0.6578866781882875,0.451834,-0.406817,2.4316290835569476,6.02364,-0.0109414,0.0893116,LU
0.6919371526693673,0.407591,-0.537989,2.368524857374311,0.129985,0.107154,0.118916,LU
0.6504066980166582,0.446747,-0.590902,2.404117301630684,0.418357,0.0850094,0.111599,LU
0.6459535279921647,0.446074,-0.578683,2.394067668216586,0.815498,0.231968,0.106133,LU
0.6673085188170547,0.439927,-0.571031,2.4164953962298377,1.31299,0.386031,0.0868836,LU
0.6601719919659362,0.440572,-0.580561,2.4053003970398374,1.87577,0.457585,0.125493,LU
0.7041126671778406,0.425719,-0.56425,2.4418271847123005,3.79579,-0.262862,0.186926,LU
0.6882892056443385,0.426945,-0.562609,2.417707591914291,4.43774,-0.224471,0.162575,LU
0.6603788789224779,0.446343,-0.592,2.4213818368857067,5.02813,-0.302929,0.203322,LU
0.6391937368045062,0.45962,-0.603946,2.41739736079942,5.68106,-0.222589,0.119596,LU
0.6795268855085264,0.411136,-0.54758,2.357373538495756,6.11198,0.00435166,0.101593,LU
0.73222326590642,0.383518,-0.768816,2.3634529823967303,0.0915991,0.00696017,0.0901595,LU
0.7311808483850473,0.380277,-0.770629,2.351769546532993,0.281788,0.179663,0.0953806,LU
0.684512406423465,0.417488,-0.813947,2.3842126583004295,0.52454,0.208626,0.122514,LU
0.6754112959914789,0.449757,-0.836458,2.45813343820062,1.0852,0.240605,0.127413,LU
0.6791590467028953,0.441947,-0.825188,2.4434483829211535,1.69185,0.320318,0.117563,LU
0.684148427011369,0.417885,-0.850154,2.3847117226197385,2.27506,-0.0554102,0.176181,LU
0.6796954335980558,0.415625,-0.810759,2.3705020565272665,2.91762,-0.0350744,0.196677,LU
0.6925714578237183,0.42863,-0.826349,2.42999794238596,3.53647,-0.119202,0.195571,LU
0.6697150252912786,0.446608,-0.870683,2.4391617412545648,4.24431,-0.567327,0.215921,LU
0.6757035358814423,0.438287,-0.858338,2.4271114519115105,4.87169,-0.302393,0.175484,LU
0.6748411662552879,0.421967,-0.832813,2.3799747897824464,5.45667,-0.0755033,0.12652,LU
0.7458178745721353,0.368057,-0.777653,2.3367177835588104,5.9349,-0.00326229,0.107491,LU
0.7127530688922116,0.38889,-0.792361,2.3480928431388737,6.16442,-0.166671,0.077438,LU
0.6981452743358164,0.426687,-1.71004,2.434220614488342,0.0906109,-0.114737,0.125838,LU
0.7082809483497297,0.422386,-1.93187,2.439438459973934,0.291026,0.181528,0.0757486,LU
0.7057614528291571,0.406162,-1.87753,2.3878714370752876,0.535528,0.287659,0.0995628,LU
0.6517047938000501,0.455968,-2.06553,2.4312239715830377,1.25659,0.187699,0.135272,LU
0.6512967177183997,0.459958,-1.89823,2.441073534328698,1.92528,0.192555,0.218142,LU
0.6332743089148055,0.469659,-1.65707,2.4323137133190693,2.49348,0.0443024,0.256482,LU
0.6459561193389433,0.435104,-1.62081,2.3644513105581177,3.16697,0.469828,0.191509,LU
0.6916866031570157,0.437568,-1.38531,2.4536340395421643,3.7934,-0.605469,0.33134,LU
0.6829826264509791,0.436502,-1.97401,2.435175558353032,4.42588,-0.19344,0.199536,LU
0.655216666934668,0.460761,-1.98649,2.4505448373780063,4.98,-0.207982,0.163604,LU
0.6819234280799139,0.436069,-2.10958,2.4320793572579,5.58014,0.212485,0.122316,LU
0.7324699937442966,0.400098,-1.68036,2.414406759433878,5.93473,-0.234214,0.0833714,LU
0.6925362590199221,0.422162,-1.93471,2.4115327076363693,6.14713,0.0970322,0.102245,LU
0.6048616057477292,0.615449,-2.61065,2.721174378829846,0.274581,0.242551,0.162573,LU
0.5822259504719249,0.603464,-2.38356,2.643648993342346,0.939422,0.237649,0.221741,LU
0.5728635107373908,0.626857,-2.75507,2.6726503699511466,4.76987,0.355816,0.278165,LU
0.5639987931560926,0.612411,-2.80396,2.6211562334206633,5.37179,-0.179979,0.200663,LU
0.6048836254211352,0.618028,-3.11817,2.726919507429583,6.04618,0.133889,0.154548,LU
