0.658010832246055,0.10852,-0.139944,1.1690979428602208,0.301683,0.129798,0.056638,LU
0.7121940607946435,0.0997291,-0.149211,1.1659759860305872,0.637473,-0.0121261,0.0796433,LU
0.7546991768146954,0.0933342,-0.15243,1.1611459856538282,0.849838,-0.0650657,0.0808073,LU
0.7694793382023151,0.0909908,-0.149641,1.157648478597886,1.09658,0.504813,0.0658236,LU
0.7700106733509439,0.0914016,-0.144653,1.1606592954006787,5.21343,-0.159961,0.0854133,LU
0.7556252925395569,0.0929709,-0.159054,1.1595947568008402,5.43878,-0.124905,0.0743217,LU
0.710305220479144,0.0998266,-0.149438,1.1649978540752768,5.66567,-0.130172,0.0748107,LU
0.6502714051655056,0.110002,-0.150133,1.1701111058356808,6.01667,0.119229,0.0864193,LU
0.6491283754724949,0.110013,-0.280132,1.1691407100943838,0.498833,-0.02502,0.108752,LU
0.7405847908259374,0.0953973,-0.294454,1.162880045404512,0.757412,0.196018,0.0574138,LU
0.7607636278557385,0.0922372,-0.259531,1.1589305414907314,0.972862,0.328134,0.0894706,LU
0.7601934843000938,0.0928713,-0.279477,1.1624715050271124,5.4243,-0.167878,0.0783341,LU
0.6960100545929566,0.10228,-0.294731,1.1673003041205805,5.65026,-0.248583,0.0755714,LU
0.6818200463531213,0.12147,-0.135744,1.259067114970445,0.0986021,-0.0606458,0.0437757,LU
0.6884230754513053,0.120994,-0.145201,1.2626678106295417,0.288461,0.0630693,0.0401014,LU
0.7107586441078224,0.117918,-0.148405,1.2665741194260998,0.479294,0.180689,0.0299165,LU
0.7375861865784513,0.11335,-0.152217,1.2650177864362224,0.657205,0.115477,0.0316787,LU
0.7589772574966911,0.109986,-0.155441,1.2640450941323256,0.834717,0.141207,0.0394003,LU
0.7728649947506828,0.107431,-0.154559,1.2606545918688434,1.01918,0.0899433,0.0905602,LU
0.7024734629087368,0.118214,-0.160352,1.2607497769184812,2.21961,0.210126,0.0794509,LU
0.6994400603336696,0.117058,-0.161098,1.251858618215332,2.53583,-0.0998786,0.0997401,LU
0.7117841364546468,0.116366,-0.170438,1.2591187394364363,2.8685,0.254379,0.0670622,LU
0.698113911170096,0.117677,-0.168185,1.2539736839343958,3.27273,0.036488,0.11475,LU
0.775337292918013,0.105699,-0.155284,1.2524495997843585,5.19825,-0.20039,0.115827,LU
0.7648172486061747,0.108377,-0.157575,1.2595832644172436,5.3832,-0.122991,0.0491585,LU
0.7484471739225809,0.11211,-0.157372,1.267308170888202,5.56029,-0.160578,0.0326173,LU
0.7188856156475196,0.116755,-0.153126,1.2674975345143673,5.74501,-0.240773,0.0349216,LU
0.6937672082117314,0.120068,-0.150085,1.262699489189728,5.93031,-0.0701983,0.0529358,LU
0.6806437201085737,0.121541,-0.142421,1.2583481235333884,6.14694,-0.0620141,0.0414971,LU
0.6066780498707653,0.145422,-0.170424,1.2994922085183889,0.0974614,0.0732246,0.057557,LU
0.5922098704805564,0.149063,-0.169978,1.299876917250245,0.27841,0.0725181,0.0606747,LU
0.596052175533989,0.151091,-0.171763,1.3129280254454165,0.448866,-0.135158,0.120338,LU
0.5390001339721989,0.166442,-0.160086,1.3104045176967303,0.723672,0.308131,0.120157,LU
0.506706946932498,0.174341,-0.162903,1.3003422626370336,1.58276,0.277034,0.0830954,LU
0.5536338748805327,0.158769,-0.17683,1.297100612905568,2.10796,0.386755,0.0622165,LU
0.5733753156902224,0.152785,-0.173971,1.2949092632304395,2.53767,0.144717,0.0819198,LU
0.5764223995421102,0.151942,-0.177809,1.294758664771161,2.87002,-0.0623008,0.103576,LU
0.5671311942137132,0.152236,-0.177797,1.285523239774373,3.38909,-0.000776718,0.0885842,LU
0.675242101669639,0.135179,-0.173618,1.3217942351213368,5.77544,-0.132423,0.128749,LU
0.6444178177218108,0.138698,-0.178743,1.3079717122323402,6.00308,-0.20428,0.0912097,LU
0.6297308366030291,0.141328,-0.170046,1.305181979648815,6.19079,0.0735508,0.0664305,LU
0.36394557483612444,0.244465,-0.191201,1.3049865899694142,0.227298,0.279535,0.0667114,LU
0.3450292358578058,0.2598,-0.197617,1.3098664054017113,0.699918,0.261341,0.0889208,LU
0.3619815306877403,0.248131,-0.196998,1.311182672246701,1.38316,0.620482,0.0880599,LU
0.3348686958520842,0.265029,-0.187994,1.3033572035324774,5.84027,-0.134158,0.111455,LU
0.36960741665645414,0.241687,-0.210462,1.307604680322,6.18515,-0.0391029,0.151501,LU
0.6288327191773612,0.12524,-0.246792,1.2277744092462588,0.276232,0.0553934,0.0797645,LU
0.6724077203697308,0.122736,-0.283912,1.2568452569827362,0.493411,0.144641,0.0416775,LU
0.7264108620989081,0.11558,-0.302211,1.2676868698539083,0.66374,0.178948,0.0268465,LU
0.7588393256928543,0.10988,-0.289109,1.2633210201686664,0.826725,0.0881947,0.0453301,LU
0.7730256662628557,0.107752,-0.267865,1.2626678106295417,1.00835,0.130596,0.105662,LU
0.71386244932251,0.116994,-0.28677,1.2643535897841236,2.42004,0.156402,0.0803841,LU
0.7231576359877868,0.115194,-0.293486,1.2627311669551837,2.67318,0.142621,0.0949008,LU
0.7276311883945032,0.112573,-0.294486,1.2521381712894148,2.87791,0.109925,0.0888719,LU
0.7052717486896057,0.116799,-0.293796,1.2556751172178255,3.19625,0.0251794,0.106692,LU
0.7723781964099626,0.105853,-0.267014,1.2509676254803719,5.25847,-0.233708,0.120597,LU
0.7556998910039827,0.110239,-0.28483,1.2627628439259686,5.45365,-0.10565,0.0427178,LU
0.7244997892801335,0.115551,-0.298455,1.2658593918757328,5.61798,-0.128623,0.0293169,LU
0.6710712777515255,0.122996,-0.285341,1.2569248187540891,5.79195,-0.100567,0.0479517,LU
0.6256309339009621,0.125349,-0.248112,1.225177538155185,6.02175,-0.258086,0.0797813,LU
0.5793642881300408,0.14944,-0.293006,1.287326687364167,0.0929998,-0.0683897,0.0510465,LU
0.6039201908269707,0.1439,-0.301617,1.28973253041086,0.283133,-0.0164725,0.0478498,LU
0.648026217373649,0.137317,-0.307864,1.3050823728791987,0.462577,0.257012,0.0482678,LU
0.6797308821941379,0.133437,-0.311715,1.317607680609065,0.631472,0.655418,0.0823347,LU
0.5389038833018904,0.16313,-0.301632,1.2971854146574422,2.20135,0.135683,0.0976985,LU
0.5602103547271862,0.15569,-0.305962,1.2920681096598585,2.57398,-0.0876587,0.115124,LU
0.5503165286204388,0.159315,-0.308194,1.295430430397557,2.83109,0.0396971,0.111685,LU
0.5735899081318572,0.151102,-0.313034,1.287998447204033,3.0674,-0.072587,0.106569,LU
0.5506585003650591,0.157458,-0.301661,1.2882585144294603,3.44833,-0.336625,0.102589,LU
0.6672922466191392,0.135031,-0.31393,1.3132707260881131,5.71297,-0.327082,0.163401,LU
0.6324570210626653,0.139089,-0.314633,1.2976016337844216,5.87637,-0.0402555,0.0443012,LU
0.5912976991135893,0.146652,-0.298283,1.288328374289723,6.11797,-0.0280145,0.0316618,LU
0.6905878780577587,0.117951,-0.661248,1.2486472680465048,0.451774,0.163241,0.0670756,LU
0.7248887228881175,0.115169,-0.552733,1.264104426066138,0.60099,0.142182,0.0332707,LU
0.7544034037637377,0.111666,-0.507494,1.2698188847233294,0.76252,0.172023,0.0785696,LU
0.7266856556267726,0.11677,-0.545116,1.27443713065808,2.54412,0.374767,0.0933169,LU
0.7091218137224222,0.113766,-0.558952,1.242642345970875,3.00049,-0.137749,0.103465,LU
0.7379845938812623,0.111388,-0.572104,1.2543603947829347,4.43658,0.2065,0.108481,LU
0.7009415096256593,0.115927,-0.574042,1.2471327114625772,4.78322,-0.142873,0.0916918,LU
0.7443316692510444,0.111484,-0.50085,1.2602856818991477,5.39058,0.0935139,0.0942523,LU
0.7353707591785321,0.113305,-0.536078,1.2628657885935464,5.63921,-0.262938,0.0446202,LU
0.701821090241581,0.116043,-0.629595,1.24853914636266,5.78509,-0.0620986,0.0435291,LU
0.5007005380927068,0.174693,-0.53293,1.2939165351752795,0.179386,0.0220792,0.0694969,LU
0.5954528337944031,0.145254,-0.572243,1.2866701208934634,0.416525,0.000613912,0.0531102,LU
0.6484432388886088,0.137584,-0.563833,1.306770829181613,0.563691,0.197259,0.124671,LU
0.5480701886861614,0.160049,-0.528666,1.2957584651469578,2.36913,0.0275525,0.178554,LU
0.5692837023932351,0.152557,-0.542693,1.2893176489911242,2.83519,-0.0320458,0.0961508,LU
0.5475896903192399,0.158661,-0.580834,1.2895619411257453,3.36541,0.0476292,0.108338,LU
0.5917370305832421,0.149002,-0.620516,1.2990919905841927,4.79055,-0.166888,0.118065,LU
0.5647388762320635,0.153349,-0.622786,1.2874898057848847,5.16592,-0.0637423,0.107409,LU
0.6155847166621563,0.144389,-0.558375,1.3043389130130252,5.67886,-0.336356,0.115614,LU
0.5919210945820458,0.14681,-0.578094,1.2897015158555099,5.86768,-0.0152803,0.0414831,LU
0.4995677152579805,0.174675,-0.555064,1.29238539143709,6.08541,0.0542667,0.0553917,LU
0.718895782773714,0.114406,-1.13479,1.2546911970680275,0.121889,0.198784,0.0601381,LU
0.7296398674203036,0.113925,-0.983088,1.2613722686027309,0.362203,-0.092953,0.0766788,LU
0.726307315481042,0.1161,-0.936701,1.270444803995829,5.81504,-0.121317,0.0948042,LU
0.7204825278011,0.114075,-0.982745,1.2542567520248795,5.98626,0.117809,0.0563316,LU
0.7232405059385605,0.11479,-1.15331,1.2605871647767957,6.18943,0.0558603,0.0723729,LU
0.7196407833055948,0.146895,-0.153039,1.4224626532883033,0.0963556,0.0144519,0.029808,LU
0.7296031740108644,0.145548,-0.155362,1.4256928140381433,0.288002,0.0785324,0.0264633,LU
0.7445686891253123,0.143273,-0.160538,1.4289401666969823,0.472598,0.130264,0.0265379,LU
0.7616836366286972,0.138996,-0.164275,1.4235343339730167,0.65032,0.106946,0.0352559,LU
0.7723044966989915,0.136613,-0.164282,1.4210840932189763,0.828154,0.329336,0.057255,LU
0.7721317357855808,0.134454,-0.159362,1.4096524394332102,1.0379,-0.272546,0.211952,LU
0.7031984303752582,0.147823,-0.166996,1.4105530830138935,1.96019,0.24106,0.0770047,LU
0.7116286520498285,0.146817,-0.170864,1.414146385633397,2.36423,0.108634,0.0838141,LU
0.7104840143346989,0.145513,-0.173778,1.4067195882619963,2.7288,0.266575,0.0733567,LU
0.7180961937518978,0.144367,-0.177492,1.4086553872399026,3.20085,0.0349802,0.0850855,LU
0.6966653986597485,0.148928,-0.171245,1.4092231902718604,3.67741,-0.127259,0.128856,LU
0.7821783518502031,0.129211,-0.160286,1.3908558516251783,5.26362,-0.0170134,0.154571,LU
0.7724331045681972,0.135596,-0.163683,1.4159025390188407,5.4523,-0.294424,0.0753994,LU
0.7618139780484496,0.13906,-0.167438,1.4239838482230056,5.62872,-0.0965065,0.0347301,LU
0.746759314760173,0.142866,-0.163157,1.4290066479901344,5.80937,-0.106931,0.0308691,LU
0.7284406112002497,0.145114,-0.157457,1.422431017659556,5.99369,-0.0187838,0.0312942,LU
0.7193018806567724,0.146986,-0.154157,1.4225681003031103,6.18606,-0.0955899,0.0325955,LU
0.5956396032763098,0.191893,-0.182097,1.4791112196180516,0.094015,0.00293917,0.0443714,LU
0.569632872162465,0.198173,-0.18183,1.469938774235172,0.28139,0.00804255,0.0455674,LU
0.5628847529664074,0.201515,-0.177965,1.4734754833386268,0.465416,0.2125,0.0510703,LU
0.5338618903020889,0.209091,-0.174721,1.46171132580958,0.654307,0.242538,0.061729,LU
0.5120184147256259,0.216902,-0.179444,1.457988340145421,0.844025,0.28868,0.080767,LU
0.5206039730016458,0.214473,-0.177194,1.4619062897463708,1.03951,0.0712511,0.0988354,LU
0.549643633368728,0.20348,-0.173466,1.4631233714215626,1.2642,0.42536,0.0532168,LU
0.5446402609514823,0.203002,-0.177788,1.4547370896488478,1.5007,0.451736,0.0510357,LU
0.5545647923039282,0.20059,-0.188483,1.4591847038671972,1.72526,0.214882,0.0793078,LU
0.5723499680902545,0.193539,-0.188697,1.4561112594853458,1.91453,0.200965,0.088152,LU
0.5806332970080971,0.190643,-0.184529,1.4555960978238434,2.13489,0.333614,0.0693445,LU
0.6051647531434826,0.181424,-0.184799,1.4496516823016488,2.35243,0.0383853,0.0977493,LU
0.6202404732648349,0.180408,-0.187104,1.463482148849107,2.57885,0.0736695,0.0903292,LU
0.6060776787519779,0.183704,-0.196907,1.4598321821360152,2.87991,0.160882,0.0764931,LU
0.617713907896014,0.180076,-0.195277,1.4591538644022433,3.33979,-0.0941306,0.0903668,LU
0.5943838602467976,0.188278,-0.197735,1.4635675590829418,3.86395,-0.304386,0.104012,LU
0.5269164693912415,0.215596,-0.191213,1.4745880780746872,4.46151,-0.21955,0.148056,LU
0.6105711182134995,0.192733,-0.179604,1.5008097814180184,5.66095,-0.0221449,0.101016,LU
0.609390574238702,0.190675,-0.183328,1.491331619727819,5.88613,0.0447147,0.0633879,LU
0.6042516606502103,0.190953,-0.183321,1.4861123779849221,6.13516,-0.00338804,0.0383895,LU
0.3657040932687029,0.308398,-0.236003,1.4692651224336606,0.0984499,0.0552195,0.0945899,LU
0.3726853071737412,0.300315,-0.227349,1.46365638043907,0.277188,0.0539578,0.0740562,LU
0.36770125499980744,0.305268,-0.230226,1.4657762448614045,0.479985,0.0413396,0.105902,LU
0.3672896433246643,0.303118,-0.24418,1.4597876557910743,0.675381,0.313602,0.0725278,LU
0.3593068913844819,0.307872,-0.235699,1.4551151157210898,0.938243,0.103809,0.100105,LU
0.3555559008548672,0.316971,-0.249953,1.4687341488506351,1.32815,0.466141,0.0824455,LU
0.35417242965415624,0.317833,-0.245372,1.4678657976804284,5.18953,-0.0434758,0.134186,LU
0.3689872459600568,0.309828,-0.226227,1.4792633301748543,5.63743,-0.162394,0.107186,LU
0.3468218783248985,0.321698,-0.241255,1.461358956588011,5.87175,0.159152,0.0935939,LU
0.367156207658859,0.305946,-0.242834,1.4663151093813362,6.1373,-0.073077,0.0784112,LU
0.6518152613388869,0.153261,-0.264514,1.3827942724787372,0.101037,-0.033155,0.0661352,LU
0.6717339164194052,0.151668,-0.277932,1.396449068172556,0.296362,0.0437502,0.045566,LU
0.7070916175351232,0.148376,-0.298517,1.4170956213325903,0.478125,0.0712709,0.0296723,LU
0.7498454243477085,0.141768,-0.306256,1.4264431289048998,0.654422,0.160004,0.0264228,LU
0.7681900602513297,0.137748,-0.29632,1.4231689991002474,0.823581,0.179854,0.0539101,LU
0.7184707706121576,0.146751,-0.295369,1.4206090243272427,1.99611,-0.0053057,0.102382,LU
0.7248222411187449,0.144763,-0.303447,1.4171767709075676,2.37756,0.387993,0.0639864,LU
0.7288491276660377,0.142693,-0.30504,1.4109110531851397,2.67348,0.0212293,0.0897968,LU
0.7122705210885519,0.145027,-0.301062,1.4061329951323949,2.89958,0.0517483,0.106315,LU
0.7190613522088941,0.146366,-0.299132,1.419327305451424,3.20012,-0.0564642,0.11005,LU
0.733780789994926,0.143012,-0.345654,1.4172579158360696,4.47223,-0.773884,0.13566,LU
0.7688805633021265,0.138227,-0.291735,1.4262818795735994,5.45089,-0.188897,0.0615575,LU
0.7490098086185678,0.141915,-0.306378,1.4263870442485098,5.62885,-0.126506,0.0281065,LU
0.7030702685510429,0.148382,-0.302286,1.413088815326199,5.80645,-0.172939,0.0324533,LU
0.6698537499061477,0.151919,-0.278798,1.3956468034570924,5.98718,-0.101704,0.0463163,LU
0.652035958002223,0.153129,-0.264581,1.3824326385035908,6.17531,-0.11134,0.0698099,LU
0.6131142726134914,0.182314,-0.324723,1.4627166506196612,0.0944952,0.0621024,0.0297776,LU
0.6303893554773103,0.178358,-0.324752,1.4670003408315895,0.281266,0.0659078,0.0312188,LU
0.662023589324731,0.176282,-0.327592,1.4945835540377126,0.460397,0.20115,0.0398701,LU
0.6675720810292162,0.178427,-0.319098,1.5099370847820117,0.630196,0.200399,0.100228,LU
0.5197295180861724,0.222556,-0.299856,1.4879482517883476,1.08709,0.176808,0.108487,LU
0.5375080725202218,0.209741,-0.305728,1.4689724299659268,1.59447,0.294433,0.0797271,LU
0.5320091808182794,0.208298,-0.316467,1.4564031035396758,1.88167,0.249741,0.0852235,LU
0.550409237959316,0.199796,-0.326657,1.4508273501695508,2.1314,0.199409,0.0828238,LU
0.5774339697514939,0.192709,-0.321122,1.4594245441268965,2.3627,-0.201706,0.108981,LU
0.5718672101988325,0.193051,-0.337469,1.453660895807547,2.54735,0.057878,0.0890326,LU
0.5787540852048372,0.191123,-0.330856,1.455067008766263,2.72548,0.0113838,0.087888,LU
0.5769785778662774,0.190352,-0.330086,1.4498999965514863,2.91652,0.00427523,0.0848064,LU
0.5828327016460833,0.188553,-0.325312,1.4503344441886499,3.12618,0.159279,0.0900534,LU
0.5446610819491622,0.199049,-0.337401,1.440531152040802,3.39158,0.0257898,0.0973274,LU
0.5596504465007162,0.196453,-0.332137,1.450665364582749,3.64333,0.175598,0.0859351,LU
0.5422065161725802,0.206192,-0.317528,1.4628431221426308,3.96825,-0.0598139,0.123319,LU
0.6271741329194777,0.182387,-0.342514,1.4796891565460633,4.66208,-0.37776,0.170004,LU
0.6765654162467967,0.174395,-0.348476,1.5028007186583323,5.33958,-0.149014,0.146099,LU
0.7208716023063145,0.165752,-0.329038,1.5122995734972617,5.70242,-0.347884,0.0878006,LU
0.6830359616902288,0.169613,-0.333829,1.4891239035083683,5.87929,-0.127391,0.0419283,LU
0.6307904875173237,0.177336,-0.326357,1.463256641877972,6.12779,-0.0341788,0.0248106,LU
0.3594258435960488,0.309667,-0.396866,1.4595924088594048,0.088664,0.0756978,0.0830051,LU
0.370163775101075,0.305765,-0.383705,1.4718729564741653,0.301548,0.0478776,0.102124,LU
0.3617747721713069,0.316298,-0.37694,1.479949323456719,0.732343,0.3544,0.0709609,LU
0.3706302993137734,0.30762,-0.377983,1.4772609789742637,1.39741,0.38048,0.119134,LU
0.3557008817292301,0.310623,-0.396639,1.4542489470513638,2.05174,-0.163878,0.169927,LU
0.36536235595300226,0.30791,-0.402588,1.4674160964089225,2.59803,0.0435184,0.145391,LU
0.37857593412800206,0.300003,-0.404397,1.4744117471045868,3.23122,-0.344274,0.194108,LU
0.36615134232526164,0.304701,-0.391237,1.4613247414589272,3.90466,-0.55406,0.232943,LU
0.35446715680018803,0.323255,-0.382282,1.4809490200543705,5.89738,-0.195411,0.123328,LU
0.35956744527307033,0.309253,-0.394715,1.4589036979869507,6.19021,-0.0631228,0.0803924,LU
0.6729110610623024,0.150912,-0.59397,1.3941843493598687,0.448263,0.0485477,0.0546952,LU
0.7348715484797995,0.1435,-0.578801,1.4207286862733504,0.59404,0.13168,0.0297515,LU
0.7653352809612393,0.138341,-0.515435,1.4235764819636492,0.757981,0.21003,0.0580285,LU
0.7243193143555294,0.143325,-0.568002,1.4096311574309075,2.46996,0.107849,0.0980986,LU
0.7162663809995924,0.145269,-0.558695,1.4112476749316543,2.90289,0.0599243,0.106496,LU
0.7021826977716006,0.146894,-0.579816,1.4050978613605531,3.33464,0.394992,0.0920524,LU
0.7205014570279266,0.144637,-0.596117,1.412331405867617,4.62242,-0.131486,0.094495,LU
0.7009414812524261,0.145811,-0.586579,1.3986707975789014,5.10079,-0.371466,0.111536,LU
0.7577034462237411,0.140406,-0.538562,1.4269933426614154,5.58351,-0.158364,0.0569257,LU
0.7176254275216623,0.146166,-0.586874,1.416940365717626,5.73986,-0.0250728,0.031452,LU
0.6428718381615397,0.153975,-0.559372,1.3764701231773975,5.88534,-0.39792,0.13502,LU
0.531864537750614,0.205118,-0.569964,1.4450467120477455,0.0961659,0.0346211,0.0421025,LU
0.5854793204992549,0.18822,-0.578311,1.4523394919921444,0.290321,0.138849,0.0351466,LU
0.6602765122420993,0.172808,-0.597047,1.4778294894878774,0.462957,0.0495043,0.0425362,LU
0.6883901982427365,0.171328,-0.587439,1.5024879367236197,0.649409,0.110256,0.107239,LU
0.555250247521823,0.198262,-0.737956,1.4515887847458728,1.09032,0.0711478,0.110568,LU
0.545406543954569,0.204646,-0.563728,1.4616429112474771,1.96279,0.100978,0.133364,LU
0.5598404856172058,0.19769,-0.587917,1.45547243189282,2.34291,0.141417,0.105085,LU
0.5594469538445357,0.197957,-0.575408,1.4559429933895076,2.63877,-0.0384936,0.107105,LU
0.5743998864065899,0.190458,-0.565155,1.44705908656143,2.88914,0.168335,0.0899935,LU
0.5357240843221255,0.204634,-0.592174,1.448568258660944,3.20616,0.148223,0.101312,LU
0.5336388498285415,0.205276,-0.57328,1.4480124308858677,3.56209,-0.0171806,0.10536,LU
0.566902362180557,0.199204,-0.570891,1.4702210718119912,4.02134,-0.385581,0.177245,LU
0.6132342942581108,0.184323,-0.614148,1.470897685088939,4.60635,-0.209154,0.121068,LU
0.5806750470859845,0.191574,-0.628401,1.4591984100868531,4.9391,-0.379335,0.100818,LU
0.5428467713412277,0.199004,-0.654427,1.4379673153448238,5.21422,-0.159063,0.0916762,LU
0.5251874402840404,0.207691,-0.635228,1.4449256036211693,5.46075,-0.223016,0.0835071,LU
0.6777154064795238,0.172565,-0.582676,1.4961650978418124,5.70971,-0.150313,0.0723849,LU
0.6268173932025122,0.178205,-0.590735,1.462210655138308,5.87847,-0.0161398,0.0319415,LU
0.5570520212916344,0.197994,-0.577507,1.4529590496638232,6.10528,-0.0622883,0.028591,LU
0.36565911384740396,0.313831,-0.609302,1.4820593780277496,0.14796,-0.20753,0.117322,LU
0.37298069063177675,0.303212,-0.653881,1.471281754117817,2.29487,0.0774096,0.158036,LU
0.36439661375153676,0.314038,-0.662609,1.4799864864247916,2.72531,-0.0693385,0.178602,LU
0.37879644262788537,0.296161,-0.688178,1.4653668482670132,3.39827,0.135925,0.11264,LU
0.3525432470821491,0.320514,-0.657593,1.470649516370233,6.14207,-0.281703,0.138635,LU
0.72682596838954,0.143423,-1.34646,1.4125508840392265,0.172248,-0.0800591,0.0807517,LU
0.7324355004020263,0.143866,-1.0196,1.4201795661112717,0.415778,0.0589381,0.0682012,LU
0.750427292142859,0.141617,-0.968902,1.4262363058062995,0.624727,0.148787,0.136641,LU
0.7315350986402879,0.14548,-1.0066,1.4272455990473398,4.64078,-0.207461,0.194188,LU
0.7357067295427164,0.144354,-0.926613,1.425759446751099,5.7651,-0.0628537,0.0790805,LU
0.7231170299238016,0.14321,-1.08137,1.407895592719858,5.92087,-0.110957,0.0681173,LU
0.7276224230360339,0.142632,-1.31037,1.409421867291692,6.1476,0.0130041,0.0870621,LU
0.5373019201200601,0.203895,-1.25165,1.448078036571234,0.195831,-0.0278717,0.0645323,LU
0.6205512365252369,0.183298,-1.05438,1.475527024489894,0.387416,0.0187117,0.0637355,LU
0.5416942438619693,0.204704,-1.11044,1.4568665004042065,0.80181,0.128113,0.0840625,LU
0.5681074684742633,0.197791,-1.14589,1.4665537835347193,1.16429,0.11686,0.133467,LU
0.5284338653686838,0.206158,-1.21752,1.4440256230413642,2.60396,0.0650039,0.134623,LU
0.5153547360126277,0.211754,-1.31129,1.4452681412111734,3.19089,0.0574452,0.124838,LU
0.5389324105177844,0.202712,-1.32689,1.4460601647234461,4.57481,-0.0104943,0.147765,LU
0.5386204320195352,0.202649,-1.10407,1.4454168948784292,4.97838,0.0360523,0.125047,LU
0.5698424224992614,0.197374,-1.05293,1.467242311276498,5.61106,0.0759827,0.0922088,LU
0.5938791328315093,0.188855,-1.10161,1.4651859950190624,5.93761,-0.0183127,0.0483487,LU
0.5305499363855508,0.207318,-1.33546,1.4509789798615278,6.12308,0.0083249,0.060034,LU
0.7587322441135398,0.184896,-0.180281,1.6386549362205576,0.093743,0.0116763,0.0350254,LU
0.7637084455646367,0.183302,-0.181784,1.636917835445628,0.283437,0.0143155,0.0332982,LU
0.7699925907174267,0.180468,-0.18397,1.6308831963080619,0.461664,0.0840181,0.0434986,LU
0.77286695481669,0.178407,-0.18822,1.6245676347877918,0.640192,0.0433752,0.086911,LU
0.7172079712243951,0.18438,-0.177148,1.5909588303912832,1.00221,0.0786783,0.120694,LU
0.6957351296172151,0.195044,-0.188859,1.6116389173757253,1.63675,0.253842,0.0737312,LU
0.7210244884657054,0.190334,-0.184097,1.6207374864548547,2.22597,0.32266,0.0649086,LU
0.7191629371509937,0.191681,-0.198219,1.6243614129866542,2.74305,-0.0113255,0.0943609,LU
0.7269543701990325,0.187638,-0.196045,1.6158217723499086,3.31677,-0.115091,0.115246,LU
0.7775490655415526,0.17767,-0.185876,1.6261119272670008,5.63783,-0.140645,0.112677,LU
0.7698567745882825,0.180301,-0.185923,1.629984662504528,5.81656,-0.059704,0.0517021,LU
0.764974474735656,0.183489,-0.180286,1.6391095143400272,5.99971,-0.149684,0.0396479,LU
0.7575708961117439,0.185036,-0.180449,1.6380201463962525,6.18882,-0.0756371,0.0349169,LU
0.5698446838845564,0.260952,-0.217643,1.687089209259546,0.100623,0.0281924,0.0527038,LU
0.5494082528853043,0.266002,-0.212808,1.67251307917158,0.284997,0.0725075,0.0530535,LU
0.5375634736688986,0.268896,-0.216362,1.663361055213209,0.475853,0.208214,0.051634,LU
0.5459429540186034,0.266032,-0.210971,1.6673242036268772,0.65683,0.273676,0.0521684,LU
0.553400183125671,0.261555,-0.206998,1.6644879092381537,0.844693,0.247133,0.0665796,LU
0.5594812798848435,0.25822,-0.208778,1.6629040862298703,1.03623,0.257047,0.0750758,LU
0.574170256104978,0.254866,-0.212268,1.6736158460052892,1.22565,0.249813,0.0753929,LU
0.5821991002498238,0.249736,-0.208659,1.6682296005046786,1.40719,0.456992,0.058722,LU
0.5957776284721392,0.24401,-0.211906,1.668112706024386,1.68752,0.498534,0.055594,LU
0.5892833382912646,0.248803,-0.223847,1.6752104345424785,2.11161,0.342191,0.0685136,LU
0.5933812495144887,0.249565,-0.23565,1.6835973390332974,2.67165,0.0419558,0.102754,LU
0.5716721764377661,0.256624,-0.244342,1.6757207404576695,3.23786,-0.151178,0.109172,LU
0.5468738191966999,0.26631,-0.243037,1.6696167224845349,3.88488,-0.113908,0.126171,LU
0.5593157659533543,0.257863,-0.218092,1.6615083508667658,4.60413,-0.580404,0.154738,LU
0.5221926525487077,0.276821,-0.220475,1.663391114560854,5.13466,-0.373527,0.0932353,LU
0.5212951676281296,0.277485,-0.209057,1.6639531243397454,5.5969,-0.360416,0.0838705,LU
0.5389302930608937,0.272557,-0.215599,1.6767736877706545,5.81457,-0.364693,0.0938095,LU
0.5501571779811959,0.267033,-0.210471,1.6768929602094464,6.00135,-0.114714,0.0628445,LU
0.5617150151717617,0.265936,-0.221089,1.6909316958410827,6.18726,-0.255481,0.0701794,LU
0.38582733610278813,0.383648,-0.308571,1.683226069189757,0.098589,0.131694,0.0996674,LU
0.3909997074973365,0.381133,-0.306579,1.6889079311791984,0.318227,0.0884076,0.105262,LU
0.39374651928273935,0.379809,-0.309798,1.6918835657337652,0.520595,0.0388802,0.116598,LU
0.3807836516609589,0.384287,-0.317305,1.6735799951003238,0.80964,0.207393,0.102956,LU
0.3926347170634613,0.381611,-0.317673,1.693496383226135,1.25886,0.0553246,0.122873,LU
0.3788136940285037,0.394057,-0.326117,1.6903313284678836,1.85244,0.555882,0.100086,LU
0.39742534571485855,0.377011,-0.320073,1.693496383226135,3.83797,-0.108496,0.178505,LU
0.37805340025990164,0.401404,-0.322464,1.7043033767495739,4.41092,0.0335076,0.175474,LU
0.3664040597274125,0.399963,-0.322812,1.6748253640305308,5.05205,-0.226327,0.172983,LU
0.3835080364561302,0.381365,-0.302705,1.673158689425483,5.52833,0.0849847,0.104006,LU
0.3802549969790399,0.385963,-0.309227,1.6760608580836198,5.88875,-0.135714,0.113728,LU
0.384960959315167,0.382131,-0.310418,1.6780077473003514,6.15947,0.0439917,0.103552,LU
0.7048188514735356,0.195602,-0.311717,1.6244445204438347,0.0954499,0.14309,0.0358677,LU
0.7201082774848832,0.193862,-0.31858,1.6346498095922564,0.289529,0.0951029,0.0340945,LU
0.7499059164867664,0.188019,-0.322477,1.6427963963924441,0.471858,0.139608,0.0296287,LU
0.7684406861007346,0.181855,-0.325861,1.635487694848237,0.640881,0.153944,0.0405486,LU
0.767048588114553,0.177672,-0.3235,1.6151037118402025,0.851202,0.311101,0.122325,LU
0.7196940189346283,0.192672,-0.31922,1.6291562233254366,1.74323,0.265784,0.0767745,LU
0.7233191688980759,0.191403,-0.318842,1.6278667021596087,2.24479,0.335962,0.064942,LU
0.7203938497908735,0.190109,-0.317698,1.6190707211236943,2.59851,-0.033104,0.099227,LU
0.7171236418361691,0.190753,-0.321307,1.6181254586712366,2.93788,0.0856304,0.0872671,LU
0.7117860970546342,0.191939,-0.32564,1.617096162879623,3.4552,0.0240557,0.102742,LU
0.727625764319398,0.195167,-0.34073,1.6486812912142843,4.03343,-0.444091,0.166651,LU
0.7275021120567594,0.190905,-0.361293,1.6304416579565182,4.69299,-0.12967,0.102148,LU
0.7687791343975152,0.178778,-0.322963,1.6219494443415923,5.48769,-0.318817,0.0825189,LU
0.7618016609830165,0.183732,-0.333204,1.6367895405335409,5.69687,-0.0442793,0.0366096,LU
0.7391051597156414,0.189842,-0.323663,1.6388105442667862,5.86946,-0.10433,0.0317591,LU
0.7118109984637863,0.19531,-0.313129,1.6312633141219108,6.11338,-0.0468691,0.0300341,LU
0.637997186879003,0.23925,-0.358115,1.709286400811754,0.0910332,0.0785074,0.0429653,LU
0.617288126372422,0.246932,-0.365969,1.7080954305892866,0.283182,0.0920092,0.0460792,LU
0.5989618278513235,0.255145,-0.36312,1.7103011430739323,0.469244,0.237835,0.0504992,LU
0.5545447078921645,0.267561,-0.362746,1.6852299546352716,0.645123,0.179849,0.0715418,LU
0.5335251594552222,0.275331,-0.347989,1.67681245224384,0.901268,0.405792,0.0636323,LU
0.5630573949507024,0.261867,-0.345421,1.6799494040000134,1.26214,0.427738,0.0609932,LU
0.573218792850328,0.258788,-0.345231,1.685045993437568,1.56458,0.336794,0.075706,LU
0.5802109263761674,0.253339,-0.353729,1.6773490990250062,1.8182,0.34717,0.0703325,LU
0.5898847578957169,0.252069,-0.356445,1.6870299345299122,2.06575,0.155353,0.0947896,LU
0.5736329160073876,0.254949,-0.36059,1.67310489808619,2.37009,0.243799,0.0792064,LU
0.5864209598737788,0.253263,-0.368302,1.686048635122961,2.60848,-0.0841826,0.119734,LU
0.5910814189172547,0.250247,-0.359038,1.6826259239652763,2.82718,0.0410112,0.108231,LU
0.5668405501075393,0.256898,-0.364506,1.6695148996040736,3.08471,0.107844,0.0939725,LU
0.5685068301277849,0.25931,-0.378198,1.6797976068562546,3.31796,-0.0159166,0.104201,LU
0.5661154731915212,0.256713,-0.377501,1.667845916144534,3.70666,-0.0914631,0.116625,LU
0.5489659084240538,0.266814,-0.366956,1.6743894409604954,4.19559,-0.0687162,0.103379,LU
0.6073290137846873,0.248767,-0.375033,1.7005440305972674,4.80952,-0.29739,0.108798,LU
0.6645869566041378,0.238204,-0.379187,1.740723987311027,5.58259,-0.170878,0.106107,LU
0.669071427275739,0.235369,-0.363514,1.7361624347969289,5.87915,-0.0327145,0.06635,LU
0.6359214416092618,0.241504,-0.358294,1.714523257351734,6.13525,0.00587702,0.0336685,LU
0.38867140212639784,0.384802,-0.485335,1.6919574462733984,0.124804,-0.10564,0.102247,LU
0.3974391311404652,0.377412,-0.466731,1.6944261565497625,0.449994,0.336631,0.0654903,LU
0.4004314174493886,0.373835,-0.455236,1.6927137974270783,0.833037,0.219809,0.0957939,LU
0.4013367253713566,0.379097,-0.466055,1.7065110606146097,1.39596,0.129282,0.162541,LU
0.37787865300101026,0.391277,-0.47304,1.6822782171804995,1.97799,0.177901,0.133356,LU
0.38633555088497407,0.38837,-0.493997,1.694668109099832,2.52508,-0.0185757,0.177002,LU
0.3764235644139021,0.385242,-0.499069,1.666037214470313,3.9255,-0.316461,0.253284,LU
0.38460712489374843,0.380862,-0.454223,1.6744491631578429,5.19226,-0.241717,0.186435,LU
0.39227956199411984,0.38122,-0.461134,1.691862878604528,5.75443,-0.139862,0.12032,LU
0.3924183607895839,0.380076,-0.479556,1.6896212593359496,6.13917,-0.159634,0.0909607,LU
0.6544425444320479,0.2021,-0.525025,1.591103390732356,0.260415,0.15354,0.0671879,LU
0.7234068646512228,0.19205,-0.606507,1.630714567298643,0.484122,0.157046,0.0360082,LU
0.763556059784224,0.183199,-0.577173,1.6362945945030802,0.636328,0.0708785,0.0500906,LU
0.726204427478181,0.190126,-0.583694,1.6256598660236403,2.34263,0.231829,0.0993209,LU
0.7239505196239681,0.188418,-0.609658,1.6158279611394277,2.89836,0.0930666,0.107961,LU
0.720429894514696,0.192291,-0.575611,1.6283764920926609,3.52998,-0.0268148,0.134803,LU
0.7367002304511938,0.187969,-0.59922,1.6280509820027136,4.30172,-0.241036,0.1515,LU
0.7291290948339322,0.189564,-0.632621,1.6265208267956486,4.7535,-0.125454,0.0935874,LU
0.7466378004468894,0.184109,-0.569023,1.6220789130002276,5.43794,-0.136562,0.106926,LU
0.7529317706991643,0.185834,-0.584891,1.6365145889969939,5.70276,-0.100586,0.041228,LU
0.6978078020297108,0.195709,-0.582413,1.6167869371070511,5.85795,-0.00935985,0.0426156,LU
0.6496241747858611,0.203369,-0.504511,1.590204389378925,6.0753,-0.259811,0.0896178,LU
0.6090217995594077,0.242509,-0.608022,1.6813565951338223,0.0918737,-0.034697,0.0395356,LU
0.6343202476996739,0.234187,-0.615785,1.6862235913425005,0.278558,0.0934845,0.041578,LU
0.6991733703062707,0.225104,-0.620987,1.7356554957709782,0.460919,-0.000849172,0.0588296,LU
0.6379159108883179,0.243038,-0.637258,1.722654927720581,0.791567,0.438559,0.0844896,LU
0.5616446986500244,0.269012,-0.623956,1.7005763728806773,1.56121,0.401293,0.0930305,LU
0.5634279416841297,0.258199,-0.601082,1.6686911038295853,2.07901,0.235735,0.0946852,LU
0.5493095608798072,0.263712,-0.626002,1.6651486420136792,2.53156,0.136015,0.101198,LU
0.5777824374504184,0.251362,-0.627305,1.6672912163146545,2.82112,0.10617,0.100363,LU
0.5502724999875334,0.263204,-0.644942,1.6650015015008244,3.18485,0.0225519,0.110729,LU
0.533563443753427,0.268368,-0.622779,1.6555331467536372,3.61065,-0.0898755,0.117582,LU
0.5802200143568297,0.258544,-0.614079,1.6945058276677598,4.17425,-0.12863,0.129383,LU
0.5942230373556434,0.249324,-0.665915,1.683977434528147,4.78224,-0.453458,0.0995028,LU
0.5804528799839106,0.251868,-0.654088,1.672820970695908,5.23287,-0.319984,0.105581,LU
0.5807032826988242,0.256758,-0.65915,1.6893460273135281,5.5362,-0.12087,0.0991151,LU
0.7091345973788626,0.223134,-0.634441,1.74031031715611,5.76543,-0.141204,0.0731315,LU
0.6603593240482878,0.22744,-0.633615,1.695520569028875,5.93956,0.0147439,0.039943,LU
0.6107905147317799,0.240315,-0.612291,1.6761622833126868,6.15556,0.00049997,0.0339391,LU
0.38640344278135763,0.391229,-0.717932,1.7010437972021766,0.26874,0.423499,0.0679473,LU
0.3823736461484802,0.402181,-0.732725,1.7156718800516606,0.902319,0.0775368,0.181839,LU
0.36604141263802953,0.401434,-0.740731,1.6770718529627764,1.60688,0.674695,0.0917888,LU
0.37389535348516245,0.404296,-0.77419,1.7009997060552362,2.19086,-0.442036,0.250849,LU
0.4072499269882112,0.372887,-0.759324,1.7048988239775404,2.77136,-0.117168,0.194888,LU
0.39638129841164493,0.378667,-0.775114,1.6949808258502512,3.44636,0.0988903,0.158318,LU
0.38636701240888105,0.385803,-0.758403,1.6891269934495747,4.1111,0.34059,0.130906,LU
0.3917219309760052,0.387531,-0.700193,1.7045967265016087,6.07162,-0.11512,0.0966181,LU
0.5345963749726953,0.275222,-1.27546,1.6781626857965828,0.138191,0.0763109,0.0678466,LU
0.6420527737510325,0.236056,-1.18929,1.7032263501954166,0.35245,0.0580808,0.0602879,LU
0.6055676747499366,0.248325,-1.17695,1.6965671221616905,0.616379,-0.0637202,0.106175,LU
0.557651012575401,0.263245,-1.49393,1.6762577367457547,1.14835,0.0330118,0.127813,LU
0.5413136515553211,0.268476,-1.1526,1.6678489140206916,2.50772,0.0764736,0.145416,LU
0.543554043952917,0.264756,-1.31685,1.6596776795510626,3.02426,-0.185095,0.13422,LU
0.5316191183456614,0.277694,-1.23004,1.6809818559401526,3.61871,0.217827,0.119907,LU
0.5938798050671856,0.253484,-1.5499,1.6974775403521545,4.45122,-0.392929,0.228327,LU
0.5703500178807659,0.259159,-1.3662,1.6820285372133257,4.86438,0.0457497,0.125782,LU
0.5384704859390875,0.271738,-1.26952,1.6735381680738566,5.3641,-0.129018,0.10996,LU
0.6242677108696916,0.241971,-1.21391,1.7003823099526765,5.79563,0.00139381,0.0734351,LU
0.5912195922169401,0.249372,-1.2158,1.6798779717586632,5.9887,-0.0868313,0.0516797,LU
0.525321962690955,0.278622,-1.28478,1.6737861273173462,6.1888,-0.044697,0.0971339,LU
0.7187895009648347,0.256867,-0.226441,1.8798989334536045,0.0860084,0.00909785,0.0718643,LU
0.6981476649712564,0.265326,-0.229585,1.882968401221858,0.280645,0.0765629,0.0916151,LU
0.676901657239211,0.274509,-0.237676,1.8859082692432312,0.461017,-0.080779,0.12423,LU
0.641545602098806,0.293416,-0.242324,1.898170171507286,0.67666,0.0938286,0.0920213,LU
0.63912775628517,0.296223,-0.242247,1.9036307415042446,0.964781,0.254069,0.0836062,LU
0.6839083031215104,0.278662,-0.245795,1.909929318063891,1.33311,0.292508,0.0675501,LU
0.6899524908995305,0.278519,-0.245363,1.9178581803668382,1.68026,-0.0380433,0.105861,LU
0.6969078426648514,0.271401,-0.252022,1.902711223491363,2.1698,0.246959,0.121535,LU
0.6883913874683656,0.282729,-0.251906,1.9301113957489604,2.85581,-0.136657,0.121891,LU
0.6747959876076601,0.291317,-0.257856,1.9397628721057634,4.76792,-0.214695,0.152175,LU
0.6270849123074324,0.296254,-0.239778,1.8857094155781267,5.39873,-0.312336,0.164617,LU
0.7017378135320037,0.261642,-0.227298,1.8746519676996047,5.84219,-0.0767539,0.0920482,LU
0.7096450206730137,0.259002,-0.224577,1.8756492209365803,6.13598,0.168548,0.0519336,LU
0.5236492209531791,0.404529,-0.338423,2.0136062177099077,0.0944026,3.35106e-05,0.0827323,LU
0.5132424096728976,0.409185,-0.345942,2.004936407969091,0.281402,0.314291,0.0846564,LU
0.511250060994605,0.408185,-0.343673,1.9985945061467572,0.480585,0.0940388,0.0844622,LU
0.5235611558575851,0.393378,-0.331881,1.9854923822568546,0.657211,0.226174,0.110955,LU
0.5174034017149972,0.409489,-0.33701,2.0137949250109854,0.84655,-0.0946389,0.134426,LU
0.5340501766250904,0.400502,-0.322876,2.0233585940213366,1.04517,0.213834,0.11108,LU
0.5194850496331636,0.415415,-0.348218,2.0323902184373943,1.24951,0.375281,0.0765158,LU
0.49975357998233144,0.419762,-0.347673,2.0038213493223394,1.49876,-0.0571195,0.174045,LU
0.5104532040235644,0.421142,-0.351816,2.0284846560918326,1.82024,0.182147,0.110181,LU
0.5161995189773838,0.421735,-0.352786,2.0413059545300896,2.23849,0.503252,0.0792938,LU
0.5581774858017827,0.390402,-0.327795,2.0423099666798867,2.984,-0.192655,0.153734,LU
0.4976371262415459,0.429376,-0.375542,2.0223427009288018,3.65557,-0.150663,0.197222,LU
0.5182441627031394,0.427642,-0.365887,2.0596188967864903,4.21018,-0.141813,0.13907,LU
0.4958440902390017,0.435786,-0.370372,2.033708435346621,4.78599,-0.315948,0.128779,LU
0.4944104583508485,0.431503,-0.36226,2.0207622324261703,5.19603,-0.229825,0.128785,LU
0.5259336240718566,0.397967,-0.321181,2.00155939207409,5.5765,-0.171718,0.128574,LU
0.5209634106002562,0.403253,-0.335177,2.005265568447232,5.80907,-0.203184,0.135252,LU
0.5278737352196071,0.396152,-0.324252,2.0006698878125797,6.00468,0.0355288,0.0891898,LU
0.5251086666361292,0.405893,-0.339786,2.019806921465515,6.18824,0.0271083,0.107962,LU
0.7508604566418791,0.260762,-0.375851,1.9358925590021776,0.0948156,0.0373978,0.0375787,LU
0.7531811163418498,0.257648,-0.371534,1.9272700900496538,0.279266,0.0653471,0.0396216,LU
0.7441732868201157,0.253365,-0.377615,1.8997210321518263,0.455702,0.0499035,0.0520882,LU
0.6913201470954944,0.266543,-0.373827,1.8780308836651223,0.64683,0.197284,0.11106,LU
0.6470248121435532,0.296078,-0.377277,1.9148864196082231,0.981905,0.241219,0.0742343,LU
0.6983506440755408,0.284931,-0.371355,1.95157884800999,1.32511,0.246178,0.0762712,LU
0.6951196519566056,0.284063,-0.381352,1.9440910472506168,1.58708,0.249966,0.0812607,LU
0.7098715566587751,0.275149,-0.380318,1.9335407934667423,1.96068,0.294239,0.0686309,LU
0.68188156296236,0.281431,-0.38091,1.9165489818942798,2.41686,0.111382,0.0970948,LU
0.7051436414291087,0.274374,-0.375194,1.9243752232867684,2.88839,0.077052,0.0850444,LU
0.6783538319327105,0.283255,-0.395887,1.9177695377703756,3.31259,0.0419381,0.0899197,LU
0.682432865026569,0.280889,-0.37489,1.915476442037333,3.89814,-0.176937,0.129611,LU
0.7120698833775331,0.273064,-0.37454,1.929181173451576,4.58101,-0.160944,0.112864,LU
0.6893456450713294,0.286891,-0.40772,1.9456130139367387,5.1002,-0.237468,0.10075,LU
0.761762498451034,0.24391,-0.370211,1.8858366843393413,5.69376,-0.211262,0.10007,LU
0.7671122186261095,0.250208,-0.381202,1.9167237672653825,5.88131,-0.129254,0.0572682,LU
0.7502392364413523,0.260636,-0.376956,1.9346239944754122,6.12989,-0.140436,0.0313996,LU
0.5212362721386496,0.396172,-0.5003,1.9881021100537064,0.0939881,0.0498468,0.0839981,LU
0.5040251879665407,0.403767,-0.510288,1.9736539716981798,0.28881,-0.0354157,0.0996355,LU
0.5285144640526727,0.395563,-0.492573,2.0003949610014518,0.474413,0.282301,0.0721741,LU
0.5482558054781814,0.38427,-0.488215,2.008118522398516,0.686644,0.332003,0.0693032,LU
0.5297600991697409,0.397626,-0.49754,2.0079666331889086,0.934997,0.113569,0.0978344,LU
0.5352866771322644,0.402378,-0.503236,2.0304383763118743,1.32289,0.452099,0.0686252,LU
0.5280728301278595,0.404418,-0.515159,2.021816015368362,1.83509,0.276031,0.0968645,LU
0.5142356381943705,0.41077,-0.534455,2.0107585633287752,2.32602,0.28401,0.0968227,LU
0.5699941505616658,0.38316,-0.492217,2.04458308708646,3.10605,0.256107,0.111466,LU
0.5036743212092724,0.414951,-0.525797,2.000104997243895,3.57919,0.0303533,0.138921,LU
0.5396108039241846,0.39351,-0.481012,2.0160332338530536,4.23115,-0.148224,0.138077,LU
0.524165391942113,0.412831,-0.514609,2.035165840908303,4.93317,-0.29156,0.139391,LU
0.5000941450226845,0.42548,-0.532595,2.018110502425474,5.56449,-0.203253,0.101796,LU
0.5174798279722065,0.402114,-0.51595,1.99572543201714,5.91986,-0.126303,0.113622,LU
0.5252066340813405,0.39906,-0.504119,2.0029203678628864,6.15824,-0.0249437,0.0743658,LU
0.7024407827492074,0.287164,-0.638865,1.9649402026524878,0.0928857,0.0734173,0.0408564,LU
0.7298738883459054,0.278299,-0.626341,1.9717834566706356,0.286377,0.021175,0.0379933,LU
0.7542810131917262,0.2629,-0.642614,1.948235098749635,0.462779,0.128221,0.0397273,LU
0.743308667415822,0.256183,-0.612718,1.9091464061197612,0.659999,0.255115,0.0831915,LU
0.6683529507431865,0.293568,-0.638461,1.937924147122379,1.32135,0.450857,0.0929198,LU
0.6983612531553139,0.284403,-0.644727,1.949784603488293,1.93086,0.300586,0.0993069,LU
0.6822950892036618,0.285831,-0.660097,1.9320584877275326,2.52899,-0.111614,0.106282,LU
0.6940701592324036,0.285106,-0.655051,1.9461860137201685,3.02604,0.145767,0.100373,LU
0.6643616216988706,0.287434,-0.657654,1.911836813119781,3.67671,0.11351,0.116345,LU
0.7174146623660902,0.271771,-0.651497,1.9318177967914054,4.38559,-0.229764,0.139703,LU
0.7056692543723726,0.27702,-0.651162,1.9343526048784383,4.86209,-0.0430121,0.0939898,LU
0.693623735925499,0.276144,-0.665295,1.914737579930994,5.41576,-0.287994,0.0877474,LU
0.7624272897431821,0.254483,-0.64048,1.9271170177236254,5.76663,-0.158315,0.0499859,LU
0.7386137509629559,0.271905,-0.639794,1.9606351011853276,5.93014,-0.121095,0.0395727,LU
0.7068472274335066,0.286161,-0.641565,1.967648342565307,6.14666,0.00338064,0.0347783,LU
0.5554337957616561,0.400716,-0.776407,2.0640203487369013,0.083763,0.0484245,0.0960897,LU
0.5357051696641327,0.409379,-0.793396,2.048826493385909,0.274663,0.242801,0.0780425,LU
0.5242282745615929,0.407647,-0.766477,2.022468788387104,0.474265,0.0249318,0.10788,LU
0.5218185288718171,0.411609,-0.762544,2.027597100017654,0.813648,0.253094,0.0905475,LU
0.5184109109331428,0.407505,-0.769143,2.0108654853072596,1.4513,0.115324,0.1277,LU
0.5198093836761974,0.414204,-0.771011,2.030059112439832,1.97419,0.0965134,0.124627,LU
0.5192066010571509,0.400994,-0.773797,1.9962665152729482,2.43335,-0.0613049,0.158021,LU
0.5363227089470681,0.388752,-0.78881,1.9976936702107257,2.92453,-0.00829656,0.128987,LU
0.5310772740888576,0.400502,-0.800276,2.0177190091784336,3.5044,0.142732,0.117182,LU
0.48728470397101903,0.427872,-0.828256,1.997688664431973,4.13375,-0.599993,0.199453,LU
0.5290639409664857,0.411822,-0.805062,2.0421532753444342,4.75308,-0.596868,0.197804,LU
0.5460339471228892,0.395172,-0.784029,2.032274587746449,5.36806,-0.228192,0.124662,LU
0.5347027988103282,0.416047,-0.781972,2.06351157011537,5.9578,-0.18235,0.101902,LU
0.5346870033883696,0.411121,-0.796572,2.051228899952416,6.18774,-0.0878935,0.0936287,LU
0.6647814458285504,0.292437,-1.4571,1.9290127008394735,0.246333,0.130053,0.0538751,LU
0.743346215661768,0.270836,-1.17258,1.963035914088176,0.458685,0.179863,0.0561623,LU
0.7049496696424876,0.277242,-1.32154,1.9341406360448559,0.854298,-0.0336346,0.119711,LU
0.6755786118845045,0.291998,-1.41509,1.9431546515910667,2.75832,-0.0455624,0.168256,LU
0.7114207420546766,0.277737,-1.50179,1.9447313439136007,4.65304,-0.337294,0.167677,LU
0.6754879645728553,0.289498,-1.48222,1.9346886054349934,5.19612,0.100837,0.10286,LU
0.7480556406302464,0.266433,-1.19783,1.9531717794397911,5.76785,-0.313852,0.0755232,LU
0.6924169728636488,0.284418,-1.25979,1.9415200230747043,5.92679,-0.0910101,0.0574563,LU
0.6531167188548569,0.292774,-1.78095,1.9131152605109814,6.13343,0.0248133,0.0874726,LU
0.5844334370806307,0.379909,-1.38966,2.061516432144066,0.121355,-0.0031007,0.0960991,LU
0.6032701818875513,0.381812,-1.92134,2.099714266275295,0.418126,0.268048,0.0896413,LU
0.5178601851138325,0.425329,-1.92825,2.053280302345493,1.19415,-0.0239659,0.186465,LU
0.4966675788220013,0.439209,-1.7851,2.0433746597234683,1.82937,-0.236754,0.208639,LU
0.5213451602197234,0.419707,-1.48465,2.0465165525839266,2.436,-0.00386315,0.197044,LU
0.5492712160190774,0.397672,-1.42844,2.0447273656896168,3.11643,0.0167206,0.172997,LU
0.5146076347065344,0.421467,-1.62498,2.037508282191756,3.66171,0.191874,0.12516,LU
0.508547220845113,0.418984,-1.73086,2.01949993810349,4.31577,-0.457244,0.295932,LU
0.5141767583698333,0.424083,-1.6501,2.0429659811166703,4.98574,-0.329872,0.19744,LU
0.5252510202352682,0.40243,-1.65303,2.011444754399186,5.58503,-0.169693,0.115958,LU
0.6031905680000617,0.375097,-1.61137,2.0810309944832635,6.08321,-0.080988,0.0782852,LU
0.6631416349185663,0.469464,-0.439605,2.4410899205068213,0.201558,0.0774504,0.113898,LU
0.6570314853674294,0.469466,-0.451156,2.429823038824021,0.518179,-0.082027,0.121923,LU
0.6765424563786162,0.445298,-0.388928,2.4013329631685814,0.899532,0.245013,0.0922816,LU
0.6645224065444668,0.447387,-0.395466,2.385481083555265,1.27677,0.163176,0.107887,LU
0.6540811243062747,0.460628,-0.423708,2.4014329055795,1.79142,0.215279,0.0966399,LU
0.6635656011773354,0.469975,-0.460746,2.443198722985914,2.40283,0.00530533,0.147682,LU
0.6632454290676922,0.465348,-0.423441,2.4305554920634913,4.95016,-0.193446,0.11681,LU
0.6598785296418825,0.465477,-0.429166,2.424714416173583,5.58766,-0.223748,0.104584,LU
0.6556091082489618,0.460129,-0.400206,2.4029336237191408,6.10377,-0.0914943,0.109791,LU
0.650455087006426,0.459224,-0.603023,2.391114802764602,0.304525,0.0775522,0.100394,LU
0.6558132094847022,0.456479,-0.600956,2.3937564621322696,0.855436,0.413535,0.0694137,LU
0.680962284242681,0.454361,-0.60573,2.433557067339905,1.52046,0.369131,0.0716808,LU
0.6495399373497375,0.472273,-0.645867,2.423142587632845,2.05598,0.349085,0.128643,LU
0.684174530908798,0.457234,-0.605554,2.4469899877196064,2.76736,0.029331,0.151646,LU
0.6858353367234926,0.444212,-0.591555,2.414818833784431,4.6774,-0.472629,0.154739,LU
0.6568214019602863,0.461837,-0.616441,2.4096140769841132,5.26217,-0.152555,0.151916,LU
0.6475443058341854,0.451709,-0.598152,2.3661572221642415,5.98261,-0.170389,0.13422,LU
0.73031876472854,0.396205,-0.812003,2.353399668564607,0.111275,0.0513152,0.0898513,LU
0.6812860914847279,0.429388,-0.84066,2.366296684695307,0.443541,0.112426,0.0919728,LU
0.6678421540208357,0.45765,-0.844229,2.418706265754484,1.12431,0.0740115,0.141705,LU
0.6649779069886106,0.469867,-0.892812,2.4455163054046483,1.66834,0.297,0.123774,LU
0.6480445162965602,0.466482,-0.891138,2.40546669068603,2.2459,-0.130885,0.200687,LU
0.680468205995588,0.46449,-0.88094,2.459640217592809,3.54378,0.0112543,0.151725,LU
0.7299657151663209,0.393503,-0.818696,2.344794234042723,6.10577,-0.200763,0.0960178,LU
0.7169039639833056,0.42962,-1.84477,2.428019769277013,0.196675,-0.0462211,0.0943194,LU
0.6785660413340872,0.447658,-2.3997,2.411285963961969,0.628694,-0.0349884,0.144159,LU
0.665201368416498,0.481677,-2.56913,2.4764753178661,1.27317,-0.162325,0.239178,LU
0.6836044405013902,0.440237,-1.95673,2.4000770820954895,4.46427,-0.322069,0.219937,LU
0.6670326177748566,0.473094,-2.22563,2.457687937879828,5.05513,-0.125249,0.197941,LU
0.712335923810188,0.433561,-1.92996,2.431347363089034,5.85814,-0.050524,0.0973697,LU
0.6909097464863697,0.446192,-1.94132,2.4291315320500866,6.15582,0.239287,0.0957501,LU
