0.8025067123469843,0.1342,-0.1337,1.0798611021793496,0.34951614534588044,-0.0429,0.16474803498652127,LU
0.8025067123469843,0.1342,-0.1337,1.0798611021793496,0.8813249497455606,0.1739,0.044266899023085005,LU
0.8025067123469843,0.1342,-0.1337,1.0798611021793496,1.3374300978399867,0.1724,0.02349068964504874,LU
0.8025067123469843,0.1342,-0.1337,1.0798611021793496,1.7961829104096885,0.2083,0.0256831528625287,LU
0.8025067123469843,0.1342,-0.1337,1.0798611021793496,2.369183230485687,0.1274,0.028293231501191392,LU
0.8025067123469843,0.1342,-0.1337,1.0798611021793496,2.8497247334372853,0.0684,0.03069450199824081,LU
0.8025067123469843,0.1342,-0.1337,1.0798611021793496,3.428715023506128,-0.0414,0.029337262726778467,LU
0.8025067123469843,0.1342,-0.1337,1.0798611021793496,3.9094834192604866,-0.1489,0.029546067707564756,LU
0.8025067123469843,0.1342,-0.1337,1.0798611021793496,4.466527939314752,-0.1987,0.02380389855296819,LU
0.8025067123469843,0.1342,-0.1337,1.0798611021793496,4.951996506744731,-0.202,0.02516115477801319,LU
0.8025067123469843,0.1342,-0.1337,1.0798611021793496,5.412676162808634,-0.2089,0.0437448957662674,LU
0.8025067123469843,0.1342,-0.1337,1.0798611021793496,5.898910929780239,0.1025,0.20849291638537806,LU
0.7151177345758719,0.1763,-0.1346,1.1683749398202616,0.3035686074578777,0.1082,0.023699495200531256,LU
0.7151177345758719,0.1763,-0.1346,1.1683749398202616,0.7581989523343687,0.1601,0.02035859654298439,LU
0.7151177345758719,0.1763,-0.1346,1.1683749398202616,1.3150043622811116,0.2806,0.02704040477732247,LU
0.7151177345758719,0.1763,-0.1346,1.1683749398202616,1.8007888343057012,0.2495,0.03152971416301772,LU
0.7151177345758719,0.1763,-0.1346,1.1683749398202616,2.377948273989202,0.1064,0.04395369729886868,LU
0.7151177345758719,0.1763,-0.1346,1.1683749398202616,2.843567211836249,0.0681,0.04468452593820819,LU
0.7151177345758719,0.1763,-0.1346,1.1683749398202616,3.4459780751376043,-0.0966,0.04478891722201,LU
0.7151177345758719,0.1763,-0.1346,1.1683749398202616,3.9062755040953205,-0.1754,0.04238763235758473,LU
0.7151177345758719,0.1763,-0.1346,1.1683749398202616,4.485937745926182,-0.2777,0.03059010439276865,LU
0.7151177345758719,0.1763,-0.1346,1.1683749398202616,4.980372069723655,-0.2455,0.026831593762213248,LU
0.7151177345758719,0.1763,-0.1346,1.1683749398202616,5.513484635074575,-0.1556,0.019314565604745683,LU
0.7151177345758719,0.1763,-0.1346,1.1683749398202616,5.963355467080877,-0.077,0.02683158686585661,LU
0.8131200991286185,0.1767,-0.1376,1.2472770341828636,0.3421107133296685,0.1643,0.060762585031251065,LU
0.8131200991286185,0.1767,-0.1376,1.2472770341828636,0.8439923570454019,0.1782,0.024325916177197707,LU
0.8131200991286185,0.1767,-0.1376,1.2472770341828636,1.30933204221213,0.189,0.020254192615852377,LU
0.8131200991286185,0.1767,-0.1376,1.2472770341828636,1.79196619493687,0.1346,0.025056734471994073,LU
0.8131200991286185,0.1767,-0.1376,1.2472770341828636,2.3671813378336495,0.1834,0.03205173954561632,LU
0.8131200991286185,0.1767,-0.1376,1.2472770341828636,2.855124782142956,0.0389,0.0341398025714854,LU
0.8131200991286185,0.1767,-0.1376,1.2472770341828636,3.4397175791107006,-0.0045,0.034244205349226606,LU
0.8131200991286185,0.1767,-0.1376,1.2472770341828636,3.916972627080794,-0.1473,0.03257375142289093,LU
0.8131200991286185,0.1767,-0.1376,1.2472770341828636,4.48256751514058,-0.2061,0.023803897116229437,LU
0.8131200991286185,0.1767,-0.1376,1.2472770341828636,4.9874912677425405,-0.1975,0.020358597692375573,LU
0.8131200991286185,0.1767,-0.1376,1.2472770341828636,5.4360653201146105,-0.0978,0.02443031751819859,LU
0.8131200991286185,0.1767,-0.1376,1.2472770341828636,5.93115239705233,-0.1831,0.0699500559084842,LU
0.6466103167358993,0.235,-0.1465,1.2826924806827238,0.26650479546252615,0.1031,0.019940985144671287,LU
0.6466103167358993,0.235,-0.1465,1.2826924806827238,0.7518110472720695,0.177,0.021611436197532915,LU
0.6466103167358993,0.235,-0.1465,1.2826924806827238,1.2875817490737766,0.2587,0.03497500783994703,LU
0.6466103167358993,0.235,-0.1465,1.2826924806827238,1.8165299588294381,0.3058,0.0400907574546132,LU
0.6466103167358993,0.235,-0.1465,1.2826924806827238,2.3420555779219385,0.1901,0.06921921893608823,LU
0.6466103167358993,0.235,-0.1465,1.2826924806827238,2.8506794285381263,0.1428,0.07976393856725056,LU
0.6466103167358993,0.235,-0.1465,1.2826924806827238,3.4734739921735227,-0.1045,0.08206081720578211,LU
0.6466103167358993,0.235,-0.1465,1.2826924806827238,3.9259034768632493,-0.1913,0.06629595236589064,LU
0.6466103167358993,0.235,-0.1465,1.2826924806827238,4.48143828711454,-0.2635,0.039673174791050245,LU
0.6466103167358993,0.235,-0.1465,1.2826924806827238,4.9872626296105285,-0.2177,0.035392638490511046,LU
0.6466103167358993,0.235,-0.1465,1.2826924806827238,5.536337976300189,-0.1972,0.02150703198305159,LU
0.6466103167358993,0.235,-0.1465,1.2826924806827238,5.9901026378676905,-0.0943,0.020045387922412575,LU
0.7341471355653687,0.2377,-0.1448,1.3745908482162974,0.27701691354728797,0.0931,0.0175397155096656,LU
0.7341471355653687,0.2377,-0.1448,1.3745908482162974,0.74793467100339,0.1563,0.017852923555541373,LU
0.7341471355653687,0.2377,-0.1448,1.3745908482162974,1.2918630417289187,0.227,0.02798002086918457,LU
0.7341471355653687,0.2377,-0.1448,1.3745908482162974,1.8038937750449995,0.2526,0.03152973944964189,LU
0.7341471355653687,0.2377,-0.1448,1.3745908482162974,2.3385474661254304,0.193,0.0507398887712617,LU
0.7341471355653687,0.2377,-0.1448,1.3745908482162974,2.860664457188786,0.0741,0.055542416547377564,LU
0.7341471355653687,0.2377,-0.1448,1.3745908482162974,3.4530501492666854,-0.1163,0.05084427919306369,LU
0.7341471355653687,0.2377,-0.1448,1.3745908482162974,3.9274358759465,-0.0927,0.04499773455877761,LU
0.7341471355653687,0.2377,-0.1448,1.3745908482162974,4.483572824789729,-0.2057,0.032156149794407916,LU
0.7341471355653687,0.2377,-0.1448,1.3745908482162974,4.985288662226524,-0.2451,0.026413974318152428,LU
0.7341471355653687,0.2377,-0.1448,1.3745908482162974,5.533498325607194,-0.1432,0.017957326620630477,LU
0.7341471355653687,0.2377,-0.1448,1.3745908482162974,5.994656201886144,-0.0699,0.018166132463460927,LU
0.812470520401591,0.246,-0.1442,1.4710880327159215,0.2980359137290557,0.0612,0.022551062346594694,LU
0.812470520401591,0.246,-0.1442,1.4710880327159215,0.777163699986539,0.1569,0.019523372022271564,LU
0.812470520401591,0.246,-0.1442,1.4710880327159215,1.2985127461790171,0.195,0.024325915315153428,LU
0.812470520401591,0.246,-0.1442,1.4710880327159215,1.7921442185205734,0.1995,0.029232875178529412,LU
0.812470520401591,0.246,-0.1442,1.4710880327159215,2.3246738439013273,0.1275,0.05209713752521134,LU
0.812470520401591,0.246,-0.1442,1.4710880327159215,2.879184145881698,-0.0239,0.05700406060801305,LU
0.812470520401591,0.246,-0.1442,1.4710880327159215,3.4465889403758023,-0.1109,0.04531094231730084,LU
0.812470520401591,0.246,-0.1442,1.4710880327159215,3.9318812295513297,-0.121,0.04040398935031194,LU
0.812470520401591,0.246,-0.1442,1.4710880327159215,4.475591434120359,-0.2282,0.02829323523671791,LU
0.812470520401591,0.246,-0.1442,1.4710880327159215,4.9904670541171905,-0.2239,0.023803878438713323,LU
0.812470520401591,0.246,-0.1442,1.4710880327159215,5.493507596456248,-0.1241,0.01837494060507451,LU
0.812470520401591,0.246,-0.1442,1.4710880327159215,5.9910870035658155,-0.0322,0.02422150966393352,LU
0.5597267072168516,0.3205,-0.1705,1.3937001112147476,0.24843016572887286,0.0246,0.09438038118508156,LU
0.5597267072168516,0.3205,-0.1705,1.3937001112147476,0.7786594471554982,0.1254,0.0938583581012372,LU
0.5597267072168516,0.3205,-0.1705,1.3937001112147476,1.2498826372306993,-0.0973,0.1646436307720408,LU
0.5597267072168516,0.3205,-0.1705,1.3937001112147476,1.7435437801695393,-0.649,0.2955650878991316,LU
0.5597267072168516,0.3205,-0.1705,1.3937001112147476,2.2658632294261265,0.1058,0.27677253675778873,LU
0.5597267072168516,0.3205,-0.1705,1.3937001112147476,2.7863134310538276,-0.0285,0.6231819593081376,LU
0.5597267072168516,0.3205,-0.1705,1.3937001112147476,3.509129323462515,-0.5802,0.27165678886720684,LU
0.5597267072168516,0.3205,-0.1705,1.3937001112147476,3.96194278058768,-0.6001,0.48255104557523765,LU
0.5597267072168516,0.3205,-0.1705,1.3937001112147476,4.457710535933677,-0.0011,0.3012028401959385,LU
0.5597267072168516,0.3205,-0.1705,1.3937001112147476,5.052204585747986,-0.3031,0.17852924101502254,LU
0.5597267072168516,0.3205,-0.1705,1.3937001112147476,5.511683455286517,-0.207,0.08957783358197591,LU
0.5597267072168516,0.3205,-0.1705,1.3937001112147476,6.027595800859032,-0.045,0.09500679066782555,LU
0.6368690001801064,0.3215,-0.1719,1.4889593681494468,0.2630961674333812,0.031,0.07235132611818562,LU
0.6368690001801064,0.3215,-0.1719,1.4889593681494468,0.7879812506903999,0.2685,0.06660916041176536,LU
0.6368690001801064,0.3215,-0.1719,1.4889593681494468,1.2339006572701872,0.105,0.10523829277064561,LU
0.6368690001801064,0.3215,-0.1719,1.4889593681494468,1.8246055972784159,0.4296,0.19345888535707115,LU
0.6368690001801064,0.3215,-0.1719,1.4889593681494468,2.2704534453588714,0.0942,0.27781656942011596,LU
0.6368690001801064,0.3215,-0.1719,1.4889593681494468,2.8835282703899114,-0.0535,0.9815975561879962,LU
0.6368690001801064,0.3215,-0.1719,1.4889593681494468,0.0,0.0,0.0,LU
0.6368690001801064,0.3215,-0.1719,1.4889593681494468,4.013953592297111,-0.309,0.35977291574673353,LU
0.6368690001801064,0.3215,-0.1719,1.4889593681494468,4.502253083773825,-0.2524,0.1417793698620525,LU
0.6368690001801064,0.3215,-0.1719,1.4889593681494468,5.002021133765393,-0.3014,0.12204717992833805,LU
0.6368690001801064,0.3215,-0.1719,1.4889593681494468,5.534632789620991,-0.188,0.07026327142541045,LU
0.6368690001801064,0.3215,-0.1719,1.4889593681494468,6.004843688730035,-0.1868,0.07172491950892872,LU
0.7208544214569675,0.3213,-0.1743,1.583603485724883,0.27103217954219944,-0.0364,0.06274625533657062,LU
0.7208544214569675,0.3213,-0.1743,1.583603485724883,0.7629724278385731,0.1503,0.06274623004995411,LU
0.7208544214569675,0.3213,-0.1743,1.583603485724883,1.2654736634387644,0.1787,0.08905582917576256,LU
0.7208544214569675,0.3213,-0.1743,1.583603485724883,1.8496510720445345,0.0991,0.13447115875399246,LU
0.7208544214569675,0.3213,-0.1743,1.583603485724883,2.2535377142485427,0.2981,0.20275076131082953,LU
0.7208544214569675,0.3213,-0.1743,1.583603485724883,2.8521228158295258,0.1477,0.4146889512587556,LU
0.7208544214569675,0.3213,-0.1743,1.583603485724883,3.501072883635309,0.2523,0.26737624854380765,LU
0.7208544214569675,0.3213,-0.1743,1.583603485724883,3.988658535447957,-0.3794,0.1995142645689792,LU
0.7208544214569675,0.3213,-0.1743,1.583603485724883,4.452594975896082,-0.2888,0.11567859554403313,LU
0.7208544214569675,0.3213,-0.1743,1.583603485724883,4.990453091483174,-0.2818,0.0879073897128163,LU
0.7208544214569675,0.3213,-0.1743,1.583603485724883,5.539092105859836,-0.0474,0.06389467554718468,LU
0.7208544214569675,0.3213,-0.1743,1.583603485724883,6.013256175724647,-0.1131,0.0587789331162167,LU
0.801464214737848,0.3211,-0.1753,1.6692812824685959,0.2660265752474797,0.0526,0.0646254875203364,LU
0.801464214737848,0.3211,-0.1753,1.6692812824685959,0.7622341535649796,0.1538,0.0668179533239446,LU
0.801464214737848,0.3211,-0.1753,1.6692812824685959,1.2855536764829594,0.2294,0.10962323299831382,LU
0.801464214737848,0.3211,-0.1753,1.6692812824685959,1.8240854891613216,0.6259,0.30078523195845247,LU
0.801464214737848,0.3211,-0.1753,1.6692812824685959,2.2416939099445092,0.0789,0.12340443299250325,LU
0.801464214737848,0.3211,-0.1753,1.6692812824685959,2.9059941485215828,-0.2206,0.25140256981534903,LU
0.801464214737848,0.3211,-0.1753,1.6692812824685959,3.472953884056429,-0.0324,0.19721737702267017,LU
0.801464214737848,0.3211,-0.1753,1.6692812824685959,3.9295355070366496,-0.1518,0.11807987983378929,LU
0.801464214737848,0.3211,-0.1753,1.6692812824685959,4.4766525943055715,-0.6124,0.2406490618695617,LU
0.801464214737848,0.3211,-0.1753,1.6692812824685959,5.002145052142285,-0.2756,0.0971992604943092,LU
0.801464214737848,0.3211,-0.1753,1.6692812824685959,5.53857025241349,-0.033,0.06901042372511608,LU
0.801464214737848,0.3211,-0.1753,1.6692812824685959,6.003325252280799,-0.0034,0.06556513177231153,LU
0.8042759589697552,0.1341,-0.284,1.0806479537758815,0.0,0.0,0.0,LU
0.8042759589697552,0.1341,-0.284,1.0806479537758815,0.8850285384182925,0.1317,0.04458011022978774,LU
0.8042759589697552,0.1341,-0.284,1.0806479537758815,1.3194601878614534,0.1801,0.034139793089018926,LU
0.8042759589697552,0.1341,-0.284,1.0806479537758815,1.8104701756665138,0.129,0.034870638969236124,LU
0.8042759589697552,0.1341,-0.284,1.0806479537758815,2.3708866718356334,0.126,0.041030410901677354,LU
0.8042759589697552,0.1341,-0.284,1.0806479537758815,2.871075346176932,0.0326,0.04019517373765766,LU
0.8042759589697552,0.1341,-0.284,1.0806479537758815,3.4395447915147535,-0.0831,0.04238765908094714,LU
0.8042759589697552,0.1341,-0.284,1.0806479537758815,3.9202241754772595,-0.0492,0.040195191265890516,LU
0.8042759589697552,0.1341,-0.284,1.0806479537758815,4.474884575773301,-0.1851,0.03581026253215021,LU
0.8042759589697552,0.1341,-0.284,1.0806479537758815,4.961395104766721,-0.1697,0.032782575943360655,LU
0.8042759589697552,0.1341,-0.284,1.0806479537758815,5.380319503805912,-0.1594,0.05178392143358801,LU
0.8042759589697552,0.1341,-0.284,1.0806479537758815,5.927434845745583,1.2356,0.2606944658834588,LU
0.7162306642733204,0.1764,-0.2798,1.1696153213770757,0.40370163730329645,0.08,0.08508849661088169,LU
0.7162306642733204,0.1764,-0.2798,1.1696153213770757,0.794381373057463,0.1959,0.026518394624168634,LU
0.7162306642733204,0.1764,-0.2798,1.1696153213770757,1.2997397126431693,0.2855,0.03549703896947069,LU
0.7162306642733204,0.1764,-0.2798,1.1696153213770757,1.8180780658759572,0.2451,0.039568776610892385,LU
0.7162306642733204,0.1764,-0.2798,1.1696153213770757,2.3383624612247185,0.2598,0.058987732350040414,LU
0.7162306642733204,0.1764,-0.2798,1.1696153213770757,2.8675742156974318,0.1034,0.05992736510810733,LU
0.7162306642733204,0.1764,-0.2798,1.1696153213770757,3.444237981873366,-0.0947,0.06921923933777822,LU
0.7162306642733204,0.1764,-0.2798,1.1696153213770757,3.9288862445549073,-0.1337,0.055333621911095615,LU
0.7162306642733204,0.1764,-0.2798,1.1696153213770757,4.4836478739475645,-0.2957,0.044162484464098754,LU
0.7162306642733204,0.1764,-0.2798,1.1696153213770757,4.977501003104124,-0.2891,0.03466182335654603,LU
0.7162306642733204,0.1764,-0.2798,1.1696153213770757,5.496930187119409,-0.1624,0.029024037152724013,LU
0.7162306642733204,0.1764,-0.2798,1.1696153213770757,5.904016017842322,-0.1163,0.09302314392505784,LU
0.8158292307319173,0.1772,-0.2819,1.2511194986890741,0.4907691323682855,-0.3824,0.7153697287168818,LU
0.8158292307319173,0.1772,-0.2819,1.2511194986890741,0.876897049433251,0.162,0.02860643811032817,LU
0.8158292307319173,0.1772,-0.2819,1.2511194986890741,1.287471793330901,0.1763,0.02693599079298922,LU
0.8158292307319173,0.1772,-0.2819,1.2511194986890741,1.8060335487079442,0.1786,0.033095781977788286,LU
0.8158292307319173,0.1772,-0.2819,1.2511194986890741,2.3486302332142013,0.1254,0.044266894138174646,LU
0.8158292307319173,0.1772,-0.2819,1.2511194986890741,2.8679651694498784,0.0811,0.04197002067192248,LU
0.8158292307319173,0.1772,-0.2819,1.2511194986890741,3.4443182670189576,-0.1069,0.04458010247139955,LU
0.8158292307319173,0.1772,-0.2819,1.2511194986890741,3.9220079019727976,-0.1401,0.03935994864225023,LU
0.8158292307319173,0.1772,-0.2819,1.2511194986890741,4.488239835209562,-0.2071,0.03382657671008476,LU
0.8158292307319173,0.1772,-0.2819,1.2511194986890741,4.985080968045536,-0.1902,0.02568315573600791,LU
0.8158292307319173,0.1772,-0.2819,1.2511194986890741,5.399176041044459,-0.1448,0.03361777977500336,LU
0.8158292307319173,0.1772,-0.2819,1.2511194986890741,5.8709978790530934,-0.6382,0.4008033335447367,LU
0.6322232918601378,0.2466,-0.2842,1.2992690252599728,0.2776591947120219,0.0652,0.019627776236751833,LU
0.6322232918601378,0.2466,-0.2842,1.2992690252599728,0.7570906682593523,0.2327,0.020358582750346448,LU
0.6322232918601378,0.2466,-0.2842,1.2992690252599728,1.2670147891682755,0.3259,0.03570586406464665,LU
0.6322232918601378,0.2466,-0.2842,1.2992690252599728,1.8059253382943208,0.2768,0.051261912429801874,LU
0.6322232918601378,0.2466,-0.2842,1.2992690252599728,2.32941066749124,0.2869,0.07882431988923469,LU
0.6322232918601378,0.2466,-0.2842,1.2992690252599728,2.884877409901703,-0.0804,0.0603449572541277,LU
0.6322232918601378,0.2466,-0.2842,1.2992690252599728,3.421112369284441,0.0639,0.08049477036740105,LU
0.6322232918601378,0.2466,-0.2842,1.2992690252599728,3.9026644178729444,-0.1431,0.08842939526842875,LU
0.6322232918601378,0.2466,-0.2842,1.2992690252599728,4.5307979436901915,-0.2498,0.052619142218778905,LU
0.6322232918601378,0.2466,-0.2842,1.2992690252599728,4.9870182835152495,-0.3358,0.03361777115459954,LU
0.6322232918601378,0.2466,-0.2842,1.2992690252599728,5.5508626063352855,-0.2441,0.02182025410902011,LU
0.6322232918601378,0.2466,-0.2842,1.2992690252599728,5.995778448595177,-0.1253,0.017957327482674056,LU
0.7237714501594222,0.2487,-0.2809,1.3960659010233005,0.2997672803470341,0.1124,0.023073078534084177,LU
0.7237714501594222,0.2487,-0.2809,1.3960659010233005,0.7586440112936272,0.2321,0.018270536965289335,LU
0.7237714501594222,0.2487,-0.2809,1.3960659010233005,1.273674965593886,0.2798,0.030276869336254435,LU
0.7237714501594222,0.2487,-0.2809,1.3960659010233005,1.8232756563883963,0.2561,0.03601907527135926,LU
0.7237714501594222,0.2487,-0.2809,1.3960659010233005,2.3283931405373273,0.1867,0.054811624688590604,LU
0.7237714501594222,0.2487,-0.2809,1.3960659010233005,2.8561737250234045,0.0185,0.06003174863355476,LU
0.7237714501594222,0.2487,-0.2809,1.3960659010233005,3.4371851063660572,-0.0605,0.06138899135318517,LU
0.7237714501594222,0.2487,-0.2809,1.3960659010233005,3.9356319421138655,-0.2739,0.049173855438247684,LU
0.7237714501594222,0.2487,-0.2809,1.3960659010233005,4.497057238590637,-0.2513,0.037376280348417244,LU
0.7237714501594222,0.2487,-0.2809,1.3960659010233005,4.985417816591171,-0.2588,0.028919642708036417,LU
0.7237714501594222,0.2487,-0.2809,1.3960659010233005,5.530517303244787,-0.1704,0.01973218073858095,LU
0.7237714501594222,0.2487,-0.2809,1.3960659010233005,5.979224000640009,-0.0644,0.02255106062250787,LU
0.8094779997088167,0.2525,-0.2814,1.4876491521860926,0.3304938018283943,0.1191,0.04458011712614539,LU
0.8094779997088167,0.2525,-0.2814,1.4876491521860926,0.8090159588354355,0.1584,0.019314565604745683,LU
0.8094779997088167,0.2525,-0.2814,1.4876491521860926,1.282602324717837,0.236,0.024117087921324578,LU
0.8094779997088167,0.2525,-0.2814,1.4876491521860926,1.804598888062805,0.2538,0.029024072496550875,LU
0.8094779997088167,0.2525,-0.2814,1.4876491521860926,2.3202948128080734,0.1291,0.045102123256450015,LU
0.8094779997088167,0.2525,-0.2814,1.4876491521860926,2.8690577455616264,0.0315,0.049904659652985926,LU
0.8094779997088167,0.2525,-0.2814,1.4876491521860926,3.443840046803911,-0.0655,0.04364047258681899,LU
0.8094779997088167,0.2525,-0.2814,1.4876491521860926,3.9186551244797165,-0.146,0.036854278815629006,LU
0.8094779997088167,0.2525,-0.2814,1.4876491521860926,4.487553920813529,-0.1833,0.02965046358896562,LU
0.8094779997088167,0.2525,-0.2814,1.4876491521860926,4.995643700678606,-0.2253,0.02244664807496754,LU
0.8094779997088167,0.2525,-0.2814,1.4876491521860926,5.471148183408949,-0.1732,0.01994098658141106,LU
0.8094779997088167,0.2525,-0.2814,1.4876491521860926,5.945581033978567,-0.063,0.042700867701516335,LU
0.5415287621819084,0.3399,-0.3062,1.4117365193264642,0.24145583003790352,0.0954,0.04207443264477943,LU
0.5415287621819084,0.3399,-0.3062,1.4117365193264642,0.7653356036457735,0.2365,0.047920999692208276,LU
0.5415287621819084,0.3399,-0.3062,1.4117365193264642,1.2365134151604225,0.2843,0.08164319230211578,LU
0.5415287621819084,0.3399,-0.3062,1.4117365193264642,1.8746476775915974,-0.0324,0.10054013788812059,LU
0.5415287621819084,0.3399,-0.3062,1.4117365193264642,2.2879660790733825,0.0077,0.08529730935006287,LU
0.5415287621819084,0.3399,-0.3062,1.4117365193264642,2.887968388006985,0.3014,0.18531542875190313,LU
0.5415287621819084,0.3399,-0.3062,1.4117365193264642,3.5484638088147116,0.006,0.13436675310277033,LU
0.5415287621819084,0.3399,-0.3062,1.4117365193264642,3.9081499877119628,-0.2414,0.10482068252172529,LU
0.5415287621819084,0.3399,-0.3062,1.4117365193264642,4.428284284745053,-0.1986,0.12371763759020118,LU
0.5415287621819084,0.3399,-0.3062,1.4117365193264642,5.035477350196872,-0.2073,0.0998093241908813,LU
0.5415287621819084,0.3399,-0.3062,1.4117365193264642,5.545027970645869,-0.2076,0.04917383474919321,LU
0.5415287621819084,0.3399,-0.3062,1.4117365193264642,6.018073284460152,-0.1064,0.03581023954432141,LU
0.6207317774386748,0.3431,-0.3012,1.5185519418182574,0.24621708823734406,0.0208,0.03246935353005971,LU
0.6207317774386748,0.3431,-0.3012,1.5185519418182574,0.7729295312212009,0.2178,0.03549703552130134,LU
0.6207317774386748,0.3431,-0.3012,1.5185519418182574,1.2550627744506184,0.3054,0.054707200359736925,LU
0.6207317774386748,0.3431,-0.3012,1.5185519418182574,1.8044278457961096,0.2827,0.09427596490198391,LU
0.6207317774386748,0.3431,-0.3012,1.5185519418182574,2.305693388285889,0.2567,0.12121195023536598,LU
0.6207317774386748,0.3431,-0.3012,1.5185519418182574,2.9046519903267987,0.3053,0.19836581504886597,LU
0.6207317774386748,0.3431,-0.3012,1.5185519418182574,3.4479747318018856,0.0899,0.16485244379856853,LU
0.6207317774386748,0.3431,-0.3012,1.5185519418182574,3.921297552967236,0.1064,0.15733541449171656,LU
0.6207317774386748,0.3431,-0.3012,1.5185519418182574,4.5314489515011855,-0.2261,0.09782568262037006,LU
0.6207317774386748,0.3431,-0.3012,1.5185519418182574,5.001656359951726,-0.2683,0.05877891012840333,LU
0.6207317774386748,0.3431,-0.3012,1.5185519418182574,5.5512326161367085,-0.202,0.03674987689993055,LU
0.6207317774386748,0.3431,-0.3012,1.5185519418182574,6.015762468530511,-0.0898,0.029963680542617072,LU
0.7065894972230499,0.3447,-0.2966,1.6239458119038332,0.25071305639048147,0.053,0.027040393283382622,LU
0.7065894972230499,0.3447,-0.2966,1.6239458119038332,0.7733519009001835,0.1594,0.029232854776777176,LU
0.7065894972230499,0.3447,-0.2966,1.6239458119038332,1.2763505553371932,0.188,0.041865615882751755,LU
0.7065894972230499,0.3447,-0.2966,1.6239458119038332,1.8326899623736537,0.2979,0.05637765399872556,LU
0.7065894972230499,0.3447,-0.2966,1.6239458119038332,2.2637164744461735,0.2596,0.09563319325423836,LU
0.7065894972230499,0.3447,-0.2966,1.6239458119038332,2.9003637163546485,0.1444,0.1881343140954383,LU
0.7065894972230499,0.3447,-0.2966,1.6239458119038332,3.4585968056295235,-0.0672,0.12799815032820075,LU
0.7065894972230499,0.3447,-0.2966,1.6239458119038332,3.9476153727580585,-0.2532,0.09124827026744617,LU
0.7065894972230499,0.3447,-0.2966,1.6239458119038332,4.4838834933965845,-0.3139,0.05220153426864039,LU
0.7065894972230499,0.3447,-0.2966,1.6239458119038332,4.991550903582679,-0.252,0.04217885381281616,LU
0.7065894972230499,0.3447,-0.2966,1.6239458119038332,5.548665236807024,-0.1723,0.030276890887276538,LU
0.7065894972230499,0.3447,-0.2966,1.6239458119038332,6.010145998997594,-0.0692,0.02536994510400054,LU
0.788370430680777,0.348,-0.2942,1.7235428628264515,0.2656530747875529,0.0931,0.027562408034132575,LU
0.788370430680777,0.348,-0.2942,1.7235428628264515,0.7718439364264603,0.1669,0.02578755851374893,LU
0.788370430680777,0.348,-0.2942,1.7235428628264515,1.2876044383540526,0.1677,0.036436670865489566,LU
0.788370430680777,0.348,-0.2942,1.7235428628264515,1.8290090629811977,0.205,0.0466681580262363,LU
0.788370430680777,0.348,-0.2942,1.7235428628264515,2.2808102291402057,0.1336,0.07245571653997612,LU
0.788370430680777,0.348,-0.2942,1.7235428628264515,2.913909216679377,0.0161,0.12340442954432604,LU
0.788370430680777,0.348,-0.2942,1.7235428628264515,3.4813105205149775,-0.082,0.07788469431486991,LU
0.788370430680777,0.348,-0.2942,1.7235428628264515,3.953184718401172,-0.2143,0.061180200452435794,LU
0.788370430680777,0.348,-0.2942,1.7235428628264515,4.4850458826784125,-0.1558,0.04405808082431572,LU
0.788370430680777,0.348,-0.2942,1.7235428628264515,4.993540578929952,-0.2048,0.036332274122062275,LU
0.788370430680777,0.348,-0.2942,1.7235428628264515,5.530695326828491,-0.1942,0.026309588493990857,LU
0.788370430680777,0.348,-0.2942,1.7235428628264515,5.990402834499034,-0.0587,0.026309571827758886,LU
0.5695290325997937,0.4374,-0.3461,1.6423458831805193,0.25309543081945374,0.1473,0.11442575042987903,LU
0.5695290325997937,0.4374,-0.3461,1.6423458831805193,0.7593037457508811,0.0895,0.14793915529987917,LU
0.5695290325997937,0.4374,-0.3461,1.6423458831805193,1.2731653294523035,0.0765,0.1777984163985724,LU
0.5695290325997937,0.4374,-0.3461,1.6423458831805193,1.7901423258685358,0.1682,0.22801628179865108,LU
0.5695290325997937,0.4374,-0.3461,1.6423458831805193,2.2033909141802415,-0.4281,0.4093642889080611,LU
0.5695290325997937,0.4374,-0.3461,1.6423458831805193,0.0,0.0,0.0,LU
0.5695290325997937,0.4374,-0.3461,1.6423458831805193,0.0,0.0,0.0,LU
0.5695290325997937,0.4374,-0.3461,1.6423458831805193,4.032370306564156,-0.6997,0.3939127806726803,LU
0.5695290325997937,0.4374,-0.3461,1.6423458831805193,4.417260785189456,-0.3897,0.2610076770901624,LU
0.5695290325997937,0.4374,-0.3461,1.6423458831805193,5.080252026827535,-0.0074,0.2555787156940927,LU
0.5695290325997937,0.4374,-0.3461,1.6423458831805193,5.551740506949039,-0.1338,0.12183837264876868,LU
0.5695290325997937,0.4374,-0.3461,1.6423458831805193,6.013587788282527,-0.1023,0.10095775733216605,LU
0.6685952553477522,0.4425,-0.3477,1.7898044585931727,0.2687719781608668,-0.0009,0.10555149420752061,LU
0.6685952553477522,0.4425,-0.3477,1.7898044585931727,0.7845202627836951,0.0171,0.10962322265378,LU
0.6685952553477522,0.4425,-0.3477,1.7898044585931727,1.2635974344928707,0.1619,0.12340442322267059,LU
0.6685952553477522,0.4425,-0.3477,1.7898044585931727,1.761840066718196,0.5388,0.23480250200583658,LU
0.6685952553477522,0.4425,-0.3477,1.7898044585931727,2.2275200910890627,-0.0321,0.5515613980380065,LU
0.6685952553477522,0.4425,-0.3477,1.7898044585931727,0.0,0.0,0.0,LU
0.6685952553477522,0.4425,-0.3477,1.7898044585931727,0.0,0.0,0.0,LU
0.6685952553477522,0.4425,-0.3477,1.7898044585931727,3.760050074033984,-1.4294,0.9058008507633475,LU
0.6685952553477522,0.4425,-0.3477,1.7898044585931727,4.548294869441435,-0.8092,0.22624145325466224,LU
0.6685952553477522,0.4425,-0.3477,1.7898044585931727,5.0181060881517725,-0.3409,0.14407621775436003,LU
0.6685952553477522,0.4425,-0.3477,1.7898044585931727,5.533557666801762,-0.199,0.09375395417410425,LU
0.6685952553477522,0.4425,-0.3477,1.7898044585931727,6.064940610863955,0.2263,0.12789374295289696,LU
0.7534805883865712,0.4412,-0.3522,1.8972348299564816,0.24428500875538633,0.167,0.09761686183544416,LU
0.7534805883865712,0.4412,-0.3522,1.8972348299564816,0.7752159125413134,0.0996,0.11546978337955142,LU
0.7534805883865712,0.4412,-0.3522,1.8972348299564816,1.2709801772288065,0.3402,0.14814796028066482,LU
0.7534805883865712,0.4412,-0.3522,1.8972348299564816,1.7844350992145146,0.4252,0.34035399219048396,LU
0.7534805883865712,0.4412,-0.3522,1.8972348299564816,2.153968425751518,0.5592,0.2556831193338779,LU
0.7534805883865712,0.4412,-0.3522,1.8972348299564816,2.701472976114383,1.3347,0.33200162830891444,LU
0.7534805883865712,0.4412,-0.3522,1.8972348299564816,3.1990314392729267,-1.3904,0.767049229557176,LU
0.7534805883865712,0.4412,-0.3522,1.8972348299564816,3.968365592235019,0.6054,0.5289059357871501,LU
0.7534805883865712,0.4412,-0.3522,1.8972348299564816,4.486714417443319,-0.4834,0.1997230724232455,LU
0.7534805883865712,0.4412,-0.3522,1.8972348299564816,5.0129242056026015,-0.1345,0.13906487436560264,LU
0.7534805883865712,0.4412,-0.3522,1.8972348299564816,5.526681069548904,-0.1859,0.10482069142951883,LU
0.7534805883865712,0.4412,-0.3522,1.8972348299564816,5.988622598661999,-0.1352,0.09573760781323137,LU
0.8056695755091118,0.1331,-0.4929,1.0775435026020992,0.45259180031016155,-0.0222,0.15827503604321616,LU
0.8056695755091118,0.1331,-0.4929,1.0775435026020992,0.7937530545267452,0.1188,0.03873352967702112,LU
0.8056695755091118,0.1331,-0.4929,1.0775435026020992,1.29148779593974,0.0158,0.05314115725687671,LU
0.8056695755091118,0.1331,-0.4929,1.0775435026020992,1.8141964536195219,0.0583,0.058048090971556644,LU
0.8056695755091118,0.1331,-0.4929,1.0775435026020992,2.3482689500590386,0.0006,0.07527460705576682,LU
0.8056695755091118,0.1331,-0.4929,1.0775435026020992,2.8684608429574445,0.1365,0.07600542161504767,LU
0.8056695755091118,0.1331,-0.4929,1.0775435026020992,3.425529797621239,-0.055,0.08132997391172768,LU
0.8056695755091118,0.1331,-0.4929,1.0775435026020992,3.922932926476355,-0.0379,0.07182931395356859,LU
0.8056695755091118,0.1331,-0.4929,1.0775435026020992,4.4959716437958965,-0.063,0.0656695299524829,LU
0.8056695755091118,0.1331,-0.4929,1.0775435026020992,4.980160884884164,-0.1204,0.05021786798621068,LU
0.8056695755091118,0.1331,-0.4929,1.0775435026020992,5.500061307797487,-0.1763,0.046250552662215005,LU
0.8056695755091118,0.1331,-0.4929,1.0775435026020992,5.84740102756613,0.2463,0.15576938202073268,LU
0.716683020482335,0.175,-0.491,1.1653325705565774,0.4770281551673342,0.083,0.1370812313583467,LU
0.716683020482335,0.175,-0.491,1.1653325705565774,0.7709747624589671,0.1786,0.03716750122891267,LU
0.716683020482335,0.175,-0.491,1.1653325705565774,1.2610649617482268,0.1831,0.05794369422810886,LU
0.716683020482335,0.175,-0.491,1.1653325705565774,1.8166573678648337,0.1241,0.07548340858838237,LU
0.716683020482335,0.175,-0.491,1.1653325705565774,2.347541147760957,0.0038,0.12810254937042276,LU
0.716683020482335,0.175,-0.491,1.1653325705565774,2.880973108364992,0.0503,0.1249704605785737,LU
0.716683020482335,0.175,-0.491,1.1653325705565774,3.3674609480781355,0.0777,0.15587378077560143,LU
0.716683020482335,0.175,-0.491,1.1653325705565774,3.9664736553258573,-0.1422,0.13248750396547784,LU
0.716683020482335,0.175,-0.491,1.1653325705565774,4.50344863431144,-0.3164,0.07704947439172995,LU
0.716683020482335,0.175,-0.491,1.1653325705565774,4.979803092387505,-0.0955,0.057108490683806384,LU
0.716683020482335,0.175,-0.491,1.1653325705565774,5.526838149181583,-0.1723,0.0397775660748623,LU
0.716683020482335,0.175,-0.491,1.1653325705565774,5.814711010676276,-0.0732,0.12027232150017346,LU
0.8168671061556126,0.1765,-0.4909,1.2494398745037714,0.49968601951672453,-0.1228,0.19586015671616452,LU
0.8168671061556126,0.1765,-0.4909,1.2494398745037714,0.810408731578527,0.197,0.0333045901194092,LU
0.8168671061556126,0.1765,-0.4909,1.2494398745037714,1.2739594542619612,0.1664,0.04468451243283297,LU
0.8168671061556126,0.1765,-0.4909,1.2494398745037714,1.812589005378435,0.0848,0.05961414384422948,LU
0.8168671061556126,0.1765,-0.4909,1.2494398745037714,2.3409612564809383,0.1839,0.07673624680618958,LU
0.8168671061556126,0.1765,-0.4909,1.2494398745037714,2.8632231098722096,0.0472,0.07913751529180572,LU
0.8168671061556126,0.1765,-0.4909,1.2494398745037714,3.4317728403556225,-0.2562,0.08602812218524908,LU
0.8168671061556126,0.1765,-0.4909,1.2494398745037714,3.9241162597092067,-0.1054,0.06775758981752526,LU
0.8168671061556126,0.1765,-0.4909,1.2494398745037714,4.467248760295826,-0.1295,0.06003175409315341,LU
0.8168671061556126,0.1765,-0.4909,1.2494398745037714,4.991269905573108,-0.185,0.043536089061391864,LU
0.8168671061556126,0.1765,-0.4909,1.2494398745037714,5.459936188294137,-0.1292,0.038002728335764735,LU
0.8168671061556126,0.1765,-0.4909,1.2494398745037714,5.800422000090199,0.0043,0.2705083284278732,LU
0.62347658284584,0.2524,-0.4875,1.305335205991166,0.3364907531382467,0.1311,0.03487063954393474,LU
0.62347658284584,0.2524,-0.4875,1.305335205991166,0.7514008948978508,0.2349,0.02933725669247648,LU
0.62347658284584,0.2524,-0.4875,1.305335205991166,1.244421502001209,0.2875,0.0583613234419956,LU
0.62347658284584,0.2524,-0.4875,1.305335205991166,1.796905476720014,0.0358,0.10701313654407259,LU
0.62347658284584,0.2524,-0.4875,1.305335205991166,2.3782554519375534,0.1381,0.09072626614856406,LU
0.62347658284584,0.2524,-0.4875,1.305335205991166,2.8882563673335646,-0.0199,0.06264184767390646,LU
0.62347658284584,0.2524,-0.4875,1.305335205991166,3.3919234828740876,0.0508,0.08226962419800495,LU
0.62347658284584,0.2524,-0.4875,1.305335205991166,3.8374728796524527,-0.1078,0.11035404698288426,LU
0.62347658284584,0.2524,-0.4875,1.305335205991166,4.566568466709816,-0.1738,0.11296412849503051,LU
0.62347658284584,0.2524,-0.4875,1.305335205991166,4.99724067694418,-0.2609,0.054185195666162256,LU
0.62347658284584,0.2524,-0.4875,1.305335205991166,5.555971185055873,-0.159,0.031634127285259904,LU
0.62347658284584,0.2524,-0.4875,1.305335205991166,5.933908271941229,-0.1397,0.031216525944138773,LU
0.7238768367859134,0.2486,-0.4873,1.395886814895821,0.417364074687908,0.1548,0.06347707190727091,LU
0.7238768367859134,0.2486,-0.4873,1.395886814895821,0.7595742717849402,0.1926,0.027875634182974656,LU
0.7238768367859134,0.2486,-0.4873,1.395886814895821,1.2694861753890996,0.2544,0.04865181884905321,LU
0.7238768367859134,0.2486,-0.4873,1.395886814895821,1.8035761251211362,0.0363,0.07015886146396644,LU
0.7238768367859134,0.2486,-0.4873,1.395886814895821,2.299815119365172,0.0788,0.11839307236287157,LU
0.7238768367859134,0.2486,-0.4873,1.395886814895821,2.887146337929296,0.1644,0.10461188501199233,LU
0.7238768367859134,0.2486,-0.4873,1.395886814895821,3.39804260723158,0.0847,0.14908756315455124,LU
0.7238768367859134,0.2486,-0.4873,1.395886814895821,3.949680097263168,-0.146,0.11275531345706118,LU
0.7238768367859134,0.2486,-0.4873,1.395886814895821,4.49977297090674,-0.1652,0.07256014000676375,LU
0.7238768367859134,0.2486,-0.4873,1.395886814895821,5.000324673732455,-0.2952,0.04635495342852451,LU
0.7238768367859134,0.2486,-0.4873,1.395886814895821,5.535151152408833,-0.1858,0.03100769797553261,LU
0.7238768367859134,0.2486,-0.4873,1.395886814895821,5.866847486091851,-0.0495,0.06264184365103134,LU
0.812467761642448,0.2504,-0.4883,1.4841832770921521,0.4859118810599853,0.3762,0.15556055922437642,LU
0.812467761642448,0.2504,-0.4883,1.4841832770921521,0.8102743412261235,0.1359,0.028397633991584598,LU
0.812467761642448,0.2504,-0.4883,1.4841832770921521,1.2778410665183964,0.1724,0.04123920869876202,LU
0.812467761642448,0.2504,-0.4883,1.4841832770921521,1.8205023282069774,0.1958,0.05136629911606404,LU
0.812467761642448,0.2504,-0.4883,1.4841832770921521,2.324687806535343,0.0816,0.07757147046485954,LU
0.812467761642448,0.2504,-0.4883,1.4841832770921521,2.8963878563186056,0.0821,0.10189740215884491,LU
0.812467761642448,0.2504,-0.4883,1.4841832770921521,3.4507498053125567,-0.1287,0.07997274182395175,LU
0.812467761642448,0.2504,-0.4883,1.4841832770921521,3.9260204139231325,-0.0692,0.06786198167605607,LU
0.812467761642448,0.2504,-0.4883,1.4841832770921521,4.494158246703075,-0.2653,0.05230594968970931,LU
0.812467761642448,0.2504,-0.4883,1.4841832770921521,4.995800780311285,-0.2054,0.03842031301073306,LU
0.812467761642448,0.2504,-0.4883,1.4841832770921521,5.461555853839988,-0.1995,0.031112123453747496,LU
0.812467761642448,0.2504,-0.4883,1.4841832770921521,5.831275930606955,0.0661,0.22843391877092561,LU
0.5381490742054177,0.3443,-0.4964,1.4164038971988182,0.23495447857422466,0.1042,0.04144802574816998,LU
0.5381490742054177,0.3443,-0.4964,1.4164038971988182,0.76637407455071,0.1705,0.0587789221969929,LU
0.5381490742054177,0.3443,-0.4964,1.4164038971988182,1.2003170318033123,0.1565,0.1201679135501757,LU
0.5381490742054177,0.3443,-0.4964,1.4164038971988182,1.9105299016833488,0.0497,0.09834769162415671,LU
0.5381490742054177,0.3443,-0.4964,1.4164038971988182,2.3279201563100367,0.2709,0.08738537410002259,LU
0.5381490742054177,0.3443,-0.4964,1.4164038971988182,2.8754857931967215,-0.0547,0.14501586976473246,LU
0.5381490742054177,0.3443,-0.4964,1.4164038971988182,3.492005898171199,-0.1462,0.12006352197899285,LU
0.5381490742054177,0.3443,-0.4964,1.4164038971988182,3.8804079792515127,-0.0073,0.10868357782711252,LU
0.5381490742054177,0.3443,-0.4964,1.4164038971988182,4.433649426865683,-0.1775,0.13019061297098583,LU
0.5381490742054177,0.3443,-0.4964,1.4164038971988182,5.058513950993945,-0.1886,0.14251017867436813,LU
0.5381490742054177,0.3443,-0.4964,1.4164038971988182,5.566961523355681,-0.2196,0.0554380373321527,LU
0.5381490742054177,0.3443,-0.4964,1.4164038971988182,6.0370013801980305,-0.0806,0.03727189596089842,LU
0.6141770275823152,0.3501,-0.4938,1.5258440287263964,0.24133365699026393,0.1579,0.03413980659435881,LU
0.6141770275823152,0.3501,-0.4938,1.5258440287263964,0.7688943299905899,0.2697,0.04614614614895702,LU
0.6141770275823152,0.3501,-0.4938,1.5258440287263964,1.2386671514573837,0.1185,0.08425327582569157,LU
0.6141770275823152,0.3501,-0.4938,1.5258440287263964,1.915135825579362,0.0457,0.11881067399136493,LU
0.6141770275823152,0.3501,-0.4938,1.5258440287263964,2.3183714599723757,0.1077,0.08279163492588018,LU
0.6141770275823152,0.3501,-0.4938,1.5258440287263964,2.8742902426591055,-0.0693,0.15879705654092072,LU
0.6141770275823152,0.3501,-0.4938,1.5258440287263964,3.4421662760512484,-0.2425,0.11860188452735514,LU
0.6141770275823152,0.3501,-0.4938,1.5258440287263964,3.8650717711142386,-0.0832,0.10701314918738104,LU
0.6141770275823152,0.3501,-0.4938,1.5258440287263964,4.490231255886087,-0.0902,0.16725371659440183,LU
0.6141770275823152,0.3501,-0.4938,1.5258440287263964,5.0153083253608255,-0.3973,0.0781979017860482,LU
0.6141770275823152,0.3501,-0.4938,1.5258440287263964,5.5512692680510005,-0.1997,0.045728541646984644,LU
0.6141770275823152,0.3501,-0.4938,1.5258440287263964,6.021787345108396,-0.0569,0.030590098645803743,LU
0.69756752443093,0.3555,-0.4889,1.6386274744431695,0.28298070360135263,0.1133,0.03570585688092221,LU
0.69756752443093,0.3555,-0.4889,1.6386274744431695,0.7534621287444561,0.2654,0.041030422395630345,LU
0.69756752443093,0.3555,-0.4889,1.6386274744431695,1.2657913133626275,0.2188,0.061493409935051216,LU
0.69756752443093,0.3555,-0.4889,1.6386274744431695,1.790969611933981,0.1037,0.09980931643249695,LU
0.69756752443093,0.3555,-0.4889,1.6386274744431695,2.287060253191598,0.0278,0.17216066352707002,LU
0.69756752443093,0.3555,-0.4889,1.6386274744431695,2.909919394009318,-0.2121,0.2457648143577107,LU
0.69756752443093,0.3555,-0.4889,1.6386274744431695,3.4510011327248438,0.0676,0.21089420010043167,LU
0.69756752443093,0.3555,-0.4889,1.6386274744431695,3.924737596922917,-0.1986,0.16098952291922647,LU
0.69756752443093,0.3555,-0.4889,1.6386274744431695,4.534686537263635,-0.4079,0.09333635053419057,LU
0.69756752443093,0.3555,-0.4889,1.6386274744431695,4.988648421036612,-0.3843,0.062328628134108936,LU
0.69756752443093,0.3555,-0.4889,1.6386274744431695,5.548722832672341,-0.2195,0.041030393373467935,LU
0.69756752443093,0.3555,-0.4889,1.6386274744431695,5.991875892387716,-0.116,0.032782568759639384,LU
0.781306607559762,0.36,-0.4854,1.7451360978445205,0.3122638377913135,0.0643,0.050322282545213745,LU
0.781306607559762,0.36,-0.4854,1.7451360978445205,0.7777064973839093,0.1756,0.0360190680876306,LU
0.781306607559762,0.36,-0.4854,1.7451360978445205,1.274268377539564,0.2971,0.0554380261255758,LU
0.781306607559762,0.36,-0.4854,1.7451360978445205,1.8289340138233618,0.262,0.07068087908819609,LU
0.781306607559762,0.36,-0.4854,1.7451360978445205,2.2921618505951766,0.1578,0.10221060474510556,LU
0.781306607559762,0.36,-0.4854,1.7451360978445205,2.8802627593594305,0.1536,0.19878342702187465,LU
0.781306607559762,0.36,-0.4854,1.7451360978445205,3.4871940254234506,-0.0209,0.12977301737680555,LU
0.781306607559762,0.36,-0.4854,1.7451360978445205,3.92682326537905,-0.1491,0.09772126978544644,LU
0.781306607559762,0.36,-0.4854,1.7451360978445205,4.492154608721785,-0.1231,0.0677575849326127,LU
0.781306607559762,0.36,-0.4854,1.7451360978445205,4.990210490717147,-0.3452,0.05543803129783893,LU
0.781306607559762,0.36,-0.4854,1.7451360978445205,5.520823744579212,-0.2157,0.03852471435174262,LU
0.781306607559762,0.36,-0.4854,1.7451360978445205,5.963737694187064,-0.1186,0.04656376358156785,LU
0.570177581051759,0.4462,-0.5009,1.6597288935244816,0.2469117292796378,-0.0741,0.08926462582344882,LU
0.570177581051759,0.4462,-0.5009,1.6597288935244816,0.7834346679889548,0.3724,0.08853380264373684,LU
0.570177581051759,0.4462,-0.5009,1.6597288935244816,1.2535041954285873,0.164,0.1677757235867575,LU
0.570177581051759,0.4462,-0.5009,1.6597288935244816,1.8852522981267148,0.1096,0.15660459677161462,LU
0.570177581051759,0.4462,-0.5009,1.6597288935244816,2.2815240688042713,0.1305,0.17769402166657236,LU
0.570177581051759,0.4462,-0.5009,1.6597288935244816,2.6607020847877956,1.2936,0.30015881586670107,LU
0.570177581051759,0.4462,-0.5009,1.6597288935244816,3.619603429126,-0.4567,0.813717566313762,LU
0.570177581051759,0.4462,-0.5009,1.6597288935244816,4.0115502739171145,0.3436,0.2546390777637636,LU
0.570177581051759,0.4462,-0.5009,1.6597288935244816,4.458284749257583,-0.1396,0.16547886649932322,LU
0.570177581051759,0.4462,-0.5009,1.6597288935244816,4.961913467554563,-0.1931,0.20108029560322596,LU
0.570177581051759,0.4462,-0.5009,1.6597288935244816,5.559084852441431,-0.3468,0.09396276202837028,LU
0.570177581051759,0.4462,-0.5009,1.6597288935244816,6.013947326108437,-0.0049,0.0742305824391815,LU
0.6590855134379998,0.4613,-0.5019,1.8143869488066762,0.24982817445972033,0.0452,0.06566952822839525,LU
0.6590855134379998,0.4613,-0.5019,1.8143869488066762,0.7779508434791885,0.1495,0.07256011615689711,LU
0.6590855134379998,0.4613,-0.5019,1.8143869488066762,1.261557144597289,0.185,0.09438038463326108,LU
0.6590855134379998,0.4613,-0.5019,1.8143869488066762,1.7981935297079856,0.0971,0.18886514302210464,LU
0.6590855134379998,0.4613,-0.5019,1.8143869488066762,2.319415166865068,0.119,0.2988015834915898,LU
0.6590855134379998,0.4613,-0.5019,1.8143869488066762,2.626528538033747,1.3547,0.7679888916246881,LU
0.6590855134379998,0.4613,-0.5019,1.8143869488066762,3.5299319028170357,0.2161,0.5758873759950444,LU
0.6590855134379998,0.4613,-0.5019,1.8143869488066762,3.9469800729103324,0.0719,0.3225010789794686,LU
0.6590855134379998,0.4613,-0.5019,1.8143869488066762,4.538283660851995,-0.2157,0.19617336045182082,LU
0.6590855134379998,0.4613,-0.5019,1.8143869488066762,5.0005114239624175,-0.1764,0.10315023031947165,LU
0.6590855134379998,0.4613,-0.5019,1.8143869488066762,5.534086501565116,-0.1583,0.07245572889592676,LU
0.6590855134379998,0.4613,-0.5019,1.8143869488066762,6.015765959189015,-0.0353,0.054185178712649495,LU
0.7429784605273587,0.4629,-0.5021,1.929740915252615,0.24702343035176544,0.0074,0.055646834554536964,LU
0.7429784605273587,0.4629,-0.5021,1.929740915252615,0.7725612667490299,0.1513,0.06796639623505141,LU
0.7429784605273587,0.4629,-0.5021,1.929740915252615,1.2807610023569829,0.2528,0.08226962534739796,LU
0.7429784605273587,0.4629,-0.5021,1.929740915252615,1.7813580837432486,0.4577,0.12966861890928646,LU
0.7429784605273587,0.4629,-0.5021,1.929740915252615,2.274952904170513,-0.1205,0.2573535646397792,LU
0.7429784605273587,0.4629,-0.5021,1.929740915252615,3.0157317252407263,0.4889,0.7299862911587612,LU
0.7429784605273587,0.4629,-0.5021,1.929740915252615,3.3443440621354705,0.2791,0.6463594592975986,LU
0.7429784605273587,0.4629,-0.5021,1.929740915252615,4.025413424165706,0.0194,0.2603812497918396,LU
0.7429784605273587,0.4629,-0.5021,1.929740915252615,4.482850258479404,-0.1891,0.13697682685651746,LU
0.7429784605273587,0.4629,-0.5021,1.929740915252615,4.9889346550339395,-0.3773,0.08091237343262184,LU
0.7429784605273587,0.4629,-0.5021,1.929740915252615,5.517559978877982,-0.2006,0.06024057401602645,LU
0.7429784605273587,0.4629,-0.5021,1.929740915252615,6.00413159439522,-0.0866,0.05293236463206012,LU
0.80271244653288,0.1329,-0.7785,1.0747557862137798,0.28121792105683835,-0.0225,0.03351338504299462,LU
0.80271244653288,0.1329,-0.7785,1.0747557862137798,0.7480428814170136,0.0267,0.03643666339445043,LU
0.80271244653288,0.1329,-0.7785,1.0747557862137798,1.2765617401766844,0.1422,0.06681796797868432,LU
0.80271244653288,0.1329,-0.7785,1.0747557862137798,1.8219806220834165,0.2677,0.08289603914036159,LU
0.80271244653288,0.1329,-0.7785,1.0747557862137798,2.336388493840713,0.0025,0.1190194907534062,LU
0.80271244653288,0.1329,-0.7785,1.0747557862137798,2.87424137344005,0.1613,0.12789375473415424,LU
0.80271244653288,0.1329,-0.7785,1.0747557862137798,3.4325896544455556,-0.0238,0.15075802368988545,LU
0.80271244653288,0.1329,-0.7785,1.0747557862137798,3.933598633535292,-0.0066,0.11296411010476064,LU
0.80271244653288,0.1329,-0.7785,1.0747557862137798,4.4812288476043,-0.0528,0.08905580273975235,LU
0.80271244653288,0.1329,-0.7785,1.0747557862137798,4.995807761628293,-0.0955,0.05950974307792125,LU
0.80271244653288,0.1329,-0.7785,1.0747557862137798,5.541886377992279,-0.1427,0.04082158695594281,LU
0.80271244653288,0.1329,-0.7785,1.0747557862137798,5.996268886114986,-0.0273,0.03059009807110791,LU
0.7137569089181636,0.1741,-0.7921,1.1599568957508724,0.34620351042559516,0.0507,0.044475704003872,LU
0.7137569089181636,0.1741,-0.7921,1.1599568957508724,0.7410580737505323,0.0357,0.03977756981038496,LU
0.7137569089181636,0.1741,-0.7921,1.1599568957508724,1.2524796871576667,0.1457,0.08362684507920423,LU
0.7137569089181636,0.1741,-0.7921,1.1599568957508724,1.7729944659676917,0.2748,0.14887878432242188,LU
0.7137569089181636,0.1741,-0.7921,1.1599568957508724,2.461392465527051,0.0783,0.20964135326218447,LU
0.7137569089181636,0.1741,-0.7921,1.1599568957508724,2.906104104264458,-0.1323,0.0889513970885365,LU
0.7137569089181636,0.1741,-0.7921,1.1599568957508724,3.3304931291916438,0.1625,0.13144345348757527,LU
0.7137569089181636,0.1741,-0.7921,1.1599568957508724,3.971734077691368,-0.247,0.25797997814539836,LU
0.7137569089181636,0.1741,-0.7921,1.1599568957508724,4.5158910865489075,-0.0557,0.14564228097156515,LU
0.7137569089181636,0.1741,-0.7921,1.1599568957508724,4.996039890418809,-0.2673,0.08320925724342514,LU
0.7137569089181636,0.1741,-0.7921,1.1599568957508724,5.553040777241774,0.0727,0.04426689844838936,LU
0.7137569089181636,0.1741,-0.7921,1.1599568957508724,5.931339147282294,-0.0641,0.03925553983021932,LU
0.8174538600840319,0.1753,-0.7741,1.2456323695216016,0.33536152511220646,0.0173,0.0448933171262718,LU
0.8174538600840319,0.1753,-0.7741,1.2456323695216016,0.7566037213980459,0.0434,0.035183839831385316,LU
0.8174538600840319,0.1753,-0.7741,1.2456323695216016,1.2755948277710798,0.156,0.06003176788584825,LU
0.8174538600840319,0.1753,-0.7741,1.2456323695216016,1.8109990104298683,0.0116,0.08007715609560773,LU
0.8174538600840319,0.1753,-0.7741,1.2456323695216016,2.335754939322239,0.1091,0.1361415911292372,LU
0.8174538600840319,0.1753,-0.7741,1.2456323695216016,2.89498286627075,0.0856,0.1537857019456036,LU
0.8174538600840319,0.1753,-0.7741,1.2456323695216016,3.4209919415660535,-0.0619,0.16516564207461726,LU
0.8174538600840319,0.1753,-0.7741,1.2456323695216016,3.9532318422909762,-0.1758,0.11964592351134008,LU
0.8174538600840319,0.1753,-0.7741,1.2456323695216016,4.482272554496993,-0.227,0.09406717313920727,LU
0.8174538600840319,0.1753,-0.7741,1.2456323695216016,4.984583549208717,-0.1131,0.058048109361807154,LU
0.8174538600840319,0.1753,-0.7741,1.2456323695216016,5.539064180591804,-0.1377,0.039881976036303966,LU
0.8174538600840319,0.1753,-0.7741,1.2456323695216016,5.958262596323558,-0.032,0.04280526042205758,LU
0.6241165389929896,0.2493,-0.7731,1.2979599377484654,0.4201635828081069,0.0356,0.03946434481101015,LU
0.6241165389929896,0.2493,-0.7731,1.2979599377484654,0.7438261659441954,0.1494,0.03351339308874922,LU
0.6241165389929896,0.2493,-0.7731,1.2979599377484654,1.2268442911043742,0.2615,0.0701588528435334,LU
0.6241165389929896,0.2493,-0.7731,1.2979599377484654,1.8419035554949317,-0.0283,0.1590058580735352,LU
0.6241165389929896,0.2493,-0.7731,1.2979599377484654,2.3535380990708097,0.0984,0.09375393865732952,LU
0.6241165389929896,0.2493,-0.7731,1.2979599377484654,2.9104726633822002,0.0382,0.06472990294137695,LU
0.6241165389929896,0.2493,-0.7731,1.2979599377484654,3.399597695595107,-0.0034,0.0745437795658428,LU
0.6241165389929896,0.2493,-0.7731,1.2979599377484654,3.8295665381409183,-0.0815,0.10878800043185154,LU
0.6241165389929896,0.2493,-0.7731,1.2979599377484654,4.480445194770155,-0.0526,0.09281433492139685,LU
0.6241165389929896,0.2493,-0.7731,1.2979599377484654,5.011419731787382,-0.0727,0.07068088339841856,LU
0.6241165389929896,0.2493,-0.7731,1.2979599377484654,5.5719426930408735,-0.1293,0.034975021632592654,LU
0.6241165389929896,0.2493,-0.7731,1.2979599377484654,5.857782245956992,-0.1157,0.03445301492758136,LU
0.7234060641558137,0.2476,-0.7694,1.3926234236145822,0.45571943032973544,0.1146,0.056899669324171086,LU
0.7234060641558137,0.2476,-0.7694,1.3926234236145822,0.7455732405254417,0.1068,0.031529725944257764,LU
0.7234060641558137,0.2476,-0.7694,1.3926234236145822,1.2579879462769608,0.1998,0.062119814532892996,LU
0.7234060641558137,0.2476,-0.7694,1.3926234236145822,1.7814575675106121,0.1095,0.12778936345033448,LU
0.7234060641558137,0.2476,-0.7694,1.3926234236145822,2.3775119416762034,-0.007,0.14752152867212318,LU
0.7234060641558137,0.2476,-0.7694,1.3926234236145822,2.910881070427167,0.0975,0.07913751615384845,LU
0.7234060641558137,0.2476,-0.7694,1.3926234236145822,3.352835088946423,-0.0241,0.11818427715191507,LU
0.7234060641558137,0.2476,-0.7694,1.3926234236145822,3.8641048587086337,-0.0614,0.14898317273276207,LU
0.7234060641558137,0.2476,-0.7694,1.3926234236145822,4.539810823947491,-0.2148,0.10837039104497635,LU
0.7234060641558137,0.2476,-0.7694,1.3926234236145822,4.9873690946949,-0.1881,0.05992736338401845,LU
0.7234060641558137,0.2476,-0.7694,1.3926234236145822,5.552648078160076,-0.108,0.0352882222074491,LU
0.7234060641558137,0.2476,-0.7694,1.3926234236145822,5.827116810999452,-0.0685,0.05460279815669055,LU
0.8143182617873899,0.2494,-0.7689,1.482902559172382,0.4266666796010378,-0.0135,0.07370857257335064,LU
0.8143182617873899,0.2494,-0.7689,1.482902559172382,0.760864070102164,0.1061,0.029128455159860435,LU
0.8143182617873899,0.2494,-0.7689,1.482902559172382,1.2827314790824844,0.151,0.051157508502667814,LU
0.8143182617873899,0.2494,-0.7689,1.482902559172382,1.8223453958970834,0.1302,0.06775759556448623,LU
0.8143182617873899,0.2494,-0.7689,1.482902559172382,2.270196881958828,-0.0289,0.12497045655570699,LU
0.8143182617873899,0.2494,-0.7689,1.482902559172382,2.8842037128104336,0.071,0.16307757502588127,LU
0.8143182617873899,0.2494,-0.7689,1.482902559172382,3.45398215508725,0.0588,0.1622423625737742,LU
0.8143182617873899,0.2494,-0.7689,1.482902559172382,3.9602236312744656,-0.0692,0.11348612629224931,LU
0.8143182617873899,0.2494,-0.7689,1.482902559172382,4.4948371797821,-0.0692,0.07506581759177945,LU
0.8143182617873899,0.2494,-0.7689,1.482902559172382,4.989603116137453,-0.1171,0.049278243561232185,LU
0.8143182617873899,0.2494,-0.7689,1.482902559172382,5.523539476895315,-0.1529,0.032469349794539214,LU
0.8143182617873899,0.2494,-0.7689,1.482902559172382,5.883199475853786,-0.0654,0.07036768023746769,LU
0.5314150843338449,0.3516,-0.7752,1.4223571984561403,0.27681794601256066,0.1045,0.03758509940920997,LU
0.5314150843338449,0.3516,-0.7752,1.4223571984561403,0.7685313015061751,0.2138,0.05794371549186762,LU
0.5314150843338449,0.3516,-0.7752,1.4223571984561403,1.2999421708364005,0.2373,0.12653650684225792,LU
0.5314150843338449,0.3516,-0.7752,1.4223571984561403,1.8721605834075057,-0.0285,0.10461185800129026,LU
0.5314150843338449,0.3516,-0.7752,1.4223571984561403,2.365750167847014,0.1603,0.08519290140005799,LU
0.5314150843338449,0.3516,-0.7752,1.4223571984561403,2.8595945703573133,-0.0269,0.13593277781536736,LU
0.5314150843338449,0.3516,-0.7752,1.4223571984561403,3.495587313796291,-0.1743,0.1400045065489685,LU
0.5314150843338449,0.3516,-0.7752,1.4223571984561403,3.868637478776063,-0.0718,0.12831135492590576,LU
0.5314150843338449,0.3516,-0.7752,1.4223571984561403,4.497997971057462,-0.0514,0.09323192706740126,LU
0.5314150843338449,0.3516,-0.7752,1.4223571984561403,4.920556145599305,-0.0848,0.11087604161928856,LU
0.5314150843338449,0.3516,-0.7752,1.4223571984561403,5.569036719836302,-0.1852,0.060344959265557954,LU
0.5314150843338449,0.3516,-0.7752,1.4223571984561403,6.0002726714190615,-0.1362,0.033513388203824226,LU
0.6058475329993341,0.3597,-0.7684,1.536098955145794,0.30062423700976326,0.1271,0.036854283700542,LU
0.6058475329993341,0.3597,-0.7684,1.536098955145794,0.7556298276754331,0.2101,0.04687697823644405,LU
0.6058475329993341,0.3597,-0.7684,1.536098955145794,1.2037884916855288,0.2262,0.09782566825297015,LU
0.6058475329993341,0.3597,-0.7684,1.536098955145794,1.9025869082575226,0.1522,0.10910121393734097,LU
0.6058475329993341,0.3597,-0.7684,1.536098955145794,2.3424744569424174,0.1391,0.07840669757170127,LU
0.6058475329993341,0.3597,-0.7684,1.536098955145794,2.8563377859730923,-0.1059,0.15911027234518837,LU
0.6058475329993341,0.3597,-0.7684,1.536098955145794,3.5095482024829936,-0.2191,0.10273262351872786,LU
0.6058475329993341,0.3597,-0.7684,1.536098955145794,3.892274472835822,-0.1291,0.09281433664548641,LU
0.6058475329993341,0.3597,-0.7684,1.536098955145794,4.462047679124883,-0.108,0.09970493147031508,LU
0.6058475329993341,0.3597,-0.7684,1.536098955145794,5.022005153700729,-0.2486,0.10711755024103362,LU
0.6058475329993341,0.3597,-0.7684,1.536098955145794,5.553623717211941,-0.1517,0.04990467028485735,LU
0.6058475329993341,0.3597,-0.7684,1.536098955145794,5.973483612730201,-0.09,0.032886964066329155,LU
0.6927088520648956,0.3607,-0.7623,1.644810019424736,0.3496941689295839,0.1204,0.047085797009954085,LU
0.6927088520648956,0.3607,-0.7623,1.644810019424736,0.758705097817447,0.169,0.04176122258746916,LU
0.6927088520648956,0.3607,-0.7623,1.644810019424736,1.2623757040164747,0.1874,0.07631865466019694,LU
0.6927088520648956,0.3607,-0.7623,1.644810019424736,1.7839289537314362,0.3938,0.13081703366030195,LU
0.6927088520648956,0.3607,-0.7623,1.644810019424736,2.333983430131465,0.0446,0.11359053309285962,LU
0.6927088520648956,0.3607,-0.7623,1.644810019424736,2.8798665696192276,-0.0668,0.187925520033869,LU
0.6927088520648956,0.3607,-0.7623,1.644810019424736,3.5126269632835116,0.0624,0.13718564074509443,LU
0.6927088520648956,0.3607,-0.7623,1.644810019424736,3.8793590363710644,-0.2296,0.10669992390063313,LU
0.6927088520648956,0.3607,-0.7623,1.644810019424736,4.518346764806465,-0.2415,0.11839307063878496,LU
0.6927088520648956,0.3607,-0.7623,1.644810019424736,4.98756108091262,-0.2588,0.07506580207497976,LU
0.6927088520648956,0.3607,-0.7623,1.644810019424736,5.556109066066781,-0.2659,0.043118464445061414,LU
0.6927088520648956,0.3607,-0.7623,1.644810019424736,5.925038508682594,-0.1306,0.042074449885680036,LU
0.7827060003907799,0.3582,-0.7573,1.7423260314877924,0.4173082241518442,0.0056,0.09030863980816896,LU
0.7827060003907799,0.3582,-0.7573,1.7423260314877924,0.7680111933890807,0.1456,0.03852471952398356,LU
0.7827060003907799,0.3582,-0.7573,1.7423260314877924,1.280687698528399,0.208,0.06285065064325397,LU
0.7827060003907799,0.3582,-0.7573,1.7423260314877924,1.8072011739775287,0.164,0.08957781720315547,LU
0.7827060003907799,0.3582,-0.7573,1.7423260314877924,2.260791302619831,0.2557,0.16036310021847522,LU
0.7827060003907799,0.3582,-0.7573,1.7423260314877924,2.9085440745587463,0.2439,0.23250563802205265,LU
0.7827060003907799,0.3582,-0.7573,1.7423260314877924,3.4693969030408645,-0.2106,0.20369037740271403,LU
0.7827060003907799,0.3582,-0.7573,1.7423260314877924,3.9687356020364417,-0.477,0.15002720223426172,LU
0.7827060003907799,0.3582,-0.7573,1.7423260314877924,4.502797626500447,-0.3386,0.08780297659054627,LU
0.7827060003907799,0.3582,-0.7573,1.7423260314877924,4.9958409228840805,-0.1822,0.06086699010777616,LU
0.7827060003907799,0.3582,-0.7573,1.7423260314877924,5.535994146437546,-0.0855,0.040717185614936056,LU
0.7827060003907799,0.3582,-0.7573,1.7423260314877924,5.8633882435143985,-0.031,0.08561050877550172,LU
0.5691079773217839,0.446,-0.7955,1.6577997466521703,0.2227528817735323,0.004,0.057943704285281256,LU
0.5691079773217839,0.446,-0.7955,1.6577997466521703,0.7557328021013007,0.0843,0.09511119114678365,LU
0.5691079773217839,0.446,-0.7955,1.6577997466521703,1.2344242560457854,0.1787,0.18448021601244943,LU
0.5691079773217839,0.446,-0.7955,1.6577997466521703,1.8805451451340862,0.056,0.13760322570740266,LU
0.5691079773217839,0.446,-0.7955,1.6577997466521703,2.3242776541611248,-0.0853,0.10910119267359682,LU
0.5691079773217839,0.446,-0.7955,1.6577997466521703,2.6651596556973893,0.2943,0.6721467956915279,LU
0.5691079773217839,0.446,-0.7955,1.6577997466521703,3.619598193138244,0.1264,0.41625508171541326,LU
0.5691079773217839,0.446,-0.7955,1.6577997466521703,3.9301044843727997,-0.1062,0.16735810356801117,LU
0.5691079773217839,0.446,-0.7955,1.6577997466521703,4.4500049072861225,-0.1807,0.13687242896369364,LU
0.5691079773217839,0.446,-0.7955,1.6577997466521703,5.014207022602816,-0.1257,0.17748520806534862,LU
0.5691079773217839,0.446,-0.7955,1.6577997466521703,5.540334780287256,-0.2582,0.0947979793653861,LU
0.5691079773217839,0.446,-0.7955,1.6577997466521703,6.060195060627782,-0.1437,0.05387199480399919,LU
0.6551096970095822,0.4705,-0.7837,1.8268552214119214,0.25289471795547436,0.0295,0.05293235285078509,LU
0.6551096970095822,0.4705,-0.7837,1.8268552214119214,0.7740762125397611,0.1953,0.0692192353149045,LU
0.6551096970095822,0.4705,-0.7837,1.8268552214119214,1.2220428903321376,0.3252,0.10607350436070807,LU
0.6551096970095822,0.4705,-0.7837,1.8268552214119214,1.9132840312429957,0.0859,0.15159324160159962,LU
0.6551096970095822,0.4705,-0.7837,1.8268552214119214,2.302344101451312,0.078,0.11045844602510087,LU
0.6551096970095822,0.4705,-0.7837,1.8268552214119214,2.8366016027915397,0.4134,0.3718836850897509,LU
0.6551096970095822,0.4705,-0.7837,1.8268552214119214,3.5330124089468056,-0.1786,0.29754873435455914,LU
0.6551096970095822,0.4705,-0.7837,1.8268552214119214,3.902563188776329,-0.2401,0.13948249553374073,LU
0.6551096970095822,0.4705,-0.7837,1.8268552214119214,4.498247553140497,-0.5128,0.19074440106718732,LU
0.6551096970095822,0.4705,-0.7837,1.8268552214119214,5.06493327198278,-0.2971,0.11463455713475251,LU
0.6551096970095822,0.4705,-0.7837,1.8268552214119214,5.525972465872594,-0.2093,0.07151608981621659,LU
0.6551096970095822,0.4705,-0.7837,1.8268552214119214,6.026182084164918,-0.1538,0.046772565688880864,LU
0.7325796190353777,0.4847,-0.7702,1.960790656852485,0.26937760741130884,0.1372,0.04886063733518117,LU
0.7325796190353777,0.4847,-0.7702,1.960790656852485,0.7655206085464848,0.2251,0.05919655198558782,LU
0.7325796190353777,0.4847,-0.7702,1.960790656852485,1.2870180077253826,0.3121,0.0803903756354137,LU
0.7325796190353777,0.4847,-0.7702,1.960790656852485,1.778467818501946,0.2743,0.12570128778115233,LU
0.7325796190353777,0.4847,-0.7702,1.960790656852485,2.3485516933978614,-0.0817,0.2316704054555959,LU
0.7325796190353777,0.4847,-0.7702,1.960790656852485,2.8257665987951595,-0.5117,0.3277212181538756,LU
0.7325796190353777,0.4847,-0.7702,1.960790656852485,3.3570134071756974,-0.0052,0.38190636870644457,LU
0.7325796190353777,0.4847,-0.7702,1.960790656852485,3.9417824823978935,-0.3367,0.1950249367930202,LU
0.7325796190353777,0.4847,-0.7702,1.960790656852485,4.54999656546213,-0.1636,0.14177935463261473,LU
0.7325796190353777,0.4847,-0.7702,1.960790656852485,4.982340801119905,-0.2175,0.08571492074837511,LU
0.7325796190353777,0.4847,-0.7702,1.960790656852485,5.52729018945785,-0.1763,0.05940533426588184,LU
0.7325796190353777,0.4847,-0.7702,1.960790656852485,6.0010423616191915,-0.0864,0.047399001607641746,LU
0.7942482949118551,0.1337,-1.2751,1.0722872749408154,0.223452758803582,-0.0159,0.03132091981407955,LU
0.7942482949118551,0.1337,-1.2751,1.0722872749408154,0.7595027132856085,-0.0749,0.06838400907010371,LU
0.7942482949118551,0.1337,-1.2751,1.0722872749408154,1.2417947814769577,0.015,0.12330002303106079,LU
0.7942482949118551,0.1337,-1.2751,1.0722872749408154,1.8217380213173893,0.0998,0.16902855059800306,LU
0.7942482949118551,0.1337,-1.2751,1.0722872749408154,2.3870606380138644,-0.2329,0.12820697714743187,LU
0.7942482949118551,0.1337,-1.2751,1.0722872749408154,2.909882742095026,-0.0656,0.09615521346459113,LU
0.7942482949118551,0.1337,-1.2751,1.0722872749408154,3.2843291704763935,-0.2511,0.1737266968600973,LU
0.7942482949118551,0.1337,-1.2751,1.0722872749408154,3.9869358954762384,-0.1631,0.1282069774347801,LU
0.7942482949118551,0.1337,-1.2751,1.0722872749408154,4.473790254332301,-0.0589,0.1700726042367245,LU
0.7942482949118551,0.1337,-1.2751,1.0722872749408154,5.006805081245109,0.0554,0.11922829257336837,LU
0.7942482949118551,0.1337,-1.2751,1.0722872749408154,5.541998079064406,0.0339,0.07099409144429292,LU
0.7942482949118551,0.1337,-1.2751,1.0722872749408154,6.048639235650329,0.0034,0.03194733762991841,LU
0.7079930354338588,0.1757,-1.2751,1.1605602095539895,0.2047707544902347,-0.0252,0.031738531787088076,LU
0.7079930354338588,0.1757,-1.2751,1.1605602095539895,0.7589494439127262,0.1272,0.07193370868556773,LU
0.7079930354338588,0.1757,-1.2751,1.1605602095539895,1.266533078294725,-0.0313,0.14971398211978104,LU
0.7079930354338588,0.1757,-1.2751,1.1605602095539895,1.8059864248181403,0.128,0.1085791876926697,LU
0.7079930354338588,0.1757,-1.2751,1.1605602095539895,2.4241890271915403,-0.4638,0.2320880111069507,LU
0.7079930354338588,0.1757,-1.2751,1.1605602095539895,2.9011386425425347,-0.1155,0.10356783913165334,LU
0.7079930354338588,0.1757,-1.2751,1.1605602095539895,3.307590918746974,-0.0876,0.1429278007045524,LU
0.7079930354338588,0.1757,-1.2751,1.1605602095539895,4.005722619544706,-0.1212,0.14752152493660184,LU
0.7079930354338588,0.1757,-1.2751,1.1605602095539895,4.489379535211115,0.0564,0.11035404468409978,LU
0.7079930354338588,0.1757,-1.2751,1.1605602095539895,5.007194289668304,0.2056,0.14668632053024713,LU
0.7079930354338588,0.1757,-1.2751,1.1605602095539895,5.561880869903126,-0.0765,0.06452108215646855,LU
0.7079930354338588,0.1757,-1.2751,1.1605602095539895,6.055821265522285,0.0345,0.04134361147650341,LU
0.8130044975259771,0.1771,-1.2664,1.2485992151206888,0.24222028425027703,-0.0086,0.036436662245061306,LU
0.8130044975259771,0.1771,-1.2664,1.2485992151206888,0.7607122264572405,0.0012,0.07725825667203215,LU
0.8130044975259771,0.1771,-1.2664,1.2485992151206888,1.263518894676531,0.208,0.11714024966185349,LU
0.8130044975259771,0.1771,-1.2664,1.2485992151206888,1.804886867389384,-0.0258,0.17790283009553454,LU
0.8130044975259771,0.1771,-1.2664,1.2485992151206888,2.3870519113676045,-0.3071,0.21621875009832073,LU
0.8130044975259771,0.1771,-1.2664,1.2485992151206888,2.9237633456361367,-0.0004,0.10920560522116074,LU
0.8130044975259771,0.1771,-1.2664,1.2485992151206888,3.3262170725242575,0.0864,0.1760235628553186,LU
0.8130044975259771,0.1771,-1.2664,1.2485992151206888,3.94719649373758,0.145,0.13447116191482247,LU
0.8130044975259771,0.1771,-1.2664,1.2485992151206888,4.481916507329586,0.2855,0.17289148498269374,LU
0.8130044975259771,0.1771,-1.2664,1.2485992151206888,4.999766168371816,0.0404,0.112859709913149,LU
0.8130044975259771,0.1771,-1.2664,1.2485992151206888,5.549036991937699,-0.0888,0.07109849996900029,LU
0.8130044975259771,0.1771,-1.2664,1.2485992151206888,6.038788597352072,-0.0161,0.036749872015023076,LU
0.6208091292186333,0.2492,-1.3252,1.2942565433483426,0.23995659221044038,0.0234,0.031738531787088076,LU
0.6208091292186333,0.2492,-1.3252,1.2942565433483426,0.7506486579902412,0.008,0.05011346492112159,LU
0.6208091292186333,0.2492,-1.3252,1.2942565433483426,1.328099567658825,-0.0569,0.09396274536220255,LU
0.6208091292186333,0.2492,-1.3252,1.2942565433483426,1.79686707947647,-0.0713,0.10732635091160046,LU
0.6208091292186333,0.2492,-1.3252,1.2942565433483426,2.3516548888079076,0.0688,0.14083974170155444,LU
0.6208091292186333,0.2492,-1.3252,1.2942565433483426,2.91851514057539,-0.1076,0.121942780598771,LU
0.6208091292186333,0.2492,-1.3252,1.2942565433483426,3.3806818171619923,-0.1347,0.13426234457806888,LU
0.6208091292186333,0.2492,-1.3252,1.2942565433483426,3.9247306156059087,0.07,0.13154785770205543,LU
0.6208091292186333,0.2492,-1.3252,1.2942565433483426,4.4991621056685425,-0.1363,0.07851111500419049,LU
0.6208091292186333,0.2492,-1.3252,1.2942565433483426,4.9186694446779,0.1185,0.10022693989941069,LU
0.6208091292186333,0.2492,-1.3252,1.2942565433483426,5.5772799098934716,0.0353,0.06232864020272941,LU
0.6208091292186333,0.2492,-1.3252,1.2942565433483426,6.032461778813593,-0.0018,0.019105760623958447,LU
0.7226908287869094,0.2475,-1.3139,1.3916536925542935,0.27238306438324306,0.096,0.05470721386509031,LU
0.7226908287869094,0.2475,-1.3139,1.3916536925542935,0.755643790309449,0.0403,0.0559600299571223,LU
0.7226908287869094,0.2475,-1.3139,1.3916536925542935,1.23050773720431,0.0568,0.11943709784150358,LU
0.7226908287869094,0.2475,-1.3139,1.3916536925542935,1.8254992058554371,-0.0102,0.13019062130407094,LU
0.7226908287869094,0.2475,-1.3139,1.3916536925542935,2.3200958452733462,0.2477,0.15733541018150035,LU
0.7226908287869094,0.2475,-1.3139,1.3916536925542935,2.884146116945118,0.1798,0.1435542257040925,LU
0.7226908287869094,0.2475,-1.3139,1.3916536925542935,3.3553658163618145,0.0194,0.15618697502878176,LU
0.7226908287869094,0.2475,-1.3139,1.3916536925542935,3.8848568235148466,0.0004,0.11839307494900203,LU
0.7226908287869094,0.2475,-1.3139,1.3916536925542935,4.467884060143552,0.0144,0.10033134411389107,LU
0.7226908287869094,0.2475,-1.3139,1.3916536925542935,5.018242223833427,0.1692,0.13019061469507193,LU
0.7226908287869094,0.2475,-1.3139,1.3916536925542935,5.5599592623966805,-0.0936,0.0679664083036762,LU
0.7226908287869094,0.2475,-1.3139,1.3916536925542935,6.011858166993799,0.0013,0.03518383236033284,LU
0.8125489787646449,0.2505,-1.2899,1.4845538050202154,0.27447745948563623,-0.0033,0.027249199413560833,LU
0.8125489787646449,0.2505,-1.2899,1.4845538050202154,0.7569056633586408,0.1964,0.10168859545397028,LU
0.8125489787646449,0.2505,-1.2899,1.4845538050202154,1.2827244977654764,-0.0785,0.10074896269590218,LU
0.8125489787646449,0.2505,-1.2899,1.4845538050202154,1.802103067232453,0.3765,0.15629140021965918,LU
0.8125489787646449,0.2505,-1.2899,1.4845538050202154,2.330623671321376,-0.3321,0.21580114071144368,LU
0.8125489787646449,0.2505,-1.2899,1.4845538050202154,2.883053540833369,-0.1964,0.1695505650614056,LU
0.8125489787646449,0.2505,-1.2899,1.4845538050202154,3.396529406770101,-0.0998,0.24576480602462392,LU
0.8125489787646449,0.2505,-1.2899,1.4845538050202154,3.9141347217170512,-0.214,0.14209256813809842,LU
0.8125489787646449,0.2505,-1.2899,1.4845538050202154,4.5071190617283845,0.0148,0.14522465922872818,LU
0.8125489787646449,0.2505,-1.2899,1.4845538050202154,5.01808688953,0.0232,0.10074896212120613,LU
0.8125489787646449,0.2505,-1.2899,1.4845538050202154,5.550497832521619,-0.1046,0.05971855840323278,LU
0.8125489787646449,0.2505,-1.2899,1.4845538050202154,6.006578546006517,-0.0398,0.029337262152082447,LU
0.5306337478230386,0.3517,-1.3662,1.4215132781652096,0.2816664706746009,0.0532,0.05053108292843133,LU
0.5306337478230386,0.3517,-1.3662,1.4215132781652096,0.740553673596706,-0.0214,0.09103946701074431,LU
0.5306337478230386,0.3517,-1.3662,1.4215132781652096,1.3305831711844132,0.0557,0.08769857611158818,LU
0.5306337478230386,0.3517,-1.3662,1.4215132781652096,1.7683030209383308,0.1496,0.12006353433495572,LU
0.5306337478230386,0.3517,-1.3662,1.4215132781652096,2.3881270341868333,-0.0098,0.16934176898839837,LU
0.5306337478230386,0.3517,-1.3662,1.4215132781652096,2.71595397291818,0.2045,0.3792964024208433,LU
0.5306337478230386,0.3517,-1.3662,1.4215132781652096,3.5021916396858375,-0.4197,0.2954606664437768,LU
0.5306337478230386,0.3517,-1.3662,1.4215132781652096,3.9110472342702733,0.4188,0.19711300068093507,LU
0.5306337478230386,0.3517,-1.3662,1.4215132781652096,4.493207042260738,0.0051,0.10022695599090202,LU
0.5306337478230386,0.3517,-1.3662,1.4215132781652096,4.930188617741062,0.005,0.08487968387170622,LU
0.5306337478230386,0.3517,-1.3662,1.4215132781652096,5.593160660757368,0.0001,0.0815387938345914,LU
0.5306337478230386,0.3517,-1.3662,1.4215132781652096,5.991629800963185,-0.055,0.039464350845297445,LU
0.6058114636807336,0.3587,-1.3498,1.5339165557487147,0.33427767564671795,0.1169,0.10931002064221561,LU
0.6058114636807336,0.3587,-1.3498,1.5339165557487147,0.7476554183230709,0.1388,0.07318654431724608,LU
0.6058114636807336,0.3587,-1.3498,1.5339165557487147,1.3438441828410659,0.1084,0.0831048360754064,LU
0.6058114636807336,0.3587,-1.3498,1.5339165557487147,1.7951234955537276,0.2271,0.1092055997615529,LU
0.6058114636807336,0.3587,-1.3498,1.5339165557487147,2.342437805028126,0.0014,0.12162956105898416,LU
0.6058114636807336,0.3587,-1.3498,1.5339165557487147,2.736885706637348,-0.0879,0.3169676929672201,LU
0.6058114636807336,0.3587,-1.3498,1.5339165557487147,3.5236068296078082,0.0386,0.22530181589902915,LU
0.6058114636807336,0.3587,-1.3498,1.5339165557487147,3.9154262653635272,0.0055,0.15180204945586415,LU
0.6058114636807336,0.3587,-1.3498,1.5339165557487147,4.477572382821372,-0.0399,0.08498409555722768,LU
0.6058114636807336,0.3587,-1.3498,1.5339165557487147,4.907019371920837,-0.041,0.08989103042128786,LU
0.6058114636807336,0.3587,-1.3498,1.5339165557487147,5.5711346055972,-0.1868,0.07579661404813226,LU
0.6058114636807336,0.3587,-1.3498,1.5339165557487147,5.936316826308981,0.0279,0.06358147324827043,LU
0.6931603292323262,0.3582,-1.342,1.6396341055247663,0.37562976161421957,0.2476,0.1241352420921636,LU
0.6931603292323262,0.3582,-1.342,1.6396341055247663,0.756568814813006,-0.013,0.0669223698943808,LU
0.6931603292323262,0.3582,-1.342,1.6396341055247663,1.2549301294274666,0.1258,0.11828867504473987,LU
0.6931603292323262,0.3582,-1.342,1.6396341055247663,1.8314560145924939,-0.0489,0.12340442896962993,LU
0.6931603292323262,0.3582,-1.342,1.6396341055247663,2.33246499368223,-0.3814,0.13624598528654927,LU
0.6931603292323262,0.3582,-1.342,1.6396341055247663,2.8371339282133983,0.0575,0.17080340212982248,LU
0.6931603292323262,0.3582,-1.342,1.6396341055247663,3.510022932039536,-0.5074,0.24409436273015434,LU
0.6931603292323262,0.3582,-1.342,1.6396341055247663,3.8925048562970854,-0.1502,0.14407622005314116,LU
0.6931603292323262,0.3582,-1.342,1.6396341055247663,4.460059749106861,-0.0334,0.08895140628365762,LU
0.6931603292323262,0.3582,-1.342,1.6396341055247663,5.009690110498656,-0.1982,0.12110756354910615,LU
0.6931603292323262,0.3582,-1.342,1.6396341055247663,5.552114007408966,-0.0508,0.069219228993251,LU
0.6931603292323262,0.3582,-1.342,1.6396341055247663,5.91759642475209,-0.0251,0.0232818823654793,LU
0.7837545968879345,0.3558,-1.3395,1.7376420805217627,0.35692157736209235,-0.0562,0.09824327131820289,LU
0.7837545968879345,0.3558,-1.3395,1.7376420805217627,0.7513555163372989,0.0906,0.06191101759783956,LU
0.7837545968879345,0.3558,-1.3395,1.7376420805217627,1.2824347731096455,0.1353,0.11651380828348995,LU
0.7837545968879345,0.3558,-1.3395,1.7376420805217627,1.827686103408186,0.2028,0.221230082855207,LU
0.7837545968879345,0.3558,-1.3395,1.7376420805217627,2.326061380656663,0.0643,0.19418971112291514,LU
0.7837545968879345,0.3558,-1.3395,1.7376420805217627,2.8906928469693485,-0.0501,0.15148884658224845,LU
0.7837545968879345,0.3558,-1.3395,1.7376420805217627,3.394447228972472,0.1574,0.2057784481869775,LU
0.7837545968879345,0.3558,-1.3395,1.7376420805217627,3.8867260711437326,-0.1248,0.16067632837870527,LU
0.7837545968879345,0.3558,-1.3395,1.7376420805217627,4.486534648530363,-0.0807,0.18500223622280973,LU
0.7837545968879345,0.3558,-1.3395,1.7376420805217627,5.013453040365956,-0.2338,0.12403085598060913,LU
0.7837545968879345,0.3558,-1.3395,1.7376420805217627,5.550042301586849,-0.0459,0.0698456525560471,LU
0.7837545968879345,0.3558,-1.3395,1.7376420805217627,5.915088386616975,-0.0252,0.07360416577273524,LU
0.5671707272002466,0.4471,-1.3234,1.657015389186232,0.3121207207926499,-0.0425,0.06619154958814973,LU
0.5671707272002466,0.4471,-1.3234,1.657015389186232,0.7299036745010365,0.1501,0.09751245158666416,LU
0.5671707272002466,0.4471,-1.3234,1.657015389186232,1.3359483133050436,0.0409,0.10544709688938818,LU
0.5671707272002466,0.4471,-1.3234,1.657015389186232,1.843666338039446,0.0252,0.14804353422774588,LU
0.5671707272002466,0.4471,-1.3234,1.657015389186232,2.298994814616735,0.0404,0.16788012320367282,LU
0.5671707272002466,0.4471,-1.3234,1.657015389186232,0.0,0.0,0.0,LU
0.5671707272002466,0.4471,-1.3234,1.657015389186232,3.646176066987614,-1.0578,1.0203310617278127,LU
0.5671707272002466,0.4471,-1.3234,1.657015389186232,3.9838414267124524,0.0931,0.2232137482755941,LU
0.5671707272002466,0.4471,-1.3234,1.657015389186232,4.4732404756179225,-0.126,0.1193326976498914,LU
0.5671707272002466,0.4471,-1.3234,1.657015389186232,4.928006956176069,-0.1241,0.12089875569483949,LU
0.5671707272002466,0.4471,-1.3234,1.657015389186232,5.550145276012716,-0.0403,0.09793006700784383,LU
0.5671707272002466,0.4471,-1.3234,1.657015389186232,5.973082187002242,-0.0489,0.04823422411691499,LU
0.6506842432502338,0.4759,-1.321,1.8310925700247926,0.32374461361093215,0.1444,0.08091238435184667,LU
0.6506842432502338,0.4759,-1.321,1.8310925700247926,0.7613300730124465,0.3425,0.08216521165043028,LU
0.6506842432502338,0.4759,-1.321,1.8310925700247926,1.2310226093336485,0.1459,0.14491144055098723,LU
0.6506842432502338,0.4759,-1.321,1.8310925700247926,1.866818130567151,-0.0486,0.11202448567978396,LU
0.6506842432502338,0.4759,-1.321,1.8310925700247926,2.313683505601519,0.0564,0.12601450904503453,LU
0.6506842432502338,0.4759,-1.321,1.8310925700247926,2.828834887620165,0.1565,0.38284595893708867,LU
0.6506842432502338,0.4759,-1.321,1.8310925700247926,3.5578746241414647,-0.3586,0.45686792748189187,LU
0.6506842432502338,0.4759,-1.321,1.8310925700247926,3.967974638482572,-0.0571,0.13614159256597605,LU
0.6506842432502338,0.4759,-1.321,1.8310925700247926,4.444299425961352,-0.1299,0.11202449257613341,LU
0.6506842432502338,0.4759,-1.321,1.8310925700247926,5.009622042657828,0.0296,0.1437630237885254,LU
0.6506842432502338,0.4759,-1.321,1.8310925700247926,5.526286625137954,-0.1705,0.0799727515937783,LU
0.6506842432502338,0.4759,-1.321,1.8310925700247926,5.947338580535326,-0.0394,0.06358147554705663,LU
0.7265082757432514,0.4962,-1.31,1.9756770991232349,0.3406585993920092,0.2013,0.07506580523580644,LU
0.7265082757432514,0.4962,-1.31,1.9756770991232349,0.7557520007230726,0.0446,0.07621424843427535,LU
0.7265082757432514,0.4962,-1.31,1.9756770991232349,1.2438525246650587,0.3466,0.11484337648293126,LU
0.7265082757432514,0.4962,-1.31,1.9756770991232349,1.8140131940480624,0.2457,0.16067630768965627,LU
0.7265082757432514,0.4962,-1.31,1.9756770991232349,2.3076743369869024,0.1205,0.14981839955225798,LU
0.7265082757432514,0.4962,-1.31,1.9756770991232349,2.8708205281061407,0.2041,0.24962772029496413,LU
0.7265082757432514,0.4962,-1.31,1.9756770991232349,3.4271686617888615,0.0478,0.3136267994819333,LU
0.7265082757432514,0.4962,-1.31,1.9756770991232349,3.974743025321806,-0.338,0.1431366030992073,LU
0.7265082757432514,0.4962,-1.31,1.9756770991232349,4.431462529312935,-0.3501,0.1227780111537914,LU
0.7265082757432514,0.4962,-1.31,1.9756770991232349,5.024436397348756,-0.2659,0.13186107436836741,LU
0.7265082757432514,0.4962,-1.31,1.9756770991232349,5.5360290530225855,-0.2546,0.07287334374241534,LU
0.7265082757432514,0.4962,-1.31,1.9756770991232349,5.915282118163946,-0.13,0.0778846750625667,LU
